tree
version=v4
num_class=1
num_tree_per_iteration=1
label_index=0
max_feature_idx=26
objective=binary sigmoid:1
feature_names=inning is_top outs on1 on2 on3 score_diff abs_score_diff extra outs_remaining_home outs_remaining_away elo_diff home_sp_k home_sp_bb home_sp_hr away_sp_k away_sp_bb away_sp_hr pitcher_pitches pitcher_tto starter_in pitcher_k pitcher_bb pitcher_hr batter_obp batter_hr pitching_team_home
monotone_constraints=0 0 0 0 0 0 1 0 0 0 0 1 0 0 0 0 0 0 0 0 0 0 0 0 0 0 0
feature_infos=[1:18] [0:1] [0:2] [0:1] [0:1] [0:1] [-25:21] [0:25] [0:1] [1:27] [0:27] [-118.79787107258926:200.38676241480562] [0.13730225111273647:0.39616332163783469] [0.043204567196434999:0.15703267542235749] [0.012532836061040366:0.062383260708265199] [0.13750147785140426:0.39727532163793888] [0.043140770638179796:0.15450018335050425] [0.011885144274940088:0.061342650564713504] [0:123] [1:4] [0:1] [0.13730225111273647:0.39727532163793888] [0.042338689353880028:0.19160110193105828] [0.010388777058259396:0.062383260708265199] [0.23349280153291499:0.43402015413910888] [0.0047715435976327519:0.075645715443541484] [0:1]
tree_sizes=3487 3544 3546 3541 3547 3543 3555 3569 3547 3573 3558 3559 3555 3550 3564 3562 3553 3566 3560 3557 3552 3535 3562 3560 3569 3560 3549 3586 3561 3561 3604 3553 3559 3555 3573 3556 3558 3571 3575 3565 3568 3558 3563 3558 3565 3559 3562 3586 3574 3568 3569 3574 3563 3576 3568 3587 3567 3579 3589 3588 3575 3576 3579 3566 3578 3576 3593 3570 3583 3584 3602 3579 3601 3595 3589 3577 3579 3567 3587 3597 3574 3583 3590 3559 3592 3591 3589 3578 3612 3588 3604 3600 3595 3627 3602 3597 3623 3605 3591 3603 3599 3606 3597 3597 3590 3609 3601 3607 3613 3613 3613 3592 3596 3614 3607 3602 3600 3621 3610 3613 3607 3624 3595 3618 3624 3613 3616 3633 3599 3588 3587 3615 3643 3623 3578 3632 3638 3622 3616 3621 3610 3634 3629 3621 3616 3629 3596 3634 3638 3623 3545 3612 3602 3606 3567 3597 3580 3606 3621 3617 3607 3602 3571 3640 3539 3593 3611 3547 3637 3549 3637 3575 3597 3518 3542 3580 3583 3602 3558 3617 3529 3609 3617 3614 3527 3522 3615 3542 3509 3557 3639 3511 3523 3608 3515 3543 3595 3551 3550 3556 3542 3596 3575 3588 3587 3603 3610 3539 3509 3590 3518 3534 3625 3519 3520 3545 3538 3539 3631 3532 3532 3564 3569 3564 3526

Tree=0
num_leaves=31
num_cat=0
split_feature=6 6 6 6 9 11 6 6 0 11 10 10 11 6 11 11 1 9 6 17 9 6 11 6 9 9 11 10 11 16
split_gain=152170 34257 11805.9 5434.39 2091.77 1934.52 1420.7 963.886 942.469 824.412 695.236 615.882 579.482 504.23 491.876 345.349 269.182 249.535 237.503 230.137 170.013 144.514 124.265 123.082 122.948 119.673 117.623 111.029 107.828 94.9279
threshold=-1.0000000180025095e-35 1.5000000000000002 -2.4999999999999996 1.0000000180025095e-35 7.5000000000000009 21.066316802066698 3.5000000000000004 -1.4999999999999998 5.5000000000000009 26.779111194354986 10.500000000000002 10.500000000000002 56.976750840393954 -4.4999999999999991 26.779111194354986 46.79971808462745 1.0000000180025095e-35 13.500000000000002 -3.4999999999999996 0.034676938109219672 16.500000000000004 2.5000000000000004 19.37686623159971 -1.4999999999999998 4.5000000000000009 7.5000000000000009 -10.102812500433286 13.500000000000002 59.748767575844234 0.080479792829384916
decision_type=2 2 2 2 2 2 2 2 2 2 2 2 2 2 2 2 2 2 2 2 2 2 2 2 2 2 2 2 2 2
left_child=2 3 8 5 23 16 10 17 13 -9 -3 -5 19 -1 -13 21 29 -6 -10 -7 -11 -12 -15 -4 -25 -20 -19 -8 -16 -2
right_child=1 6 4 11 7 12 27 9 18 20 15 14 -14 22 28 -17 -18 26 25 -21 -22 -23 -24 24 -26 -27 -28 -29 -30 -31
leaf_value=0.0073984864000442158 0.057520114764452276 0.11063714790905996 0.02313966022506235 0.090883183012310215 0.026314360468408522 0.064632314484693143 0.11825282156819286 0.039483782378599987 0.002884643434414684 0.047194386214766307 0.091623215340865927 0.076296580004776793 0.076296580004776793 0.01663846420226401 0.083637034597000975 0.10607597901876265 0.055504032775095268 0.029295095157686482 0.0069235221562024968 0.071736358812965112 0.055504032775095268 0.10062285857931719 0.02313966022506235 0.025852063954134079 0.034791696818977792 0.016288230966997351 0.038839111931891296 0.11212700627541389 0.090883183012310215 0.064632314484693143
leaf_weight=3339.7769965529442 2436.8983065634966 8601.4492958635092 3103.5050074160099 5579.3657138794661 3054.8020075410604 9320.755140170455 11483.418093591928 7618.6477342844009 11766.894528761506 3144.465479105711 4079.0635587573051 4492.664419233799 10428.436188608408 3010.8444281667471 2994.1105769276619 4370.0327631384134 8845.4638131856918 1515.7872114926577 2554.5347831845284 3712.6671443134546 4400.7531169056892 2561.0285165011883 3586.039344638586 2239.0891993790865 1786.2761800289154 2175.900179028511 5227.7050788849592 3739.1415955275297 2880.7200028598309 4681.7319623380899
leaf_count=13372 9757 34439 12426 22339 12231 37319 45978 30504 47113 12590 16332 17988 41754 12055 11988 17497 35416 6069 10228 14865 17620 10254 14358 8965 7152 8712 20931 14971 11534 18745
internal_value=0.0621194 0.0865611 0.024447 0.0718972 0.0366785 0.0659196 0.109869 0.0407799 0.00960081 0.0455226 0.104519 0.0866736 0.0714009 0.0169266 0.0818904 0.0995057 0.0578638 0.0334449 0.00519437 0.0671761 0.0525882 0.0951697 0.0217654 0.0231397 0.0285645 0.0109624 0.0366847 0.116755 0.087725 0.0623246
internal_weight=148732 90206.9 58525 55372.8 32091 39426 34834.1 24962.2 26434 15163.9 19611.6 15946.9 23461.9 9936.66 10367.5 11010.1 15964.1 9798.29 16497.3 13033.4 7545.22 6640.09 6596.88 7128.87 4025.37 4730.43 6743.49 15222.6 5874.83 7118.63
internal_count=595502 361176 234326 221705 128488 157856 139471 99945 105838 60714 78522 63849 93938 39785 41510 44083 63918 39231 66053 52184 30210 26586 26413 28543 16117 18940 27000 60949 23522 28502
is_linear=0
shrinkage=1


Tree=1
num_leaves=31
num_cat=0
split_feature=6 6 6 6 10 11 6 10 11 6 10 10 11 6 11 6 11 1 17 6 11 6 6 10 15 10 11 16 10 11
split_gain=143038 32309.9 11006.7 5329.6 1892.29 1742.8 1328.36 878.401 837.185 691.365 666.774 553.001 530.734 476.353 466.897 368.413 345.189 231.187 218.821 194.074 186.223 158.957 132.282 122.897 108.666 105.285 103.034 94.2239 91.5688 91.2494
threshold=-1.0000000180025095e-35 1.5000000000000002 -2.4999999999999996 1.0000000180025095e-35 8.5000000000000018 21.066316802066698 3.5000000000000004 11.500000000000002 10.006833685843278 -1.4999999999999998 10.500000000000002 10.500000000000002 56.976750840393954 -3.4999999999999996 26.779111194354986 -1.4999999999999998 46.79971808462745 1.0000000180025095e-35 0.034676938109219672 -3.4999999999999996 57.441021740405183 -5.4999999999999991 2.5000000000000004 5.5000000000000009 0.23309230848748858 14.500000000000002 59.748767575844234 0.080479792829384916 5.5000000000000009 -74.452390274339777
decision_type=2 2 2 2 2 2 2 2 2 2 2 2 2 2 2 2 2 2 2 2 2 2 2 2 2 2 2 2 2 2
left_child=2 3 7 5 15 17 10 19 29 -10 -3 -5 18 21 -13 -4 22 27 -7 -1 -11 -9 -12 -17 -14 -8 -16 -2 -21 -6
right_child=1 6 4 11 8 12 25 13 9 20 16 14 24 -15 26 23 -18 -19 -20 28 -22 -23 -24 -25 -26 -27 -28 -29 -30 -31
leaf_value=-0.057476398656088376 -0.0047889531246464393 0.047130275541115402 -0.037813257712826683 0.027917013409732006 -0.037813257712826683 0.00233436695218748 0.054452307774506242 -0.056312545643627539 -0.021854600442334844 -0.013875884075587213 0.028493240663073665 0.013789659029339801 0.013789659029339801 -0.037813257712826683 0.021095327503443121 -0.032927237757288244 0.042824692212788333 -0.0064521338720765079 0.0092508103342042718 -0.05373825810599997 -0.0064521338720765079 -0.046017264646532004 0.037300059769389764 -0.023308668184304781 0.0092508103342042718 0.048308503196951409 0.027917013409732006 0.00233436695218748 -0.045682812618612477 -0.027104763542041936
leaf_weight=11364.726291283965 2431.2385372966528 8616.854347884655 4127.1575819551945 5602.4234700202942 400.8758399784565 9258.3277509212494 11677.231981009245 2151.9723839014769 5627.6512748748064 5810.8989318758249 4041.7616524547338 4528.9059431552887 7246.698854804039 4463.0388843417168 3002.995267957449 3420.5188084989786 4367.452816516161 8898.3947920948267 3749.9235175549984 2188.4737806022167 3283.4740269631147 3966.9850327670574 2541.0624712705612 1880.211979329586 3156.653932929039 3441.671179831028 2898.2611975073814 4710.0793424248695 2330.6153959780931 7509.2257713973522
leaf_count=45459 9733 34573 16511 22456 1604 37072 46872 8608 22518 23257 16201 18142 29029 17854 12033 13685 17519 35621 15019 8754 13143 15869 10190 7524 12645 13810 11617 18860 9323 30047
internal_value=-4.3914e-05 0.0236609 -0.0365652 0.00946147 -0.0247422 0.00353373 0.0463726 -0.0508844 -0.0200348 -0.0158015 0.0412002 0.0240456 0.00875254 -0.0441633 0.0194971 -0.0360357 0.0362661 -0.00408381 0.00471196 -0.0553559 -0.010549 -0.0496552 0.0319031 -0.0295255 0.0137897 0.0530603 0.0251392 8.15914e-06 -0.0500001 -0.0279077
internal_weight=148696 90169.9 58525.8 55483.9 32060 39451.3 34686 26465.8 22632.1 14722 19567.1 16032.6 23411.6 10582 10430.2 9427.89 10950.3 16039.7 13008.3 15883.8 9094.37 6118.96 6582.82 5300.73 10403.4 15118.9 5901.26 7141.32 4519.09 7910.1
internal_count=595548 361392 234156 222227 128289 157979 139165 105867 90569 58918 78483 64248 93765 42331 41792 37720 43910 64214 52091 63536 36400 24477 26391 21209 41674 60682 23650 28593 18077 31651
is_linear=0
shrinkage=0.03


Tree=2
num_leaves=31
num_cat=0
split_feature=6 6 6 6 9 11 6 9 11 6 10 11 6 11 10 6 10 11 1 17 6 9 11 6 6 9 11 9 15 11
split_gain=135129 30620 10338.2 4931.77 1920.62 1674.56 1312.13 872.483 803.579 675.807 567.201 538.634 449.433 409.097 388.866 364.212 337.789 246.075 232.489 225.436 217.815 206.351 181.916 163.043 139.743 115.792 98.4378 91.3657 90.5058 87.2535
threshold=-1.0000000180025095e-35 1.5000000000000002 -2.4999999999999996 1.0000000180025095e-35 9.5000000000000018 21.066316802066698 2.5000000000000004 12.500000000000002 10.006833685843278 -1.4999999999999998 10.500000000000002 56.976750840393954 -3.4999999999999996 26.779111194354986 9.5000000000000018 -1.4999999999999998 10.500000000000002 26.779111194354986 1.0000000180025095e-35 0.034676938109219672 -3.4999999999999996 4.5000000000000009 57.441021740405183 4.5000000000000009 -5.4999999999999991 7.5000000000000009 59.748767575844234 18.500000000000004 0.23309230848748858 -74.452390274339777
decision_type=2 2 2 2 2 2 2 2 2 2 2 2 2 2 2 2 2 2 2 2 2 2 2 2 2 2 2 2 2 2
left_child=2 3 7 5 15 18 14 20 29 -10 -5 19 24 -12 -3 -4 -8 -16 27 -7 -1 -17 -11 -18 -9 -22 -15 -2 -13 -6
right_child=1 6 4 10 8 11 16 12 9 22 13 28 -14 26 17 21 23 -19 -20 -21 25 -23 -24 -25 -26 -27 -28 -29 -30 -31
leaf_value=-0.055747513488687568 0.0024240156063963011 0.043206805385745971 -0.036607916977712075 0.027270933207696472 -0.036607916977712075 0.0024240156063963011 0.052612523391607401 -0.05439807289808337 -0.020797299208466645 -0.012991032647983047 0.013488635107808561 0.013488635107808561 -0.036607916977712075 0.020176530833653821 0.027270933207696472 -0.032603670840201597 0.043206805385745971 0.037394626014716971 -0.0061150572597695931 0.0090658221103473383 -0.051886576763047081 -0.023545580392205497 -0.0061150572597695931 0.050809125317545063 -0.04436851423767238 -0.04279635129096044 0.027270933207696472 -0.0027941837359879767 0.0090658221103473383 -0.026001462769379483
leaf_weight=11725.578211948276 2895.1724292933941 4654.9736449718475 4358.2989335954189 5575.0560799390078 400.99628184735775 9258.8659438043833 12969.395248994231 1975.8179631829262 5469.6844414919615 5659.0686268657446 4532.2982820570469 7223.5842871516943 4228.9130061417818 2979.07322730124 2949.570387750864 2244.2219087779522 6778.434931948781 4073.1687186807394 8835.4341307878494 3734.3733017444611 2571.655432343483 3388.5261292308569 3222.7690193653107 3322.5899133384228 3755.5833158046007 2182.2996263951063 2875.8410736322403 4270.0816875547171 3172.4421956241131 7307.2972146570683
leaf_count=46937 11592 18736 17434 22379 1604 37077 52247 7908 21880 22643 18166 28953 16917 11949 11842 8977 27269 16374 35363 14962 10292 13555 12898 13382 15026 8731 11544 17097 12713 29230
internal_value=0.000113169 0.0231635 -0.0353936 0.00930615 -0.0239358 0.00360525 0.0452357 -0.0492801 -0.0189904 -0.0147904 0.023372 0.00872105 -0.0422457 0.0187482 0.0370258 -0.0348489 0.0493878 0.0325356 -0.00387302 0.00464301 -0.053526 -0.0285994 -0.0095341 0.0452378 -0.0478438 -0.0480256 0.0240714 0.000243229 0.0134886 -0.0268042
internal_weight=148591 90100.4 58490.7 55352.2 32050.9 39390 34748.1 26439.8 22059.8 14351.5 15962.3 23389.3 9960.31 10387.2 11677.7 9991.05 23070.4 7022.74 16000.7 12993.2 16479.5 5632.75 8881.84 10101 5731.4 4753.96 5854.91 7165.25 10396 7708.29
internal_count=595677 361645 234032 221795 128221 157757 139850 105811 88255 57421 64038 93705 39851 41659 46952 39966 92898 28216 64052 52039 65960 22532 35541 40651 22934 19023 23493 28689 41666 30834
is_linear=0
shrinkage=0.03


Tree=3
num_leaves=31
num_cat=0
split_feature=6 6 6 6 9 11 6 6 9 11 10 6 10 11 11 11 1 9 1 9 11 6 11 6 15 10 11 0 6 13
split_gain=126754 29167.2 9769.1 4587.15 1895.77 1575.13 1221.56 872.214 836.469 707.11 603.185 598.866 574.445 481.995 397.285 304.187 224.694 217.412 159.196 143.803 140.123 122.263 111.172 101.092 96.7224 89.265 88.7791 86.0555 84.7123 94.299
threshold=-1.0000000180025095e-35 1.5000000000000002 -2.4999999999999996 1.0000000180025095e-35 7.5000000000000009 21.066316802066698 3.5000000000000004 -1.4999999999999998 10.500000000000002 26.779111194354986 9.5000000000000018 -4.4999999999999991 10.500000000000002 56.976750840393954 26.779111194354986 46.79971808462745 1.0000000180025095e-35 13.500000000000002 1.0000000180025095e-35 16.500000000000004 19.37686623159971 2.5000000000000004 -10.805339172202819 -4.4999999999999991 0.23309230848748858 14.500000000000002 59.748767575844234 3.5000000000000004 -1.4999999999999998 0.069849350354847531
decision_type=2 2 2 2 2 2 2 2 2 2 2 2 2 2 2 2 2 2 2 2 2 2 2 2 2 2 2 2 2 2
left_child=2 3 8 5 28 16 10 17 23 -9 -3 -10 -5 18 -14 21 27 -6 -7 -11 -13 -12 -19 -1 -15 -8 -16 -2 -4 -30
right_child=1 6 4 12 7 13 25 9 11 19 15 20 14 24 26 -17 -18 22 -20 -21 -22 -23 -24 -25 -26 -27 -28 -29 29 -31
leaf_value=-0.055859286914510399 -0.0027385635421716967 0.044804220843553864 -0.035546395837368329 0.026492082225437731 -0.032898502804653215 0.0081840747893687817 0.051795593454840069 -0.020520055188839655 -0.051047983295216696 -0.013286443104333807 0.027376116496332842 -0.042071900962844654 0.012967617743507281 0.012967617743507281 0.019476816171188883 0.04066944322113767 -0.0059672283494251743 -0.030541570960751371 0.0022689238748850073 -0.0059672283494251743 -0.035546395837368329 0.035628740019455138 -0.021174016030629177 -0.050477464187940184 0.0087443999483860814 0.046105604290616373 0.026492082225437731 0.0022689238748850073 -0.018713698014657054 -0.032553315116112813
leaf_weight=6637.7762430906296 4261.9576789587736 8097.572822779417 3112.9530051350594 5533.9283072948456 3070.3828162401915 5976.8752538561821 11610.471721634269 7599.1269698143005 4691.8218696415424 3128.5337434858084 4198.7005975693464 3858.7210235744715 4500.4193939268589 7259.2637481540442 2975.8772663772106 4510.8226307183504 8852.1695367991924 1473.9934922158718 7013.8877931237221 4384.3130087405443 4503.0959960669279 2628.3200138509274 5256.6798198074102 6704.0377309173346 3140.9655480384827 3413.0983842015266 2870.6600332260132 2870.977363049984 517.6201659142971 3531.0805617719889
leaf_count=26632 17063 32732 12460 22254 12285 23942 47028 30398 18814 12516 16892 15454 18050 29115 11950 18205 35425 5897 28096 17543 18031 10601 21027 26883 12592 13800 11544 11496 2071 14128
internal_value=1.74394e-05 0.0224163 -0.0343508 0.00890772 -0.0232243 0.00341795 0.0440764 -0.0192965 -0.0478684 -0.0147725 0.0390992 -0.0424497 0.0225173 0.00837782 0.01787 0.0346054 -0.00383998 -0.0262677 0.00452118 -0.00822217 -0.0376142 0.030588 -0.0232339 -0.053163 0.0129676 0.0505092 0.023152 0.000236997 -0.0355464 -0.0307941
internal_weight=148186 89716 58470.1 55257 32074.7 39376.1 34459 24913 26395.5 15112 19435.4 13053.6 15880.9 23391 10347 11337.8 15985.1 9801.06 12990.8 7512.85 8361.82 6827.02 6730.67 13341.8 10400.2 15023.6 5846.54 7132.94 7161.65 4048.7
internal_count=594924 360785 234139 221527 128325 157729 139258 99666 105814 60457 78430 52299 63798 93745 41544 45698 63984 39209 52038 30059 33485 27493 26924 53515 41707 60828 23494 28559 28659 16199
is_linear=0
shrinkage=0.03


Tree=4
num_leaves=31
num_cat=0
split_feature=6 6 6 6 0 11 6 0 11 10 6 10 11 6 11 6 11 17 1 6 9 11 15 6 9 13 11 16 11 10
split_gain=120215 27365.1 9184.07 4558.67 1814.64 1522.4 1201.83 809.432 668.227 577.306 559.421 522.051 472.177 437.049 364.82 312.289 303.454 249.331 211.278 190.632 185.915 175.801 151.363 109.715 106.613 106.161 100.71 99.1273 90.766 86.1547
threshold=-1.0000000180025095e-35 1.5000000000000002 -2.4999999999999996 1.0000000180025095e-35 6.5000000000000009 21.066316802066698 3.5000000000000004 5.5000000000000009 10.006833685843278 9.5000000000000018 -1.4999999999999998 10.500000000000002 83.147873333427597 -4.4999999999999991 26.779111194354986 -1.4999999999999998 46.79971808462745 0.034676938109219672 1.0000000180025095e-35 -3.4999999999999996 4.5000000000000009 58.260641633103553 0.19293160176256482 2.5000000000000004 7.5000000000000009 0.0694997121821712 19.37686623159971 0.080479792829384916 58.260641633103553 10.500000000000002
decision_type=2 2 2 2 2 2 2 2 2 2 2 2 2 2 2 2 2 2 2 2 2 2 2 2 2 2 2 2 2 2
left_child=2 3 7 5 8 18 9 13 -4 -3 -10 -5 17 -1 -13 -6 23 22 27 -9 -17 -12 -7 -11 -21 -24 -15 -2 -16 -8
right_child=1 6 4 11 15 12 29 19 10 16 21 14 -14 26 28 20 -18 -19 -20 24 -22 -23 25 -25 -26 -27 -28 -29 -30 -31
leaf_value=-0.048701300602336017 -0.0047835100076737743 0.043620763680994608 -0.024999823035591982 0.025832940237820387 -0.034621636725032413 0.0092949023168677879 0.051162396178119025 -0.052745648957495297 -0.019523014596952118 0.026502805121730727 -0.012623216402320187 0.01282896253394622 0.01282896253394622 -0.040262612239835696 0.018961037367965245 -0.030967172984955486 0.039623946135882798 0.0092949023168677879 -0.0058159547014809115 -0.049129017500798761 -0.022501011103026956 -0.0058159547014809115 0.0092949023168677879 0.034393518787876567 -0.04047896011022499 0.0021973405797968289 -0.034621636725032413 0.0021973405797968289 0.025832940237820387 0.046341585063051575
leaf_weight=3324.1460505723953 2439.3772765547037 8040.3572592735291 7704.2219382226467 5563.7278502434492 4386.9188430607319 1653.1182026565075 9122.0028513371944 11689.353333592415 5461.3749249279499 4199.6660901755095 5727.1436839103699 4468.5596450418234 4826.2302517741919 3025.7124721705914 2878.9692298173904 2242.6955105960369 4492.7345568537712 5666.6221112757921 8903.4575910866261 2572.1322840452194 3413.4654639363289 3192.660724952817 1505.8957787901163 2618.5115160942078 2175.1131906807423 9743.5644455105066 3618.4792206585407 4716.1520057916641 2973.7547967582941 5796.9534479379654
leaf_count=13368 9764 32666 30831 22421 17579 6626 37193 47069 21851 16934 22910 17935 19367 12137 11576 8982 18209 22725 35626 10345 13659 12774 6035 10599 8730 39046 14505 18885 11983 23586
internal_value=-1.81843e-05 0.0218233 -0.0334552 0.00877649 -0.0226799 0.00331258 0.0428894 -0.0465634 -0.0178692 0.0379459 -0.0140462 0.0223453 0.00819468 -0.0397959 0.0178104 -0.0332534 0.0335531 0.00576084 -0.0038 -0.0506623 -0.0273127 -0.00928218 0.0033471 0.0295424 -0.0455124 0.00219734 -0.0353271 0.000158613 0.0228235 0.0492957
internal_weight=148143 89609.7 58533.4 55339.4 32128.5 39454.4 34270.2 26404.9 22085.4 19351.3 14381.2 15885 23395.4 9968.34 10321.3 10043.1 11310.9 18569.2 16059 16436.6 5656.16 8919.8 12902.6 6818.18 4747.25 11249.5 6644.19 7155.53 5852.72 14919
internal_count=595916 361176 234740 221989 128586 158074 139187 106154 88366 78408 57535 63915 93799 40010 41494 40220 45742 74432 64275 66144 22641 35684 51707 27533 19075 45081 26642 28649 23559 60779
is_linear=0
shrinkage=0.03


Tree=5
num_leaves=31
num_cat=0
split_feature=6 6 6 6 9 11 6 0 6 11 10 11 6 10 10 11 11 17 9 6 1 9 6 11 9 6 16 15 6 10
split_gain=113412 26120.8 8760.35 4281.29 1762.57 1364.37 1163.25 803.824 764.893 637.912 476.592 454.405 400.19 342.245 320.922 318.861 211.709 196.256 188.728 185.112 184.897 150.994 128.979 104.409 95.9278 91.2183 90.7671 89.657 87.0609 85.0273
threshold=-1.0000000180025095e-35 1.5000000000000002 -2.4999999999999996 1.0000000180025095e-35 7.5000000000000009 21.066316802066698 2.5000000000000004 5.5000000000000009 -1.4999999999999998 26.779111194354986 13.500000000000002 56.976750840393954 -3.4999999999999996 9.5000000000000018 13.500000000000002 58.260641633103553 26.779111194354986 0.034676938109219672 13.500000000000002 -3.4999999999999996 1.0000000180025095e-35 16.500000000000004 -5.4999999999999991 -10.805339172202819 7.5000000000000009 5.5000000000000009 0.086189636431704728 0.23309230848748858 4.5000000000000009 7.5000000000000009
decision_type=2 2 2 2 2 2 2 2 2 2 2 2 2 2 2 2 2 2 2 2 2 2 2 2 2 2 2 2 2 2
left_child=2 3 7 5 -4 20 13 12 18 -10 -5 17 22 -3 28 -12 -15 -7 -6 -9 26 -11 -1 -20 -21 -16 -2 -13 29 -8
right_child=1 6 4 10 8 11 14 19 9 21 15 27 -14 16 25 -17 -18 -19 23 24 -22 -23 -24 -25 -26 -27 -28 -29 -30 -31
leaf_value=-0.050303328815569211 -0.0035366064599050197 0.039997943139193651 -0.033695598625576084 0.025211764579693704 -0.030937041636947559 0.0021323679973439449 0.048306222971129624 -0.051522240752925941 -0.019372866903608118 -0.013009695305824959 0.012708004664932158 0.012447274354032287 -0.033695598625576084 0.025211764579693704 0.039997943139193651 0.025211764579693704 0.034469924336756746 0.0082668618194150206 -0.029031057972358078 -0.04794615330967146 -0.0056296014896170263 -0.0056296014896170263 -0.040633326138138352 -0.019957335734547433 -0.039620332680455304 0.049116333636069105 0.0021323679973439449 0.0082668618194150206 0.050594121886402409 0.042651472260536387
leaf_weight=1953.0477650463581 3440.4957636892796 4539.0464210361242 7116.2507484555244 7576.5004481226206 3066.1712065190077 9306.4615274816751 4419.6205229908228 11652.266851499677 7565.084336027503 3158.6961662173271 5854.7625937461853 7207.4823486506939 4197.9720279127359 2924.3626535534859 5672.227705091238 2404.4505069255829 4029.6026721000671 3716.3662254810333 1471.30211122334 2526.3626654148102 8829.8574371337891 4416.6823647022247 3728.1530914902687 5301.6968522816896 2178.0613783895969 1032.3286879658699 3676.5139069408178 3183.8855081051588 7569.1892159283161 3899.2430240064859
leaf_count=7893 13772 18539 28543 30577 12291 37283 18113 47154 30280 12636 23540 28945 16863 11818 23133 9712 16374 14906 5895 10204 35328 17669 15009 21219 8766 4226 14723 12775 31094 15944
internal_value=9.0122e-06 0.0212636 -0.0325228 0.00851154 -0.0220093 0.0032116 0.041912 -0.0453819 -0.018234 -0.0139987 0.021683 0.0078208 -0.0386032 0.034127 0.0458689 0.0164969 0.0299132 0.00408645 -0.024747 -0.0494708 -0.00355607 -0.00781509 -0.0439742 -0.0219364 -0.0443701 0.0403217 0.000116386 0.0124473 0.0482044 0.0460183
internal_weight=147614 89282.4 58331.7 55196.8 32095.9 39361.1 34085.6 26235.9 24979.6 15140.5 15835.7 23414.2 9879.17 11493 22592.6 8259.21 6953.97 13022.8 9839.17 16356.7 15946.9 7575.38 5681.2 6773 4704.42 6704.56 7117.01 10391.4 15888.1 8318.86
internal_count=595224 360802 234422 221561 128533 157732 139241 105889 99990 60585 63829 93909 39765 46731 92510 33252 28192 52189 39405 66124 63823 30305 22902 27114 18970 27359 28495 41720 65151 34057
is_linear=0
shrinkage=0.03


Tree=6
num_leaves=31
num_cat=0
split_feature=6 6 6 6 0 11 6 9 11 10 11 6 10 6 11 6 11 6 1 11 9 1 9 6 15 16 10 13 11 11
split_gain=106976 24639.1 8241.36 3983.58 1679.3 1298.62 1119.2 772.93 655.819 535.847 519.489 509.139 472.075 385.177 372.595 298.339 289.027 200 190.247 165.681 162.979 122.979 111.903 102.028 89.801 132.258 87.6039 85.0189 83.0759 79.9117
threshold=-1.0000000180025095e-35 1.5000000000000002 -2.4999999999999996 1.0000000180025095e-35 6.5000000000000009 56.976750840393954 3.5000000000000004 13.500000000000002 10.006833685843278 9.5000000000000018 10.006833685843278 -1.4999999999999998 10.500000000000002 -4.4999999999999991 29.201589036856152 -1.4999999999999998 46.79971808462745 -3.4999999999999996 1.0000000180025095e-35 41.421654525907691 4.5000000000000009 1.0000000180025095e-35 7.5000000000000009 2.5000000000000004 0.23309230848748858 0.099393999455476736 15.500000000000002 0.070126330525460842 -74.452390274339777 19.37686623159971
decision_type=2 2 2 2 2 2 2 2 2 2 2 2 2 2 2 2 2 2 2 2 2 2 2 2 2 2 2 2 2 2
left_child=2 3 7 5 8 10 9 17 28 -3 21 -10 -5 -9 -14 -6 23 -1 -12 -13 -17 -2 -19 -11 -7 -26 -8 -20 -4 -15
right_child=1 6 4 12 15 24 26 13 11 16 18 19 14 29 -16 20 -18 22 27 -21 -22 -23 -24 -25 25 -27 -28 -29 -30 -31
leaf_value=-0.050130604226016291 -0.00082495624360459478 0.041547641319897487 -0.032773097378291614 0.024567179392433129 -0.032773097378291614 0.012130268181278216 0.048048989268340024 -0.045920325838479978 -0.018446491950913919 0.02494003007016048 0.0060422223224441112 -0.012964663074043131 0.012130268181278216 -0.037849671494552484 0.022169396385236816 -0.029221662649063705 0.037740272511402433 -0.046473086042110347 0.0060422223224441112 -0.0054542843245808798 -0.021162318744618103 -0.0054542843245808798 -0.037968892035098824 0.032552251098873899 0.0060422223224441112 0.012130268181278216 0.041547641319897487 -0.00065310339135894421 -0.023074672926732525 -0.032773097378291614
leaf_weight=11839.878817036748 5480.3909304887056 7959.9220819026232 393.22336906194687 5485.6425674557686 4340.3884158283472 7201.5507716536522 12489.464063033462 3088.9471538513899 5457.8895174860954 4168.9539599567652 7609.9623844474554 4126.0655663758516 4744.6610226780176 2878.8737259358168 5559.337844863534 2237.001850888133 4482.0603683441877 2515.523058950901 1157.7461390793324 4812.1004540026188 3372.1458644121885 6847.3847910165787 2350.7985144257545 2624.1848294436932 1976.2019072026014 1171.0417972058058 2206.2764181494713 7895.7989078760147 7325.1737604290247 3422.6126908063889
leaf_count=48204 21942 32749 1578 22218 17462 28945 51709 12537 21861 16905 30499 16508 19081 11612 22468 8989 18352 10214 4639 19250 13514 27394 9492 10724 7933 4701 9086 31631 29358 13782
internal_value=3.51969e-05 0.0207008 -0.0316093 0.00832093 -0.0214191 0.00321155 0.0408134 -0.0441271 -0.0168113 0.036041 -4.58235e-05 -0.0130253 0.021049 -0.0372188 0.0168013 -0.0316553 0.0318112 -0.0480052 0.00340811 -0.00851359 -0.0256702 -0.00471432 -0.0428156 0.0278893 0.0121303 0.00704157 0.0470543 0.000413238 -0.0238677 -0.0329402
internal_weight=147221 89060.6 58160.6 55129.7 32064 39340.1 33930.9 26096.6 22114.5 19235.1 28991.3 14396.1 15789.6 9390.43 10304 9949.54 11275.2 16706.2 16663.5 8938.17 5609.15 12327.8 4866.32 6793.14 10348.8 3147.24 14695.7 9053.55 7718.4 6301.49
internal_count=595337 360976 234361 221451 128520 157684 139525 105841 88555 78730 116105 57619 63767 37931 41549 39965 45981 67910 66769 35758 22503 49336 19706 27629 41579 12634 60795 36270 30936 25394
is_linear=0
shrinkage=0.03


Tree=7
num_leaves=31
num_cat=0
split_feature=11 11 10 7 7 15 1 0 15 17 0 11 21 16 15 15 17 17 1 22 16 15 17 17 17 5 11 11 11 16
split_gain=7951.17 2108.32 1591.58 1523.12 850.572 709.613 547.975 475.33 530.137 415.291 393.479 389.168 345.06 283.401 303.928 353.637 279.783 279.246 261.655 304.682 258.165 220.195 219.033 298.525 275.993 195.227 177.385 175.223 169.677 166.884
threshold=21.066316802066698 58.260641633103553 1.0000000180025095e-35 1.0000000180025095e-35 3.5000000000000004 0.22068538169270532 1.0000000180025095e-35 8.5000000000000018 0.24484023041117267 0.035808151243748497 8.5000000000000018 -34.753533852282651 0.24751740957288307 0.11034492242515563 0.21646349531958356 0.17102959293316927 0.041586715133523515 0.037505513252837727 1.0000000180025095e-35 0.089055581255029104 0.095297745371005868 0.26792257894297661 0.031051521817010885 0.037812952723875755 0.02499964941702406 1.0000000180025095e-35 90.547142058344448 -68.910543978746759 17.772053289168301 0.079216874420936514
decision_type=2 2 2 2 2 2 2 2 2 2 2 2 2 2 2 2 2 2 2 2 2 2 2 2 2 2 2 2 2 2
left_child=2 7 3 -1 6 10 27 8 18 -7 13 -6 25 14 15 17 21 -3 -2 -20 -16 -11 24 -24 -15 29 -19 -4 -13 -8
right_child=1 5 4 -5 11 9 12 -9 -10 16 -12 28 -14 22 20 -17 -18 26 19 -21 -22 -23 23 -25 -26 -27 -28 -29 -30 -31
leaf_value=-0.0012131487981657547 0.0064412796286020466 0.031953732994759773 -0.014101818830083287 -0.045377514825661006 -0.024004822449704106 0.0064412796286020466 -0.013781307172250522 -0.0012131487981657547 -0.0012131487981657547 0.025980415660042958 0.0064412796286020466 -0.012682411571464082 -0.0020751398810631531 0.03524980693167673 0.035383096301573394 0.011647380711948816 0.0064412796286020466 0.0064412796286020466 0.0064412796286020466 -0.0012131487981657547 0.010294249148218597 0.0064412796286020466 0.049087903624042403 0.020441770004757383 0.0075700522817614621 -0.019733282699434005 0.041068283988097511 -0.0012451651987995011 -0.0012131487981657547 -0.0073856914276989975
leaf_weight=518.91892194747925 15906.14205622673 1423.0671908557415 999.77603617310524 1886.568347081542 2833.5102909207344 12520.96279874444 5391.1339953690767 4653.0366518348455 12162.217096567154 2156.334948554635 1902.0894812941551 8815.7834586054087 5830.2259384691715 488.313337251544 1090.476707354188 13381.385372743011 1456.9269376993179 241.14580479264259 6207.3979121744633 9255.1524496525526 560.74870429933071 273.02489604055882 616.7459519058466 706.06096050143242 961.48963721096516 1832.0545993000269 135.92204032838345 20048.481039315462 942.23715490102768 11545.920299828053
leaf_count=2078 64565 5797 4033 7681 11659 50887 21710 18972 49220 8791 7774 36341 23522 1987 4444 54433 5921 978 25116 37530 2279 1108 2518 2874 3913 7378 556 80842 3895 46504
internal_value=1.67574e-05 0.00587749 -0.00830379 -0.032208 -0.00731539 0.0111695 -0.00541081 0.00171303 0.00318057 0.00646934 0.0147542 -0.014218 -0.0084511 0.0161301 0.0146628 0.01333 0.0162469 0.0258112 0.00526747 0.00219533 0.0268858 0.0224839 0.0250212 0.0338517 0.0169287 -0.0104312 0.00644128 -0.00185713 -0.0113718 -0.00942283
internal_weight=146743 86098.6 60644.6 2405.49 58239.1 37914.7 45647.6 48183.9 43530.9 16407.2 21507.4 12591.5 24599.3 19605.4 16832.7 15181.5 3886.29 1800.14 31368.7 15462.6 1651.23 2429.36 2772.61 1322.81 1449.8 18769.1 377.068 21048.3 9758.02 16937.1
internal_count=595306 349663 245643 9759 235884 154260 183989 195403 176431 66707 87553 51895 99114 79779 68487 61764 15820 7331 127211 62646 6723 9899 11292 5392 5900 75592 1534 84875 40236 68214
is_linear=0
shrinkage=0.03


Tree=8
num_leaves=31
num_cat=0
split_feature=6 6 6 6 9 11 6 9 6 11 6 11 10 11 10 10 1 11 6 9 9 15 12 13 11 6 10 6 6 13
split_gain=100605 23703.6 7967.88 3791.33 1549.25 1152.12 1111.57 717.999 662.241 530.08 501.789 488.879 485.163 328.93 315.795 300.634 264.125 236.592 164.239 153.316 127.865 123.725 120.007 90.8083 89.609 89.5795 84.6412 82.3865 79.1438 76.2059
threshold=-1.0000000180025095e-35 1.5000000000000002 -2.4999999999999996 1.0000000180025095e-35 7.5000000000000009 10.006833685843278 2.5000000000000004 10.500000000000002 -1.4999999999999998 26.779111194354986 -3.4999999999999996 83.147873333427597 10.500000000000002 24.016125231809614 7.5000000000000009 12.500000000000002 1.0000000180025095e-35 26.344488376462781 -5.4999999999999991 13.500000000000002 16.500000000000004 0.2638666867191472 0.18387364146065124 0.06837086021765916 -10.102812500433286 5.5000000000000009 1.5000000000000002 -4.4999999999999991 -1.4999999999999998 0.089163072852356792
decision_type=2 2 2 2 2 2 2 2 2 2 2 2 2 2 2 2 2 2 2 2 2 2 2 2 2 2 2 2 2 2
left_child=2 3 7 5 28 22 14 27 19 -10 18 16 -5 -14 -3 -8 21 -16 -9 -6 -11 -7 -2 -18 -21 -17 -24 -1 -4 -19
right_child=1 6 4 12 8 11 15 10 9 20 -12 -13 13 -15 17 25 23 29 -20 24 -22 -23 26 -25 -26 -27 -28 -29 -30 -31
leaf_value=-0.050537795830143492 0.0009164984365502897 0.03808407107492489 -0.031928368809110728 0.023957591581006726 -0.028866604695942443 0.0080464058361796407 0.046246595955628703 -0.048840696218018224 -0.018262404546029502 -0.012340683405938482 -0.031928368809110728 0.011690753315044197 0.011690753315044197 0.020654212857606522 0.023957591581006726 0.03808407107492489 0.0080464058361796407 0.036860711258866648 -0.03961103387220382 -0.027224361602361181 -0.0053540585091478013 0.0009164984365502897 0.0009164984365502897 0.0009164984365502897 -0.018870435361325297 0.046856971012833863 -0.0053540585091478013 -0.045630308575948089 -0.027308523052814553 0.029142217493565218
leaf_weight=6513.8644275516272 1577.104747235775 3157.692105025053 3072.7259642332792 5491.8680894225836 3052.8789515942335 8857.8031360507011 15165.007954210043 2805.9808554202318 7575.5139669626951 3116.9977551847696 5214.4672007858753 4797.9975381940603 4141.1961260735989 6160.2057922780514 3426.1444187313318 5901.2685587853193 1280.6964506804943 2654.7090533226728 4849.720553278923 1500.0654685348272 4382.3686373531818 1362.2026107907295 455.40523199737072 10776.510745227337 5248.3157381415367 1116.0803360044956 10274.558742955327 6565.3277660906315 3971.2431893646717 2149.3078313618898
leaf_count=26771 6311 13078 12406 22314 12279 35550 63280 11497 30371 12472 21077 19319 16661 24966 13959 24388 5139 10929 19738 6030 17532 5462 1823 43217 21031 4648 41114 26858 15980 8838
internal_value=-7.70758e-07 0.0200666 -0.0307747 0.00797235 -0.0207357 0.00299196 0.0399428 -0.043121 -0.0172017 -0.0132517 -0.0380731 0.0064513 0.0203895 0.0160831 0.0323101 0.043858 0.00440206 0.0290839 -0.0430058 -0.0232731 -0.00757832 0.00794966 -0.0046183 0.0013942 -0.0207349 0.0386844 -0.00535406 -0.0480818 -0.0319284 0.033421
internal_weight=146615 88745.8 57869.5 55175.5 31920.1 39382.3 33570.2 25949.4 24876.1 15074.9 12870.2 27075.2 15793.3 10301.4 11387.9 22182.4 22277.2 8230.16 7655.7 9801.26 7499.37 10220 12307.1 12057.2 6748.38 7017.35 10730 13079.2 7043.97 4804.02
internal_count=595038 360996 234042 221876 128101 157935 139120 105941 99715 60375 52312 108687 63941 41627 46804 92316 89368 33726 31235 39340 30004 41012 49248 48356 27061 29036 42937 53629 28386 19767
is_linear=0
shrinkage=0.03


Tree=9
num_leaves=31
num_cat=0
split_feature=11 11 10 7 7 15 1 0 15 12 13 13 14 17 11 21 12 16 16 11 12 17 16 14 17 12 13 14 13 15
split_gain=7040.59 2064.54 1439.2 1282.94 796.025 577.68 472.725 451.323 497.603 395.147 444.463 369.96 366.995 364.01 326.755 296.886 280.371 279.942 311.625 420.536 464.627 331.689 278.638 275.103 265.336 257.302 279.106 255.665 239.891 219.752
threshold=19.37686623159971 58.260641633103553 1.0000000180025095e-35 1.0000000180025095e-35 3.5000000000000004 0.22068538169270532 1.0000000180025095e-35 8.5000000000000018 0.24484023041117267 0.20477639044186199 0.079294886006455692 0.089039588989332411 0.029853033104167804 0.035808151243748497 -34.753533852282651 0.24751740957288307 0.32667761530848854 0.11034492242515563 0.06625689211721851 94.611779200321521 0.22139325116814049 0.041586715133523515 0.077114307187234568 0.026333275987148182 0.041586715133523515 0.22807916165966916 0.084491827256475277 0.036718632251260735 0.11273539923384163 0.23116574618543995
decision_type=2 2 2 2 2 2 2 2 2 2 2 2 2 2 2 2 2 2 2 2 2 2 2 2 2 2 2 2 2 2
left_child=2 7 3 -1 6 9 -4 8 11 28 27 -2 22 16 -6 -8 -7 18 23 -20 -21 -22 -13 -12 -15 -19 -27 -11 -3 -14
right_child=1 5 4 -5 14 13 15 -9 -10 10 17 12 29 24 -16 -17 -18 25 19 20 21 -23 -24 -25 -26 26 -28 -29 -30 -31
leaf_value=-0.0013693499052618986 0.0060359870763611783 0.0060359870763611783 -0.0018745276426483633 -0.043788402258928528 -0.022943349971235368 0.0060359870763611783 -0.010010302176919724 -0.0013693499052618986 -0.0013693499052618986 0.020144050251504651 0.0060359870763611783 -0.0013693499052618986 -0.0013693499052618986 0.02133574105717314 -0.011244060266501866 -0.0020764438255833446 0.04126450466022076 0.0077371341987140631 0.0060359870763611783 0.044072887066284011 0.011995806045211953 0.039111143551359591 0.0060359870763611783 0.043861852377854137 0.0060359870763611783 0.0060359870763611783 0.038637982878636228 0.038295249933822766 0.037741075115997745 0.0060359870763611783
leaf_weight=490.93128129839897 15568.514022320509 3872.1052629947662 20079.936190053821 1787.0889652073383 2801.4870331138372 12175.321945592761 18001.778271093965 4875.3717609643936 12732.727054908872 4911.1292155683041 148.38553446531296 1375.8609383106232 7516.9747366756201 2428.8814036846161 9247.4427347034216 5556.0724054127932 257.80634818971157 600.06963948905468 5912.8323628604412 515.64580927789211 2384.9695026278496 409.10884360969067 6667.7007304430008 442.76955451071262 1461.0068916231394 173.11703358590603 955.64845529198647 816.39591151475906 213.95201501250267 1796.5098893046379
leaf_count=1966 63372 15822 81128 7372 11640 49686 72637 19985 51676 20123 603 5595 30556 9963 38453 22463 1055 2452 24149 2117 9750 1688 27158 1829 5961 710 3936 3351 879 7311
internal_value=2.31242e-05 0.00536014 -0.00809884 -0.0314611 -0.00714204 0.010675 -0.00525686 0.00139699 0.00279787 0.0139225 0.0159105 0.0047692 0.0013212 0.00642489 -0.0139676 -0.00813945 0.00603599 0.0125164 0.0105515 0.00919348 0.0179556 0.0131076 0.00603599 0.0316353 0.0152463 0.0236452 0.0320735 0.0227438 0.00603599 -0.00136935
internal_weight=146178 88212.8 57964.7 2278.02 55686.7 37679.1 43637.8 50533.7 45658.3 21356.1 17270.1 32925.6 17357 16323 12048.9 23557.9 12433.1 11542.5 9813.71 9222.56 3309.72 2794.08 8043.56 591.155 3889.89 1728.84 1128.77 5727.53 4086.06 9313.48
internal_count=595386 359727 235659 9338 226321 154074 176228 205653 185668 87409 70708 133992 70620 66665 50093 95100 50741 47234 40136 37704 13555 11438 32753 2432 15924 7098 4646 23474 16701 37867
is_linear=0
shrinkage=0.03


Tree=10
num_leaves=31
num_cat=0
split_feature=6 6 6 6 0 6 11 9 6 10 10 11 6 11 6 11 11 11 6 16 1 9 6 6 9 9 10 11 1 11
split_gain=94920.1 22611.9 7355.09 3511.78 1461.2 1057.46 1051.66 709.937 518.546 518.296 480.095 452.089 324.425 320.444 272.08 258.158 248.546 248.009 185.708 160.106 137.731 131.894 108.301 100.729 96.9367 93.3898 88.5084 78.4492 76.6838 74.9259
threshold=-1.0000000180025095e-35 1.5000000000000002 -2.4999999999999996 1.0000000180025095e-35 6.5000000000000009 3.5000000000000004 34.987776019349674 13.500000000000002 -1.4999999999999998 9.5000000000000018 9.5000000000000018 31.871022351097171 -5.4999999999999991 24.016125231809614 -1.4999999999999998 83.147873333427597 3.8384054805717374 10.006833685843278 -3.4999999999999996 0.085444015240009177 1.0000000180025095e-35 4.5000000000000009 -3.4999999999999996 2.5000000000000004 16.500000000000004 7.5000000000000009 13.500000000000002 59.748767575844234 1.0000000180025095e-35 -0.69423242523703255
decision_type=2 2 2 2 2 2 2 2 2 2 2 2 2 2 2 2 2 2 2 2 2 2 2 2 2 2 2 2 2 2
left_child=2 3 7 6 8 9 16 18 24 -3 -5 -10 -9 -12 -6 20 28 -11 -1 -18 -8 -16 -14 -19 -4 -20 -7 -15 -2 -26
right_child=1 5 4 10 14 26 15 12 11 17 13 -13 22 27 21 -17 19 23 25 -21 -22 -23 -24 -25 29 -27 -28 -29 -30 -31
leaf_value=-0.047712097101661979 -0.0015610752380879535 0.039724018237018814 -0.025738707413625841 0.023351750657174212 -0.031114177831732696 0.046496491866617862 0.008558873710286902 -0.046715830594047714 -0.017080311072164088 0.023351750657174212 0.011294767520815098 -0.0062165803035060217 -0.036805247511431737 0.016883626063349186 -0.027694437770833451 0.011294767520815098 -0.0015610752380879535 0.030172290404990428 -0.044166118391134865 0.0034545004459470788 0.0034545004459470788 -0.020270876227142944 -0.031114177831732696 0.03711864679982118 -0.024825263003240672 -0.036168828294661913 0.040916267076295601 0.023351750657174212 -0.0052260463889861313 -0.017080311072164088
leaf_weight=11643.81020604074 4709.0093954950571 7843.7376731038094 3415.0523466020823 5174.7430049926043 4326.6479267030954 10860.703614994884 5838.2429049909115 1797.9524219185114 7454.3961600661278 3015.0039021968842 4266.4068658202887 6004.6240396946669 3492.1903637200594 3402.3655774593353 2223.7594968676567 4809.3499909937382 4459.0824875682592 4942.8350981473923 2492.1523015797138 6732.1436003595591 6870.064082890749 3366.5608504116535 3990.7332815527916 3146.3989703208208 1504.4313616603613 2319.5663098841906 3571.4269010275602 2910.7999245077372 5926.66100256145 3593.7579997628927
leaf_count=48284 18849 32819 13726 21100 17524 45933 23471 7427 29912 12338 17180 24024 14264 13783 8995 19410 17863 20397 10274 26974 27597 13522 16176 13083 6059 9449 14968 11896 23707 14410
internal_value=-2.15371e-06 0.0195121 -0.0299642 0.00770725 -0.0203336 0.0389962 0.00291428 -0.0418947 -0.0160168 0.0343266 0.0196753 -0.0123481 -0.0352394 0.0155374 -0.029893 0.00838872 -0.00147972 0.0301328 -0.0456435 0.00164102 0.00582298 -0.0242747 -0.0324702 0.0328827 -0.0218125 -0.0406201 0.0451215 0.0200051 -0.00476317 -0.0191735
internal_weight=146105 88479 57625.6 55098.9 31889.2 33380.1 39344.6 25736.4 21972.3 18948 15754.3 13459 9280.88 10579.6 9916.97 17517.7 21826.9 11104.2 16455.5 11191.2 12708.3 5590.32 7482.92 8089.23 8513.24 4811.72 14432.1 6313.17 10635.7 5098.19
internal_count=595414 361368 234046 221830 128172 139538 157871 105874 88131 78637 63959 53936 37867 42859 40041 70478 87393 45818 68007 44837 51068 22517 30440 33480 34195 19723 60901 25679 42556 20469
is_linear=0
shrinkage=0.03


Tree=11
num_leaves=31
num_cat=0
split_feature=6 6 6 6 9 6 11 9 6 10 11 6 10 11 11 16 11 11 9 6 17 17 6 0 15 15 10 6 6 13
split_gain=89675.4 21340.7 7123.62 3388.24 1386.5 1074.26 1010.01 666.098 574.125 499.076 477.847 456.267 441.495 288.634 279.882 249.338 247.325 207.892 157.988 150.141 140.163 128.257 121.463 111.868 111.043 99.0857 87.995 80.3517 79.6128 82.5261
threshold=-1.0000000180025095e-35 1.5000000000000002 -2.4999999999999996 1.0000000180025095e-35 7.5000000000000009 3.5000000000000004 34.987776019349674 10.500000000000002 -1.4999999999999998 7.5000000000000009 31.871022351097171 -3.4999999999999996 9.5000000000000018 29.201589036856152 46.79971808462745 0.085444015240009177 83.147873333427597 -27.524607623120911 16.500000000000004 -5.4999999999999991 0.020214626127739926 0.035123536656494349 2.5000000000000004 4.5000000000000009 0.1897131302834851 0.26792257894297661 15.500000000000002 -4.4999999999999991 -1.4999999999999998 0.069849350354847531
decision_type=2 2 2 2 2 2 2 2 2 2 2 2 2 2 2 2 2 2 2 2 2 2 2 2 2 2 2 2 2 2
left_child=2 3 7 6 28 9 15 27 18 -3 -10 19 -5 -14 22 20 21 -17 -6 -9 -2 24 -11 -12 -8 -19 -7 -1 -4 -30
right_child=1 5 4 12 8 26 16 11 10 14 23 -13 13 -15 -16 17 -18 25 -20 -21 -22 -23 -24 -25 -26 -27 -28 -29 29 -31
leaf_value=-0.048296629619949828 0.0033732368970676471 0.038780939416275806 -0.030380154810507144 0.02278919829267656 -0.026060168549350008 0.045259864461810718 0.0083946523254342393 -0.046509977809091073 -0.017407549545284628 0.023588101594036848 -0.0051162170844156508 -0.030380154810507144 0.011078061368686014 0.019982526175013445 0.035481351944429258 -0.0051162170844156508 0.011078061368686014 0.0033732368970676471 -0.018403216915497428 -0.037618658534811222 -0.0051162170844156508 0.0083946523254342393 0.031011002230469542 -0.011802826681409345 0.0033732368970676471 -0.00093464975111331018 0.038780939416275806 -0.04341248604831327 -0.014255530007333695 -0.02743677979945236
leaf_weight=6366.0546328425407 424.27589151263237 5461.6737425327301 3057.8502790331841 5156.8381751030684 4683.591474339366 12120.028391778469 1064.9662366509438 2757.8534848839045 8321.2049564123154 4950.1528597772121 4087.9183289110661 5159.2723975777626 4881.502040296793 5685.3632861375809 5221.7485898882151 2250.127436876297 4775.172544747591 8756.209331035614 5097.3670627176762 4792.0606472492218 9125.2858430892229 3939.2960047572851 3135.338231831789 2694.6280742436647 7751.9493191689253 1306.999175131321 2140.4073145836592 6461.4437852948904 495.39333958923817 3474.8959944248199
leaf_count=26701 1698 23062 12442 21097 18897 51784 4285 11507 33424 20356 16355 21012 19686 23207 21936 9004 19293 35074 20492 19753 36530 15855 13072 10786 31141 5233 9043 26872 2000 14060
internal_value=-3.82154e-05 0.0189689 -0.0292014 0.00754162 -0.0197494 0.0380368 0.00284207 -0.0410109 -0.0164108 0.0333116 -0.0127408 -0.0361267 0.0193141 0.0153284 0.0300538 -0.00145947 0.00820594 0.0013619 -0.0220743 -0.040878 -0.00509691 0.00571124 0.0265407 -0.00682606 0.00354469 0.00324692 0.0442502 -0.0458435 -0.0303802 -0.0258001
internal_weight=145597 88147.3 57449.5 55118 31912.8 33029.3 39394.3 25536.7 24884.7 18768.9 15103.8 12709.2 15723.7 10566.9 13307.2 21862.9 17531.4 12313.3 9780.96 7549.91 9549.56 12756.2 8085.49 6782.55 8816.92 10063.2 14260.4 12827.5 7028.14 3970.29
internal_count=595657 361356 234301 222103 128456 139253 158113 105845 99954 78426 60565 52272 63990 42893 55364 87539 70574 49311 39389 31260 38228 51281 33428 27141 35426 40307 60827 53573 28502 16060
is_linear=0
shrinkage=0.03


Tree=12
num_leaves=31
num_cat=0
split_feature=6 6 6 6 9 6 11 9 6 10 11 6 11 10 10 11 17 16 9 6 11 6 11 9 16 9 14 16 11 6
split_gain=84587.1 20468.7 6804.48 3217.23 1369.25 1075.49 958.596 687.049 614.439 450.146 418.366 362.583 353.12 306.534 299.341 261.859 206.189 159.655 158.524 157.316 146.935 142.073 121.87 112.524 107.266 82.9629 78.2369 72.7934 72.7305 71.4618
threshold=-1.0000000180025095e-35 1.5000000000000002 -2.4999999999999996 1.0000000180025095e-35 7.5000000000000009 2.5000000000000004 21.066316802066698 12.500000000000002 -1.4999999999999998 10.500000000000002 26.779111194354986 -4.4999999999999991 83.147873333427597 10.500000000000002 10.500000000000002 59.168568974109583 0.034676938109219672 0.086189636431704728 13.500000000000002 -3.4999999999999996 29.961781751371976 4.5000000000000009 -27.524607623120911 16.500000000000004 0.10266374394942938 7.5000000000000009 0.045150344511471062 0.085444015240009177 29.201589036856152 -1.4999999999999998
decision_type=2 2 2 2 2 2 2 2 2 2 2 2 2 2 2 2 2 2 2 2 2 2 2 2 2 2 2 2 2 2
left_child=2 3 7 6 29 14 17 19 18 -5 -10 -9 16 -7 -3 -11 24 -2 -6 -1 -16 -15 -19 -12 -8 -21 27 -20 -26 -4
right_child=1 5 4 9 8 13 12 11 10 15 23 -13 -14 21 20 -17 -18 22 26 25 -22 -23 -24 -25 28 -27 -28 -29 -30 -31
leaf_value=-0.045899003084555447 -0.0049856484988544721 0.035435268597795826 -0.02963788611348589 0.022269568698171007 -0.027485304041196128 0.044376426871464564 0.0018028845224425784 -0.042020989679871987 -0.016939026422705991 0.011627805730103948 -0.011533559793695551 -0.02963788611348589 0.0107327598507862 0.035435268597795826 0.022269568698171007 0.022269568698171007 0.0076157202266039538 -0.0049856484988544721 -0.022408088623872953 -0.042543704149254166 0.029850590474900105 0.04258013191573895 0.0018028845224425784 -0.0049856484988544721 0.0018028845224425784 -0.034737926574952394 -0.02963788611348589 -0.016939026422705991 0.0076157202266039538 -0.025203039522394579
leaf_weight=11080.229232236743 7760.5267827361822 4623.1418306231499 3041.4049413204193 5450.4963555932045 3025.4220922142267 12024.478379681706 10037.26338738203 3198.9904942363501 7603.3460235893726 7372.7762891203165 3135.6230811029673 6451.8504686206579 4761.6268153190613 6422.2164549976587 3009.3073581755161 2864.068373426795 5649.5276019871235 2139.7604631632566 2715.234584197402 2431.2586385905743 3542.7942625582218 3083.1673314720392 6060.7058710902929 4385.5902910381556 523.98456634581089 2125.1018135845661 257.04640892148018 3744.2985436916351 2358.4027609080076 3989.2365344911814
leaf_count=46872 31049 19602 12427 22374 12263 51879 40300 13397 30589 29846 12555 26444 19260 27180 12350 11783 22735 8562 10937 10194 14858 13258 24258 17546 2101 8759 1036 15070 9478 16182
internal_value=-4.90129e-05 0.0184633 -0.0284346 0.00728353 -0.0192185 0.0372556 0.00269768 -0.0400573 -0.0158945 0.0187678 -0.012107 -0.0337442 0.00657318 0.0411783 0.0296922 0.014624 0.00449868 -0.00296741 -0.0217711 -0.0439489 0.0255491 0.0371241 5.92518e-05 -0.00708653 0.00229275 -0.0391884 -0.0191898 -0.0184721 0.00761572 -0.0296379
internal_weight=144869 87684.2 57184.6 54979.1 31897.2 32705.1 39291.8 25287.4 24866.6 15687.3 15124.6 9650.84 23330.8 21529.9 11175.2 10236.8 18569.2 15961 9742 15636.6 6552.1 9505.38 8200.47 7521.21 12919.7 4556.36 6716.58 6459.53 2882.39 7030.64
internal_count=595144 360873 234271 221746 128605 139127 157743 105666 99996 64003 60690 39841 93874 92317 46810 41629 74614 63869 39306 65825 27208 40438 32820 30101 51879 18953 27043 26007 11579 28609
is_linear=0
shrinkage=0.03


Tree=13
num_leaves=31
num_cat=0
split_feature=6 6 6 6 9 6 11 9 6 11 10 11 6 10 10 11 6 1 9 11 6 9 1 14 17 9 11 11 15 13
split_gain=80595.3 19606.6 6490.63 2991.3 1323.36 1014.25 896.784 681.43 585.888 459.756 436.672 369.6 322.774 301.29 300.011 259.889 174.007 158.38 152.139 144.015 136.611 122.393 110.284 100.1 82.4701 79.0929 70.5055 68.0604 63.0697 82.5529
threshold=-1.0000000180025095e-35 1.5000000000000002 -2.4999999999999996 1.0000000180025095e-35 7.5000000000000009 2.5000000000000004 56.976750840393954 13.500000000000002 -1.4999999999999998 31.871022351097171 10.500000000000002 10.006833685843278 -4.4999999999999991 10.500000000000002 10.500000000000002 59.748767575844234 -4.4999999999999991 1.0000000180025095e-35 16.500000000000004 70.261096204798051 4.5000000000000009 8.5000000000000018 1.0000000180025095e-35 0.035662390720303562 0.026665710025940311 16.500000000000004 24.016125231809614 7.8741386775129749 0.22751109211750037 0.088715524689523609
decision_type=2 2 2 2 2 2 2 2 2 2 2 2 2 2 2 2 2 2 2 2 2 2 2 2 2 2 2 2 2 2
left_child=2 3 7 6 -4 13 11 16 18 27 -5 22 -9 -3 -7 26 -1 -13 -6 24 -16 -18 -2 -8 -15 -11 -12 -10 -20 -30
right_child=1 5 4 10 8 14 23 12 9 25 15 17 -14 19 20 -17 21 -19 28 -21 -22 -23 -24 -25 -26 -27 -28 -29 29 -31
leaf_value=-0.046203873863310103 -0.00045875578261469943 0.034805707530877347 -0.028991129674230388 0.021882377144885334 -0.025175377164854636 0.043585078019262126 0.010514902468063417 -0.040767779422695577 -0.016526533408046475 -0.010177984767153982 0.010514902468063417 0.0052031726118447639 -0.028991129674230388 0.027890664125461536 0.034805707530877347 0.021882377144885334 -0.043036624671353843 0.00020385362450993456 -0.016526533408046475 0.033207741203781532 0.041783964153098443 -0.035642678642189805 -0.004850829177614405 0.0052031726118447639 0.021882377144885334 -0.004850829177614405 0.015072807418272417 -0.012285573092787393 -0.027187898376437338 -0.016526533408046475
leaf_weight=7725.8258152753115 5504.2567481696606 4550.5333836078644 6958.0237196534872 5417.685829013586 4656.3296294659376 11935.722298324108 8422.5689434111118 2973.2514245808125 4845.2287636995316 2824.8300434201956 4142.2851962000132 7622.0556266307831 6130.4533587992191 1306.3159748613834 6383.1617601662874 2797.8647482097149 4669.4995779693127 9034.5640210956335 2472.8834255635738 1503.1749274134636 3056.4249619096518 3597.9864095151424 6817.5771655887365 1894.4037341624498 3697.9738885015249 3945.8531321138144 3278.0685639828444 3434.2480476349592 1216.9666364639997 1398.5668411850929
leaf_count=33094 22030 19463 28418 22321 18886 52137 34037 12566 19545 11313 16725 30593 25245 5420 27245 11556 19830 36215 9964 6390 13298 15059 27272 7655 15356 15786 13354 13791 4909 5643
internal_value=4.28105e-06 0.0180954 -0.0277971 0.00717446 -0.0187832 0.0365903 0.00275807 -0.0391991 -0.0155174 -0.0118039 0.0182717 5.37138e-05 -0.0326283 0.0292021 0.0404093 0.0142342 -0.0429348 0.0029676 -0.0212492 0.0250394 0.0363854 -0.0398694 -0.00388511 0.0103526 0.0225736 -0.006003 0.0112906 -0.0165265 -0.0176479 -0.02146
internal_weight=144215 87364.6 56849.9 54931.3 31752.9 32433.3 39295.4 25097 24794.9 15050.2 15635.9 28978.5 9103.7 11058 21375.3 10218.2 15993.3 16656.6 9744.75 6507.46 9439.59 8267.49 12321.8 10317 5004.29 6770.68 7420.35 8279.48 5088.42 2615.53
internal_count=595116 361067 234049 221758 128255 139309 157802 105794 99837 60435 63956 116110 37811 46629 92680 41635 67983 66808 39402 27166 40543 34889 49302 41692 20776 27099 30079 33336 20516 10552
is_linear=0
shrinkage=0.03


Tree=14
num_leaves=31
num_cat=0
split_feature=6 6 6 6 9 6 9 6 10 6 10 1 13 1 21 6 13 9 2 0 15 1 12 12 13 6 16 22 10 6
split_gain=75760.4 18708.3 6354.97 2824.49 1252.23 1030.8 680.082 493.25 493.179 462.731 451.167 427.634 185.3 171.866 157.843 152.139 145.45 144.886 141.511 135.952 117.12 111.592 107.444 105.25 99.3051 92.7487 91.5822 87.1173 83.6967 83.1624
threshold=-1.0000000180025095e-35 1.5000000000000002 -2.4999999999999996 1.0000000180025095e-35 7.5000000000000009 3.5000000000000004 10.500000000000002 -1.4999999999999998 7.5000000000000009 -4.4999999999999991 10.500000000000002 1.0000000180025095e-35 0.070126330525460842 1.0000000180025095e-35 0.22702553978497317 2.5000000000000004 0.070126330525460842 16.500000000000004 1.5000000000000002 6.5000000000000009 0.19177274340560094 1.0000000180025095e-35 0.22279788876485232 0.21104346249751751 0.091770621946757072 -3.4999999999999996 0.10117852400286853 0.071798283750278483 15.500000000000002 -3.4999999999999996
decision_type=2 2 2 2 2 2 2 2 2 2 2 2 2 2 2 2 2 2 2 2 2 2 2 2 2 2 2 2 2 2
left_child=2 3 6 11 -4 8 29 17 -3 -8 -5 14 22 -9 -2 24 -16 -6 20 -18 -14 -12 26 -17 -10 -11 -13 -15 -7 -1
right_child=1 5 4 10 7 28 9 13 15 25 21 12 18 27 16 23 19 -19 -20 -21 -22 -23 -24 -25 -26 -27 -28 -29 -30 -31
leaf_value=-0.044859508554273578 0.0091282735953862916 0.036566102806295193 -0.028200123745557207 0.021379989433033153 -0.024000140566761297 0.043003075005561088 -0.041179852695108425 -0.0082232638825889964 0.028149999318794569 -0.033746299435941617 0.0166850519867612 -0.004680617555955704 0.0044567651206588376 -0.0059887732105611338 0.010234432692467321 0.028597166748573807 -2.8008190562818801e-05 -0.016643916267100427 0.0028303226657923251 0.0092564390292657877 -0.0039830031899253347 0.010390317200862418 0.010234432692467321 0.035007610958728341 0.021379989433033153 -0.028200123745557207 0.010234432692467321 -0.015822400504640715 0.036566102806295193 -0.039278932532673866
leaf_weight=8941.9014240801334 8321.9703186005354 5340.3567832261324 6954.8524500131607 5386.3999222517014 4639.4422249644995 11699.425537094474 4398.1324372589588 7401.3589074313641 4580.5058461129665 2947.471832960844 5272.2570939064026 725.65429610013962 1695.1735410988331 923.13913649320602 1235.3824157714844 1343.3708627223969 6544.4014927744865 5074.8472929149866 5468.9780572801828 1810.5648617297411 11568.446782037616 4912.7279181629419 1666.2715730220079 3720.3416066169739 3394.2969167679548 5069.0523457527161 265.95585504174232 6699.705465734005 2071.8223156780005 3513.6567549109459
leaf_count=38756 33496 23236 28528 22278 18875 51866 18835 29731 19349 12353 21539 2915 6821 3706 4965 5758 26265 20497 21954 7273 46419 20053 6705 15996 14270 20940 1070 26939 9019 14937
internal_value=4.96625e-05 0.0176179 -0.0269791 0.00697047 -0.0180696 0.0357895 -0.0383307 -0.0148924 0.0311312 -0.033347 0.0177828 0.00268602 -0.000177642 -0.0114834 0.00610538 0.0278553 0.00348093 -0.0201614 -0.00122963 0.00198571 -0.00290384 0.0136514 0.00723205 0.0319399 0.0252544 -0.0290404 -0.000795667 -0.0146458 0.042001 -0.0432918
internal_weight=143588 87024.3 56563.6 54874.2 31693.3 32150.1 24870.2 24738.5 18378.9 12414.7 15571.4 39302.8 21390.5 15024.2 17912.3 13038.5 9590.35 9714.29 18732.6 8354.97 13263.6 10185 2657.88 5063.71 7974.8 8016.52 991.61 7622.84 13771.2 12455.6
internal_count=595344 361247 234097 221753 128276 139494 105821 99748 78609 52128 63870 157883 85884 60376 71999 55373 38503 39372 75194 33538 53240 41592 10690 21754 33619 33293 3985 30645 60885 53693
is_linear=0
shrinkage=0.03


Tree=15
num_leaves=31
num_cat=0
split_feature=6 6 6 6 9 6 11 9 10 11 6 10 11 6 6 11 11 1 9 11 11 15 16 6 10 6 2 15 11 12
split_gain=71700.4 17824.2 6094.72 2722.22 1237.77 1023.79 877.687 661.714 491.493 448.454 440.29 416.67 372.704 360.657 286.566 233.099 217.847 146.926 130.968 110.274 102.141 89.3816 97.0086 87.4033 83.9241 76.5842 76.1382 74.8802 80.9409 66.6501
threshold=-1.0000000180025095e-35 1.5000000000000002 -2.4999999999999996 1.0000000180025095e-35 10.500000000000002 3.5000000000000004 56.976750840393954 10.500000000000002 10.500000000000002 10.006833685843278 -4.4999999999999991 9.5000000000000018 3.8384054805717374 -1.4999999999999998 -1.4999999999999998 26.779111194354986 10.652050692705417 1.0000000180025095e-35 4.5000000000000009 41.421654525907691 19.37686623159971 0.23309230848748858 0.099393999455476736 -3.4999999999999996 12.500000000000002 2.5000000000000004 1.5000000000000002 0.29234939425386608 -74.452390274339777 0.18519126382252996
decision_type=2 2 2 2 2 2 2 2 2 2 2 2 2 2 2 2 2 2 2 2 2 2 2 2 2 2 2 2 2 2
left_child=2 3 7 6 14 8 12 23 -3 27 -9 -5 29 -11 -4 -13 -10 -14 -16 -15 -12 -8 -23 -1 -7 -18 -19 28 -6 -2
right_child=1 5 4 11 9 24 21 10 16 13 20 15 17 19 18 -17 25 26 -20 -21 -22 22 -24 -25 -26 -27 -28 -29 -30 -31
leaf_value=-0.044097081484552353 -0.0010218392975387752 0.035844503392483316 -0.027590842042324211 0.020914284973948299 -0.027590842042324211 0.042761432596563682 0.0099941763581262114 -0.040314991256103008 0.020914284973948299 -0.01492668874661991 -0.032787792296732024 0.0099941763581262114 0.004948913050683278 -0.010301511514216865 -0.02413019897090735 0.01762109286348864 0.026440939019093019 -0.0010218392975387752 -0.016947930666689572 -0.0046126496058598735 -0.027590842042324211 0.004948913050683278 0.0099941763581262114 -0.038357122509368603 0.037312095845902268 0.032768794640680908 0.0041900729447019794 -0.027590842042324211 -0.017680752366712571 -0.0046126496058598735
leaf_weight=8807.8066288679838 1551.3496527373791 7825.1429467052221 4461.3666433691978 5057.3766514360905 350.49675270915031 9891.3202766925097 7142.3598787337542 4361.1494766920805 2861.7610524892807 5261.7824248969555 3673.8659693151712 4568.9765458106995 8339.3437756150961 4027.7751851975918 2176.6604164391756 5896.1936983764172 4615.1405731886625 7040.9245580583811 3661.4058471769094 4666.897546812892 4350.4635941237211 1956.0627289116383 1177.3120638281107 3482.791895210743 3633.2804917544127 2849.875206977129 2921.1766951680183 652.63007810711861 6381.4436031132936 9137.5350500047207
leaf_count=38667 6208 34312 18441 21004 1430 44548 28941 18883 11994 21275 15440 18509 33485 16169 8970 24326 19610 28217 14836 18675 18085 7889 4753 14952 16050 12344 11709 2648 25880 36563
internal_value=-2.03984e-05 0.0171365 -0.0263618 0.00677917 -0.0176444 0.0350494 0.00257437 -0.0375372 0.0303858 -0.0135201 -0.0326292 0.017414 -9.63503e-05 -0.0103542 -0.026186 0.0135602 0.0260748 0.00250314 -0.0206696 -0.00650453 -0.028443 0.00999418 0.00494891 -0.0424771 0.0413032 0.0288648 2.30531e-05 -0.0194992 -0.0185325 -0.00454682
internal_weight=142782 86465.1 56316.5 54788.6 31640.5 31676.5 39266.1 24676.1 18151.9 21341 12385.5 15522.5 28990.3 13956.5 10299.4 10465.2 10326.8 18301.4 5838.07 8694.67 8024.33 10275.7 3133.37 12290.6 13524.6 7465.02 9962.1 7384.57 6731.94 10688.9
internal_count=594813 360462 234351 221604 128324 138858 157765 106027 78260 86077 52408 63839 116182 56119 42247 42835 43948 73411 23806 34844 33525 41583 12642 53619 60598 31954 39926 29958 27310 42771
is_linear=0
shrinkage=0.03


Tree=16
num_leaves=31
num_cat=0
split_feature=6 6 6 6 9 6 11 0 10 6 6 11 10 11 11 11 1 6 9 12 15 10 6 9 0 0 13 6 23 11
split_gain=68201 17252.5 5807.27 2566.65 1152.79 996.012 828.858 641.963 475.234 469.933 451.58 421.853 394.689 352.277 247.945 217.115 211.099 153.222 144.658 104.942 91.3987 83.2133 82.1078 78.2666 91.9259 76.7223 71.8511 66.7056 65.5871 62.9749
threshold=-1.0000000180025095e-35 1.5000000000000002 -2.4999999999999996 1.0000000180025095e-35 7.5000000000000009 3.5000000000000004 10.006833685843278 6.5000000000000009 10.500000000000002 -1.4999999999999998 -3.4999999999999996 31.871022351097171 10.500000000000002 83.147873333427597 59.748767575844234 46.79971808462745 1.0000000180025095e-35 -5.4999999999999991 16.500000000000004 0.18519126382252996 0.2638666867191472 15.500000000000002 -1.4999999999999998 4.5000000000000009 9.5000000000000018 4.5000000000000009 0.070126330525460842 -4.4999999999999991 0.029317999930546557 10.006833685843278
decision_type=2 2 2 2 2 2 2 2 2 2 2 2 2 2 2 2 2 2 2 2 2 2 2 2 2 2 2 2 2 2
left_child=2 3 7 6 22 8 19 10 -3 18 17 29 -5 16 -14 28 20 -1 -6 -2 -8 -7 -4 24 -24 -13 -18 -9 -10 -11
right_child=1 5 4 12 9 21 13 27 15 11 -12 25 14 -15 -16 -17 26 -19 -20 -21 -22 -23 23 -25 -26 -27 -28 -29 -30 -31
leaf_value=-0.042676864301079573 0.00069465542794544001 0.035208244521820233 -0.027073256501104846 0.020472277283282585 -0.02330895001767342 0.041631418742222814 0.0066437567688713423 -0.04428779655927436 0.025756984921186103 -0.015210453996792193 -0.027073256501104846 -0.0045613813374211108 0.01017735431641442 0.0096589004246990309 0.020472277283282585 0.031013441691151521 0.0066437567688713423 -0.033708887000072546 -0.015922156649651562 -0.0045613813374211108 0.00069465542794544001 0.035208244521820233 -0.024744352017987359 -0.017450871324821683 -0.010312983389974202 -0.0098200238331567092 0.00069465542794544001 -0.039607246507639526 0.020472277283282585 -0.010957591418524879
leaf_weight=2738.1703310906887 1654.7897298485041 7796.4951984882355 2986.6237129867077 5345.1317699104548 4597.2434054762125 11358.499145284295 8827.8834140002728 5765.6646962612867 2696.7368147224188 5062.1596761643887 5221.187661960721 4100.2253141254187 7375.9865356683731 4762.1167403757572 2794.1336733847857 4011.2655545324087 1596.4902411401272 4830.2744631022215 5016.6250220984221 10631.17899620533 1350.4064554125071 2041.1402249187231 1722.7953763902187 1742.5860178917646 429.97905524075031 2669.7452913820744 10433.315510392189 5834.5146346539259 3564.4740223288536 3199.8052012175322
leaf_count=12068 6622 34562 12445 22285 18819 51794 35544 25719 11426 20519 21826 16406 30047 19336 11658 17495 6422 20727 20333 42540 5423 9085 7128 7125 1781 10706 41892 25555 15090 12876
internal_value=-2.49121e-05 0.0167071 -0.0258299 0.00653583 -0.0173247 0.0344087 0.00245275 -0.0368218 0.0298045 -0.0142779 -0.032173 -0.0109624 0.016865 0.00539482 0.013066 0.0255528 0.00362861 -0.0369638 -0.0194586 -0.00400551 0.00664376 0.040612 -0.0270733 -0.0224154 -0.0247444 -0.00540249 0.0009359 -0.0419409 0.0220456 -0.0152105
internal_weight=142158 86240 55917.6 54771.4 31527.8 31468.6 39256.2 24389.8 18069 24645.8 12789.6 15031.9 15515.3 26970.2 10170.1 10272.5 22208.1 7568.44 9613.87 12286 10178.3 13399.6 6881.98 3895.36 2152.77 6769.97 12029.8 11600.2 6261.21 8261.96
internal_count=595254 361221 234033 221769 128138 139452 157779 105895 78573 99659 54621 60507 63990 108617 41705 44011 89281 32795 39152 49162 40967 60879 28479 16034 8909 27112 48314 51274 26516 33395
is_linear=0
shrinkage=0.03


Tree=17
num_leaves=31
num_cat=0
split_feature=6 6 6 6 9 6 11 9 11 10 6 10 6 11 11 6 11 1 9 11 6 11 10 6 16 11 15 16 13 16
split_gain=64336.2 16591.2 5632.87 2437.31 1090.07 966.56 796.648 636.814 466.334 462.787 420.715 401.404 314.934 306.709 264.324 251.147 224.297 135.78 120.146 99.4262 96.4157 90.8086 90.7787 85.3687 83.5078 75.6397 72.8871 97.6564 65.4001 63.1129
threshold=-1.0000000180025095e-35 1.5000000000000002 -2.4999999999999996 1.0000000180025095e-35 9.5000000000000018 3.5000000000000004 56.976750840393954 10.500000000000002 10.006833685843278 7.5000000000000009 -4.4999999999999991 10.500000000000002 -1.4999999999999998 10.006833685843278 10.652050692705417 -1.4999999999999998 59.748767575844234 1.0000000180025095e-35 4.5000000000000009 19.37686623159971 2.5000000000000004 41.421654525907691 14.500000000000002 -4.4999999999999991 0.09835541708961866 -74.452390274339777 0.23309230848748858 0.099393999455476736 0.08963387841191145 0.11170627670500309
decision_type=2 2 2 2 2 2 2 2 2 2 2 2 2 2 2 2 2 2 2 2 2 2 2 2 2 2 2 2 2 2
left_child=2 3 7 6 15 9 13 23 25 -3 -9 -5 -10 24 -11 -4 -13 -15 -17 -12 28 -14 -7 -1 -2 -6 -8 -28 -16 -20
right_child=1 5 4 11 8 22 26 10 12 14 19 16 21 17 20 18 -18 -19 29 -21 -22 -23 -24 -25 -26 -27 27 -29 -30 -31
leaf_value=-0.043606212705079861 -0.0044416296161058451 0.034564465211430889 -0.026421615773448776 0.020023086091946942 -0.026421615773448776 0.041316142091916849 0.0093674777977443037 -0.038815823963193712 -0.014486490057653727 0.020023086091946942 -0.031525324250539326 0.0098043053673510794 -0.0097113118456313569 0.0045746088565721474 0.029379863965363257 -0.02310398524661051 0.019837470403714984 -0.00011184978891534717 -0.017310353247992825 -0.026421615773448776 0.032544449328728797 -0.0044416296161058451 0.035317212958643845 -0.038423187629056665 -0.00068106301900435666 -0.018283801133975156 0.0045746088565721474 0.0093674777977443037 0.024369227411023538 -0.0044416296161058451
leaf_weight=5882.5551334619522 9429.4428828209639 5175.4290596246719 4186.181403696537 5325.0141189694405 384.06077727675438 10094.689680427313 7118.0961851924658 4277.3205439597368 5377.1718271523714 3548.1873500347137 3633.9360484927893 7339.3971115201712 4122.7194388508797 7609.4097081124783 3088.1287940144539 2170.3955150842667 2762.9136454313993 9006.7209733724594 3027.9400591701269 4301.9815795868635 3640.6666887700558 4764.8828339278698 3075.9083835184574 6056.3171738088131 2896.4186626821756 7182.5141140371561 1975.6653900146484 1181.1359165757895 2511.8672801554203 314.18105643987656
leaf_count=26625 37730 23277 17496 22295 1577 46808 28900 18957 21830 15137 15499 29939 16571 30584 13416 9018 11577 36107 12327 18096 16138 19071 13896 26827 11591 29260 7976 4776 10835 1278
internal_value=-3.65411e-05 0.0162637 -0.025147 0.00630411 -0.0167941 0.0337421 0.00232992 -0.0360491 -0.0130741 0.0292082 -0.0312193 0.016405 -0.00987834 -0.00021826 0.0260177 -0.0251634 0.0125517 0.00244152 -0.0197864 -0.0271161 0.0287154 -0.00636174 0.0399207 -0.0409839 -0.00380365 -0.0190946 0.00936748 0.00479746 0.0262153 -0.0159763
internal_weight=141461 85779.1 55682.2 54644.2 31530 31134.9 39216.9 24152.1 21831.3 17964.3 12213.2 15427.3 14264.8 28942 12788.9 9698.7 10102.3 16616.1 5512.52 7935.92 9240.66 8887.6 13170.6 11938.9 12325.9 7566.57 10274.9 3156.8 5600 3342.12
internal_count=595414 360982 234432 221475 128428 139507 157664 106004 88309 78803 52552 63811 57472 116012 55526 40119 41516 66691 22623 33595 40389 35642 60704 53452 49321 30837 41652 12752 24251 13605
is_linear=0
shrinkage=0.03


Tree=18
num_leaves=31
num_cat=0
split_feature=6 6 6 6 9 6 11 9 10 6 10 11 6 11 11 16 11 6 11 9 9 17 1 6 10 9 11 15 6 9
split_gain=60822.2 16039.9 5457.11 2331.16 1123.71 960.582 799.798 641.295 456.34 414.102 393.277 336.313 278.474 245.825 211.667 200.799 190.772 176.069 161.327 132.816 125.262 118.058 109.877 94.7331 89.3842 88.8953 84.4264 84.1165 62.2295 73.9529
threshold=-1.0000000180025095e-35 1.5000000000000002 -2.4999999999999996 1.0000000180025095e-35 7.5000000000000009 3.5000000000000004 34.987776019349674 13.500000000000002 7.5000000000000009 -1.4999999999999998 10.500000000000002 26.779111194354986 -5.4999999999999991 46.79971808462745 26.779111194354986 0.085444015240009177 83.147873333427597 -4.4999999999999991 -27.524607623120911 7.5000000000000009 16.500000000000004 0.020214626127739926 1.0000000180025095e-35 2.5000000000000004 10.500000000000002 16.500000000000004 19.37686623159971 0.26792257894297661 -1.4999999999999998 4.5000000000000009
decision_type=2 2 2 2 2 2 2 2 2 2 2 2 2 2 2 2 2 2 2 2 2 2 2 2 2 2 2 2 2 2
left_child=2 3 7 6 28 8 15 17 -3 20 -5 -11 -9 23 -12 21 22 -1 -17 -19 -6 -2 -8 -10 -7 -13 -14 -20 -4 -30
right_child=1 5 4 10 9 24 16 12 13 11 14 25 26 -15 -16 18 -18 19 27 -21 -22 -23 -24 -25 -26 -27 -28 -29 29 -31
leaf_value=-0.042556799326667741 0.0026782197747040187 0.033980611488614851 -0.025877281017503306 0.019607871944316034 -0.021816357993123904 0.04139534686562029 0.0068580012405639887 -0.040103631860137517 0.019607871944316034 -0.014232084650020242 0.0090697849412992842 -0.009854325034461606 -0.030773523776190054 0.030673885295309337 0.016192123687464886 -0.0043808414407088036 0.0090697849412992842 -0.039280698024395565 0.0026782197747040187 -0.031848586079453067 -0.014947360957821169 -0.0043808414407088036 0.0026782197747040187 0.026288108388072853 0.036205044230494761 -0.0043808414407088036 -0.025877281017503306 -0.00089038531517522418 -0.023774927891447202 -0.016771714342752091
leaf_weight=7218.1769943237305 441.14733904600143 5090.4706177413464 2961.6056459993124 5333.6501644700766 4580.8179420679808 7872.4997933506966 5811.1664197891951 1639.4638608694077 4742.14240193367 7478.2817270159721 4429.0693738758564 3149.421709805727 3291.786873921752 4916.6231921762228 5637.4559611678123 2255.4160485863686 4758.5163083225489 4109.9315647929907 8778.9569012373686 3744.4939287155867 5051.7418435066938 9116.738332182169 6832.347698032856 2970.7835754305124 5113.9772659391165 4398.1069792658091 3855.8158193379641 1311.422068297863 2163.6995825767517 1729.1191830933094
leaf_count=33075 1766 23167 12482 22428 18879 37150 23463 7391 20229 30354 17996 12644 14179 21933 23464 9025 19366 18527 35189 16388 20556 36505 27506 13099 23604 17604 16346 5252 9032 7107
internal_value=-7.44183e-05 0.0158022 -0.0245639 0.00606171 -0.0163673 0.033154 0.00218504 -0.0353873 0.0286039 -0.0133616 0.0159545 -0.0102464 -0.0289297 0.0254216 0.0121481 -0.00162934 0.00698578 -0.0391476 0.000917255 -0.0360046 -0.0182178 -0.00438084 0.00464622 0.0220664 0.0393573 -0.00576046 -0.0263562 0.00260007 -0.0258773 -0.0216726
internal_weight=140785 85412.4 55372.5 54705.9 31512.8 30706.5 39305.7 23859.7 17720 24658.4 15400.2 15025.8 8787.07 12629.5 10066.5 21903.7 17402 15072.6 12345.8 7854.43 9632.56 9557.89 12643.5 7712.93 12986.5 7547.53 7147.6 10090.4 6854.42 3892.82
internal_count=595706 361142 234564 221960 128658 139182 158072 105906 78428 100037 63888 60602 37916 55261 41460 87737 70335 67990 49466 34915 39435 38271 50969 33328 60754 30248 30525 40441 28621 16139
is_linear=0
shrinkage=0.03


Tree=19
num_leaves=31
num_cat=0
split_feature=6 6 6 6 9 6 6 6 10 1 0 10 10 0 1 2 13 15 1 9 12 2 13 6 10 22 6 6 15 16
split_gain=57936.9 15291.4 5346.39 2281.03 1108.45 948.305 627.649 402.725 373.617 371.832 289.02 281.037 267.628 204.47 170.079 151.351 147.568 153.478 135.484 130.613 110.457 105.465 100.576 88.2623 79.6125 79.2298 77.1954 75.9546 75.7627 74.8579
threshold=-1.0000000180025095e-35 1.5000000000000002 -2.4999999999999996 1.0000000180025095e-35 7.5000000000000009 2.5000000000000004 -3.4999999999999996 -1.4999999999999998 7.5000000000000009 1.0000000180025095e-35 6.5000000000000009 13.500000000000002 7.5000000000000009 4.5000000000000009 1.0000000180025095e-35 1.5000000000000002 0.070126330525460842 0.1897131302834851 1.0000000180025095e-35 16.500000000000004 0.22221885263469629 1.5000000000000002 0.091770621946757072 4.5000000000000009 7.5000000000000009 0.071798283750278483 -5.4999999999999991 5.5000000000000009 0.2754975140169213 0.10117852400286853
decision_type=2 2 2 2 2 2 2 2 2 2 2 2 2 2 2 2 2 2 2 2 2 2 2 2 2 2 2 2 2 2
left_child=2 3 6 9 -4 12 13 19 -5 15 -8 23 -3 -1 -9 28 20 -18 -10 -6 29 -19 -14 24 -7 -16 -15 -13 -2 -11
right_child=1 5 4 8 7 11 10 14 18 16 -12 27 22 26 25 -17 17 21 -20 -21 -22 -23 -24 -25 -26 -27 -28 -29 -30 -31
leaf_value=-0.033245010675804737 0.0079519202182350979 0.030903869865463646 -0.025332987341650733 0.019309388406024558 -0.021368211566415624 0.038972116641030112 -0.025332987341650733 -0.0065450606212916432 0.015778913530222507 -0.0042409135513818384 -0.033245010675804737 0.030903869865463646 0.025333565697791799 -0.042991648469537298 -0.0046038630665981668 0.0011189594422564011 0.0060615586733688389 -0.003960133560545415 0.00937622225703213 -0.014338468597583262 0.0090012618325613809 0.0013065007124028469 0.019309388406024558 0.041422335894688932 0.033111034109155266 -0.013744635375661363 -0.038043825929873716 0.039700029825965794 0.00015701149591316807 0.0090012618325613809
leaf_weight=3330.8206868618727 11298.960395231843 2875.3748621791601 6792.1038559228182 3451.6061998307705 4559.3093801885843 3827.89269118011 5136.7227450609207 7341.2892161160707 6154.8868122547865 727.16963440179825 3131.7430287599564 5096.760515704751 4421.6895462870598 5363.6041115522385 912.69692791998386 5269.9528737068176 2173.7353101819754 11663.448905527592 5781.9229225814342 5024.9810197204351 1686.8660164326429 4841.4306516647339 3301.1499005109072 6501.7365288287401 3443.3029001355171 6671.2782106548548 6651.8632788211107 907.30690947175026 1246.0299291312695 265.31275619566441
leaf_count=14744 45526 13151 28497 14581 18861 18038 21894 29612 25526 2924 14085 23101 19347 24943 3676 21221 8763 46830 23924 20487 6804 19447 14305 31181 15910 26969 30381 4250 4999 1070
internal_value=2.62238e-06 0.0155288 -0.0240106 0.0060307 -0.0158786 0.0325881 -0.0347874 -0.0128869 0.0158167 0.00218582 -0.028108 0.036471 0.0253367 -0.038382 -0.00980295 0.00538585 -0.000483621 -0.00142824 0.0126797 -0.0176863 0.00609779 -0.00241528 0.022304 0.0388409 0.0365219 -0.012954 -0.0402593 0.0310236 0.00717784 -0.00208273
internal_weight=139853 84936.5 54916.4 54561.3 31301.7 30375.2 23614.8 24509.6 15388.4 39172.9 8268.47 19777 10598.2 15346.3 14925.3 17814.9 21358 18678.6 11936.8 9584.29 2679.35 16504.9 7722.84 13772.9 7271.2 7583.98 12015.5 6004.07 12545 992.482
internal_count=595047 360898 234149 221615 128102 139283 106047 99605 64031 157584 35979 92480 46803 70068 60257 71746 85838 75040 49450 39348 10798 66277 33652 65129 33948 30645 55324 27351 50525 3994
is_linear=0
shrinkage=0.03


Tree=20
num_leaves=31
num_cat=0
split_feature=6 6 6 6 9 6 11 9 10 11 10 6 6 11 11 16 11 6 11 9 9 17 17 13 6 16 10 9 6 11
split_gain=55020 14578.9 5166.5 2113.5 996.051 940.917 751.055 669.176 444.359 404.653 374.607 355.75 278.945 253.159 220.958 185.648 173.332 170.693 161.595 124.927 118.495 115.341 104.26 102.417 92.3802 87.2882 86.2673 76.962 74.9405 71.84
threshold=-1.0000000180025095e-35 1.5000000000000002 -2.4999999999999996 1.0000000180025095e-35 7.5000000000000009 3.5000000000000004 34.987776019349674 13.500000000000002 7.5000000000000009 10.006833685843278 10.500000000000002 -1.4999999999999998 -5.4999999999999991 10.652050692705417 58.260641633103553 0.085444015240009177 83.147873333427597 -4.4999999999999991 -2.3818304515770019 16.500000000000004 8.5000000000000018 0.035123536656494349 0.020214626127739926 0.089799366890289681 -1.4999999999999998 0.10266374394942938 10.500000000000002 4.5000000000000009 -3.4999999999999996 -74.452390274339777
decision_type=2 2 2 2 2 2 2 2 2 2 2 2 2 2 2 2 2 2 2 2 2 2 2 2 2 2 2 2 2 2
left_child=2 3 7 6 24 8 15 17 -3 29 -5 -11 -9 -10 -12 22 21 -1 -17 -13 -19 25 -2 -15 -4 -8 -7 -26 -14 -6
right_child=1 5 4 10 9 26 16 12 13 11 14 19 28 23 -16 18 -18 20 -20 -21 -22 -23 -24 -25 27 -27 -28 -29 -30 -31
leaf_value=-0.041457540040966044 0.0027219524743856641 0.032847371860138141 -0.024817758367833193 0.018966057066585724 -0.024817758367833193 0.04028703460403131 0.0027219524743856641 -0.038780389957945159 0.018966057066585724 -0.013933879113065265 0.0088971692059818738 -0.010097176287220542 -0.029427656006519729 0.029941818718585228 0.018794765530369125 -0.0034190181856268344 0.0088193130390664815 -0.03819159109081606 0.0027219524743856641 -0.0041435011766848308 -0.03066980860451389 0.0067363104238895377 -0.0041435011766848308 0.023444783649455805 -0.02241107778698152 0.0067363104238895377 0.035116665654120159 -0.015109931054621818 -0.024817758367833193 -0.017247996646080743
leaf_weight=6997.6025740355253 441.8412397056818 4930.3935099542141 2911.5263976156712 5279.2196455895901 425.55392116308212 7587.2285930365324 6782.908215045929 1608.4901757836342 3472.8817403763533 6151.8813843131065 7240.0640604496002 4155.8334548175335 3231.6731041073799 4942.2051423788071 2823.9992721676826 4831.8361575007439 4726.0053684562445 4318.6523026078939 7490.7979629784822 5786.4282345473766 3387.7684687376022 3876.6715342253447 9069.7407860308886 4021.4242367744446 2130.9117998033762 2048.0146316736937 4996.7221820950508 1736.6804740279913 3781.5020061135292 8010.122131049633
leaf_count=33089 1769 23000 12421 22386 1765 37012 27326 7450 15089 25238 29679 16735 14254 22246 11958 19337 19266 19957 30046 23222 15102 15672 36318 17952 8990 8263 23698 7190 16161 32892
internal_value=8.56679e-06 0.015169 -0.023456 0.00594365 -0.0154915 0.0319885 0.00225423 -0.034144 0.0274548 -0.0126684 0.0153844 -0.00987661 -0.0274933 0.0243074 0.0116776 -0.00145312 0.00689702 -0.0380394 0.000993024 -0.00626047 -0.0349256 0.00465331 -0.0041435 0.0270329 -0.0248178 0.00272195 0.0382399 -0.0200044 -0.0248942 -0.0179912
internal_weight=139197 84562 54634.6 54611.1 31308.9 29950.9 39267.8 23325.7 17366.9 24529.8 15343.3 16094.1 8621.67 12436.5 10064.1 21834.2 17433.6 14704 12322.6 9942.26 7706.42 12707.6 9511.58 8963.63 6779.12 8830.92 12584 3867.59 7013.18 8435.68
internal_count=595483 361017 234466 222020 128453 138997 157997 106013 78287 99852 64023 65195 37865 55287 41637 87470 70527 68148 49383 39957 35059 51261 38087 40198 28601 35589 60710 16180 30415 34657
is_linear=0
shrinkage=0.03


Tree=21
num_leaves=31
num_cat=0
split_feature=6 6 6 6 9 6 11 9 11 9 6 11 11 9 6 11 6 16 9 15 9 6 11 9 6 6 9 11 0 9
split_gain=52220 14215.3 4947.91 2052.76 991.756 920.29 711.726 637.272 381.303 338.632 328.809 288.68 285.879 276.36 270.734 225.612 178.212 120.324 118.486 102.928 90.0103 85.6214 79.4869 78.9643 78.9577 75.8755 75.832 75.1557 74.4398 86.2917
threshold=-1.0000000180025095e-35 1.5000000000000002 -2.4999999999999996 1.0000000180025095e-35 7.5000000000000009 2.5000000000000004 56.976750840393954 13.500000000000002 10.006833685843278 11.500000000000002 -1.4999999999999998 29.961781751371976 3.8384054805717374 14.500000000000002 -5.4999999999999991 24.016125231809614 -3.4999999999999996 0.083288133145543786 16.500000000000004 0.2638666867191472 7.5000000000000009 5.5000000000000009 19.37686623159971 8.5000000000000018 4.5000000000000009 -1.4999999999999998 14.500000000000002 -74.452390274339777 9.5000000000000018 4.5000000000000009
decision_type=2 2 2 2 2 2 2 2 2 2 2 2 2 2 2 2 2 2 2 2 2 2 2 2 2 2 2 2 2 2
left_child=2 3 7 6 25 11 12 16 27 -5 -10 23 -2 24 -9 -11 -1 -14 -12 -19 -18 -15 -16 -3 -7 -4 -13 -6 29 -27
right_child=1 5 4 9 8 13 -8 14 10 15 18 26 17 21 22 -17 20 19 -20 -21 -22 -23 -24 -25 -26 28 -28 -29 -30 -31
leaf_value=-0.039554364860173101 -0.0041090169721758789 0.023855476168843391 -0.024354501631739675 0.018564763836941219 -0.024354501631739675 0.035676245431558104 0.0085093916830523957 -0.038237567168230527 -0.013587130870567845 0.0085093916830523957 -0.0098756627706310177 0.029821095964205166 -0.0011047455408092403 0.029821095964205166 -0.02911735603117209 0.015538890569394413 -0.035892074318438882 0.004066923051059157 -0.0041090169721758789 -0.0011047455408092403 -0.027777017825654286 0.038508080703176066 -0.024354501631739675 0.018564763836941219 0.040533379564845685 -0.022117252732108329 0.024617478841489543 -0.016758717125973637 -0.0079693297559313685 -0.015287741722299651
leaf_weight=10140.697821006179 10662.09735108912 1044.8258520811796 2886.3819062262774 4638.5727405101061 434.63982930779457 6597.1062253862619 10213.602943092585 1584.9315489530563 6107.0508615076542 4326.3016128838062 4132.2842563986778 2888.9952623099089 6129.1149424314499 5613.279075756669 3208.0324097275734 6309.3581214249134 2190.3982191681862 10645.876303300261 5764.4904992431402 1538.5633327364922 2152.0885487943888 1072.716666072607 3780.5339280813932 3733.8571152091026 5968.2765077203512 1699.671850591898 2772.4342745244503 7982.1332183480263 423.78512015938759 1727.6388748735189
leaf_count=48389 42667 4869 12391 19768 1811 31722 41531 7449 25108 17680 16653 13386 24594 26040 14174 26484 10189 42764 23139 6170 9517 5195 16367 16202 29631 7211 12420 32870 1794 7173
internal_value=-2.46381e-05 0.0147676 -0.0229857 0.00566339 -0.0151878 0.0314661 0.00202702 -0.0335212 -0.0123626 0.0149918 -0.00964192 0.0242842 -0.000375546 0.035358 -0.027024 0.0117056 -0.037363 0.00189953 -0.00616419 0.00363355 -0.0322298 0.0304029 -0.0244707 0.0188386 0.0379894 -0.0243545 0.0288724 -0.0175323 -0.01988 -0.0213472
internal_weight=138370 84155 54214.8 54463.5 31158.1 29691.5 39189.3 23056.7 24420.6 15274.2 16003.8 10440.1 28975.7 19251.4 8573.5 10635.7 14483.2 18313.6 9896.77 12184.4 4342.49 6686 6988.57 4778.68 12565.4 6737.48 5661.43 8416.77 3851.1 3427.31
internal_count=595358 361123 234235 221658 128150 139465 157726 106085 99581 63932 64900 46877 116195 92588 37990 44164 68095 73528 39792 48934 19706 31235 30541 21071 61353 28569 25806 34681 16178 14384
is_linear=0
shrinkage=0.03


Tree=22
num_leaves=31
num_cat=0
split_feature=6 6 6 6 9 6 9 11 10 10 6 11 6 11 11 11 6 9 1 11 9 10 14 14 16 6 0 9 11 2
split_gain=49257.9 13382.2 4864.09 1859.93 967.863 945.628 624.981 615.917 439.089 364.434 354.43 298.963 276.285 255.167 204.856 188.234 187.24 120.179 115.028 102.766 91.7048 89.9147 78.6326 75.7319 73.1944 72.928 75.7502 83.0981 72.6344 69.8593
threshold=-1.0000000180025095e-35 1.5000000000000002 -2.4999999999999996 1.0000000180025095e-35 7.5000000000000009 3.5000000000000004 13.500000000000002 56.976750840393954 12.500000000000002 10.500000000000002 -1.4999999999999998 31.871022351097171 -5.4999999999999991 3.8384054805717374 58.260641633103553 46.79971808462745 -3.4999999999999996 13.500000000000002 1.0000000180025095e-35 11.280555318498957 7.5000000000000009 10.500000000000002 0.035662390720303562 0.045150344511471062 0.085444015240009177 -1.4999999999999998 9.5000000000000018 4.5000000000000009 19.37686623159971 1.5000000000000002
decision_type=2 2 2 2 2 2 2 2 2 2 2 2 2 2 2 2 2 2 2 2 2 2 2 2 2 2 2 2 2 2
left_child=2 3 6 7 25 8 16 13 19 -5 17 -12 -8 -2 -11 -10 -1 -6 -15 -3 -18 -7 -9 24 -19 -4 27 -27 -14 -20
right_child=1 5 4 9 10 21 12 22 15 14 11 -13 28 18 -16 -17 20 23 29 -21 -22 -23 -24 -25 -26 26 -28 -29 -30 -31
leaf_value=-0.038973127939071601 -0.0037446829450598403 0.025303561619151899 -0.023753091888934562 0.018216697613093934 -0.021422751504603172 0.039285116229401798 -0.037830761239095324 0.0083479861472321188 0.018216697613093934 0.0083479861472321188 -0.012660795268822394 -0.0042678227582945297 -0.028337182327566688 0.0041433349067820655 0.017775227502569369 0.026892543193659756 -0.035200929208808067 -0.017747879069228742 -0.00082630684482421337 0.031696461647199414 -0.026905925815532167 0.033935679557848854 0.0041433349067820655 -0.023753091888934562 -0.012660795268822394 -0.021559997981249742 -0.0073561840824032934 -0.014831687018284702 -0.023753091888934562 0.0039856163172139487
leaf_weight=9997.2251782864332 10679.956618800759 2595.1301150470972 2849.823967397213 5248.6825038641691 2935.6714662015438 7376.0406344085932 1560.6931280493736 8340.6440464407206 4679.2200026065111 7197.4516369104385 8164.9291434586048 6727.2931475043297 3164.3052801787853 8329.7722999602556 2801.9908615350723 2981.1991051435471 2177.0130622684956 2682.8785749673843 7010.2703609466553 6774.5015659630299 2123.2371127307415 4842.6605792790651 1858.141785800457 248.2153245806694 3655.3989578485489 1704.8442906290293 423.56566174328327 1708.3739625066519 3757.3617086112499 2929.503868535161
leaf_count=48485 42739 11973 12314 22460 12334 37260 7447 33959 20584 29603 33328 26990 14107 33509 11964 13743 10268 11047 28101 31954 9473 23629 7558 1025 15010 7272 1797 7114 16379 11750
internal_value=2.47732e-05 0.0144346 -0.022345 0.00563523 -0.0146292 0.0307982 -0.032877 0.00217287 0.0262221 0.0145231 -0.0118466 -0.00895413 -0.0264112 -6.13163e-05 0.0108912 0.020883 -0.0367087 -0.0163675 0.00209207 0.0305818 -0.0314287 0.0371709 0.00834799 -0.0141084 -0.0133806 -0.0237531 -0.0193669 -0.0208522 -0.0238262 -0.000116916
internal_weight=137526 83645.2 53880.8 54396.4 31101 29248.8 22779.8 39148.3 17030.1 15248.1 24414.4 14892.2 8482.36 28949.5 9999.44 7660.42 14297.5 9522.16 18269.5 9369.63 4300.25 12218.7 10198.8 6586.49 6338.28 6686.61 3836.78 3413.22 6921.67 9939.77
internal_count=595176 360786 234390 221643 128231 139143 106159 157616 78254 64027 99734 60318 37933 116099 41567 34327 68226 39416 73360 43927 19741 60889 41517 27082 26057 28497 16183 14386 30486 39851
is_linear=0
shrinkage=0.03


Tree=23
num_leaves=31
num_cat=0
split_feature=6 6 6 6 9 6 0 11 10 10 11 6 6 11 6 11 11 6 1 9 9 10 6 15 16 9 15 11 13 1
split_gain=46309.8 13127.4 4746.78 1755.52 973.476 935.242 647.367 613.194 451.278 378.158 358.326 296.938 268.226 247.098 225.253 183.215 175.879 165.322 119.018 110.431 103.606 88.9248 78.6442 74.6573 76.6397 73.989 73.2899 75.6825 68.789 68.4579
threshold=-1.0000000180025095e-35 1.5000000000000002 -2.4999999999999996 1.0000000180025095e-35 10.500000000000002 3.5000000000000004 5.5000000000000009 56.976750840393954 10.500000000000002 13.500000000000002 10.006833685843278 -5.4999999999999991 -1.4999999999999998 9.0239506945936245 -1.4999999999999998 29.961781751371976 58.260641633103553 -4.4999999999999991 1.0000000180025095e-35 7.5000000000000009 4.5000000000000009 13.500000000000002 -3.4999999999999996 0.23309230848748858 0.099393999455476736 16.500000000000004 0.29234939425386608 -74.452390274339777 0.089799366890289681 1.0000000180025095e-35
decision_type=2 2 2 2 2 2 2 2 2 2 2 2 2 2 2 2 2 2 2 2 2 2 2 2 2 2 2 2 2 2
left_child=2 3 6 7 12 8 11 13 -3 -5 26 -1 -4 29 -12 -10 -11 -8 -15 -19 -14 -7 -13 -9 -25 -16 27 -6 -17 -2
right_child=1 5 4 9 10 21 17 23 15 16 14 22 20 18 25 28 -18 19 -20 -21 -22 -23 -24 24 -26 -27 -28 -29 -30 -31
leaf_value=-0.03748680683635347 -0.00077428565213448952 0.031229641602855861 -0.023249766937567189 0.017794198800488346 -0.023249766937567189 0.03823686825128203 -0.039886494615073084 0.0079505096336728257 0.017794198800488346 0.0079505096336728257 -0.0118294908603413 -0.027908534653294469 -0.019876427066316205 0.0038297075444969587 -0.0082812712117387392 0.028433104165560403 0.016690043380603644 -0.036549222986318984 -0.00036295912476195591 -0.029123949122081959 -0.013240367466869374 0.032209765248270912 -0.023249766937567189 0.0038297075444969587 0.0079505096336728257 -0.0039071187755400022 -0.023249766937567189 -0.014117278498573903 0.021580998143307866 -0.0039071187755400022
leaf_weight=1639.6901575475931 5335.0924189388752 7189.7708492875099 4274.2518369555473 7167.2058445811272 346.4766600728035 8948.1761158406734 6505.732833981514 7130.2207579016685 4484.5069853067398 5704.3853779435158 5175.0214992165565 3310.0699068456888 2105.778672337532 7791.5286384522915 2858.6564773023129 2941.1129739284515 2291.0000246763229 3828.187729537487 9202.1079861670732 3286.7438432425261 3611.1681491136551 3052.58240711689 3865.2954650819302 1960.3449251949787 1179.9551521539688 5826.8369949012995 635.86773985624313 6287.0182745009661 2310.885574221611 6672.2710750699043
leaf_count=7951 21350 34526 18459 30554 1455 45873 32360 29113 19769 23484 21284 15010 9014 31365 11515 13641 9826 18515 36901 15203 14881 14944 16873 7943 4794 23405 2636 25991 10595 26703
internal_value=-1.60561e-05 0.0139685 -0.0217828 0.00528959 -0.014198 0.0302988 -0.0323015 0.0019417 0.0257499 0.0139593 -0.0105478 -0.0259536 -0.0219141 -0.000291095 -0.00771666 0.021529 0.00939647 -0.0364053 0.00203654 -0.033212 -0.0165031 0.0367094 -0.0233084 0.00795051 0.00382971 -0.00473305 -0.0159423 -0.0149661 0.0253678 -0.00358511
internal_weight=136918 83361.1 53556.8 54434.1 31121.1 28927 22435.7 39271.5 16926.3 15162.6 21129.9 8815.06 9991.2 29001 13860.5 9736.51 7995.39 13620.7 16993.6 7114.93 5716.95 12000.8 7175.37 10270.5 3140.3 8685.49 7269.36 6633.49 5252 12007.4
internal_count=595933 361381 234552 222033 128640 139348 105912 158169 78531 63864 86286 39834 42354 116319 56204 44005 33310 66078 68266 33718 23895 60817 31883 41850 12737 34920 30082 27446 24236 48053
is_linear=0
shrinkage=0.03


Tree=24
num_leaves=31
num_cat=0
split_feature=11 11 7 10 15 13 11 15 0 1 1 11 0 12 13 13 12 20 7 7 17 12 17 14 17 16 15 11 12 17
split_gain=3815.02 1105.15 678.196 574.373 463.222 438.521 331.339 270.002 264.712 298.757 261.865 201.188 200.258 199.083 234.242 228.001 213.454 195.953 191.375 180.503 179.95 272.712 223.225 197.052 191.617 187.735 176.205 175.917 169.361 170.688
threshold=21.066316802066698 82.36114706545915 3.5000000000000004 1.0000000180025095e-35 0.2638666867191472 0.078532507801734527 -68.910543978746759 0.17102959293316927 8.5000000000000018 1.0000000180025095e-35 1.0000000180025095e-35 -34.753533852282651 8.5000000000000018 0.20519725554458848 0.081131131388743546 0.11273539923384163 0.30345787210872621 1.0000000180025095e-35 2.5000000000000004 1.0000000180025095e-35 0.029791908155675433 0.27508481738869722 0.05122209023725121 0.037498791736314409 0.021447580998683633 0.11299715587214858 0.20288253653768396 112.2720216547939 0.25110916693497259 0.04094871104141825
decision_type=2 2 2 2 2 2 2 2 2 2 2 2 2 2 2 2 2 2 2 2 2 2 2 2 2 2 2 2 2 2
left_child=2 4 6 -4 5 -2 -1 -3 9 17 12 -5 -8 15 20 -9 27 -7 -19 -14 24 22 23 26 -15 -23 -22 -16 29 -28
right_child=1 7 3 11 -6 8 10 13 -10 -11 -12 -13 19 14 16 -17 -18 18 -20 -21 21 25 -24 -25 -26 -27 28 -29 -30 -31
leaf_value=-0.015659954378093272 0.0066893446161578017 0.026002852195796223 -0.039595065925514476 -0.018696907993834066 -0.00088918413958005422 0.0066893446161578017 -0.00088918413958005422 0.0066893446161578017 -0.00088918413958005422 0.00024435931383717932 -0.0060197764661556056 -0.0086741467021439755 -0.00088918413958005422 0.035473222504841029 0.0066893446161578017 0.048249644779432388 0.028001710353546528 0.0049457592744977501 -0.00088918413958005422 -0.0097170425171132745 0.043105394496888078 0.0066893446161578017 0.0066893446161578017 0.0066893446161578017 0.0066893446161578017 0.04869795384496136 0.011721108757029405 0.014737112420584819 0.042934531945261818 0.043404395458113865
leaf_weight=2218.099586725235 14749.58953641355 1014.4761685729027 666.51167032122612 2318.1834214478731 7381.102828219533 6569.5709090232849 19244.315329402685 2573.5949610471725 3668.7306977510452 18353.419767707586 22393.966151922941 8123.7755487561226 491.97701250016689 225.53692227602005 5007.2190862149 166.43449169397354 481.57024145126343 9423.5530088990927 2542.9103620648384 871.62449981272221 782.13360591232777 729.7951398640871 82.917623922228813 309.58622634410858 1701.6270332634449 93.920939087867737 746.09724846482277 2507.7614596933126 343.45846258103848 191.43915992975235
leaf_count=9361 64697 4555 3482 11601 31996 30444 80849 11335 16877 79473 93918 40491 1971 1020 22284 764 2150 38875 11916 3986 3490 3207 358 1385 7469 429 3369 11184 1555 873
internal_value=-1.45336e-05 0.00421134 -0.00598971 -0.0126308 0.00237321 0.00353813 -0.00435781 0.0110055 0.00186505 0.00295764 -0.00377413 -0.0109024 -0.00133351 0.010048 0.0119044 0.00668934 0.00867639 0.00564388 0.00263526 -0.00971704 0.016857 0.0211328 0.0261429 0.0285135 0.00956673 0.00668934 0.031861 0.00743088 0.0249391 0.0182693
internal_weight=135975 79646.4 56328.5 11108.5 62688.9 55307.8 45220 16957.6 40558.2 36889.5 43001.9 10442 20607.9 15943.1 13203.1 2740.03 7996.55 18536 11966.5 1363.6 5206.51 3279.35 2455.63 2372.71 1927.16 823.716 2063.13 7514.98 1280.99 937.536
internal_count=595364 349705 245659 55574 274278 242282 190085 75427 177585 160708 180724 52092 86806 70872 58773 12099 35618 81235 50791 5957 23155 14666 11030 10672 8489 3636 9287 33468 5797 4242
is_linear=0
shrinkage=0.03


Tree=25
num_leaves=31
num_cat=0
split_feature=6 6 6 6 9 6 0 11 6 10 10 6 11 11 11 11 9 0 1 10 14 6 11 12 6 0 9 13 11 2
split_gain=44049.1 12379.2 4520.99 1682.03 933.134 922.198 623.37 538.027 433.813 425.721 364.418 334.594 250.807 212.285 186.438 176.675 110.991 109.61 101.846 88.3584 83.9806 77.8887 73.7143 72.3715 70.3221 89.677 75.0808 64.6716 61.7496 56.1184
threshold=-1.0000000180025095e-35 1.5000000000000002 -2.4999999999999996 1.0000000180025095e-35 7.5000000000000009 3.5000000000000004 6.5000000000000009 56.976750840393954 -4.4999999999999991 10.500000000000002 9.5000000000000018 -1.4999999999999998 6.5405368118834994 10.006833685843278 46.79971808462745 26.779111194354986 16.500000000000004 3.5000000000000004 1.0000000180025095e-35 10.500000000000002 0.035662390720303562 -4.4999999999999991 19.37686623159971 0.18519126382252996 -1.4999999999999998 9.5000000000000018 4.5000000000000009 0.089039588989332411 8.5159193889921898 1.5000000000000002
decision_type=2 2 2 2 2 2 2 2 2 2 2 2 2 2 2 2 2 2 2 2 2 2 2 2 2 2 2 2 2 2
left_child=2 3 6 7 24 9 8 13 -1 28 -5 17 -13 23 -11 -12 -14 -6 -15 -7 -9 -8 -10 -2 -4 26 -26 -17 -3 -20
right_child=1 5 4 10 11 19 21 20 22 14 15 12 16 18 -16 27 -18 -19 29 -21 -22 -23 -24 -25 25 -27 -28 -29 -30 -31
leaf_value=-0.03488728307157736 -0.00043890143086105496 0.02511048741196252 -0.022772238457857655 0.017544088575690592 -0.011974402565534387 0.038355766480192607 -0.039764484895920486 0.0079317502412277127 -0.02714103319252667 0.017805652005237205 0.0079317502412277127 -0.011974402565534387 -0.0087795563471850645 0.0039410666028404278 0.026399909462760957 0.017065493113547311 -0.0037743189543664106 -0.018133407843203376 -0.00043890143086105496 0.032955303178972016 0.0039410666028404278 -0.034439972716888707 -0.022772238457857655 -0.0037743189543664106 -0.02058503439217153 -0.0054535557029368152 -0.014227356918737661 0.011011323945058108 0.030717306040628865 0.0039410666028404278
leaf_weight=4065.5024187415838 1656.7678910046816 1828.7916666120291 2827.4199964553118 4901.4253613650799 3578.4108646064997 7061.5520123690367 5048.241789996624 8302.4414383023977 3528.2783321589231 5931.0001214295626 4524.5175484269857 4631.7251428663731 4286.9147135913372 7582.314917370677 3711.1460642516613 3064.8070842772722 6016.5751407444477 5845.8604294657707 6383.188508450985 4682.4006864577532 1885.8066744655371 5228.9580307453871 4222.3634797483683 10634.125322431326 1665.8714887499809 429.44194056093693 1715.8325984925032 2622.9750475138426 5227.8658340126276 2655.1433616429567
leaf_count=19889 6631 8754 12385 21198 14755 37031 25737 33920 16054 26428 18544 19121 17326 30544 17523 13045 24190 24493 25593 23556 7689 25486 18685 42563 7185 1835 7185 11121 25614 10655
internal_value=3.89709e-05 0.013735 -0.0212836 0.00532524 -0.0138914 0.0297629 -0.0316531 0.00203962 -0.0269426 0.0252261 0.0138239 -0.0111586 -0.00836368 -4.9617e-05 0.0211183 0.010288 -0.00558471 -0.0155851 0.00216089 0.0362085 0.00793175 -0.0370626 -0.0227722 -0.0030387 -0.0227722 -0.0183978 -0.0200374 0.0140909 0.0307173 -5.51293e-05
internal_weight=135748 82656.3 53091.4 54213.5 30998.1 28442.8 22093.3 39099.8 11816.1 16698.8 15113.7 24359.5 14935.2 28911.5 9642.15 10212.3 10303.5 9424.27 16620.6 11744 10188.2 10277.2 7750.64 12290.9 6638.57 3811.15 3381.7 5687.78 7056.66 9038.33
internal_count=594735 360409 234326 221503 128475 138906 105851 157595 54628 78319 63908 99885 60637 115986 43951 42710 41516 39248 66792 60587 41609 51223 34739 49194 28590 16205 14370 24166 34368 36248
is_linear=0
shrinkage=0.03


Tree=26
num_leaves=31
num_cat=0
split_feature=6 6 6 6 0 6 0 11 6 10 10 11 6 11 11 1 6 11 10 2 9 17 14 9 16 6 15 11 11 0
split_gain=41663.5 12073.7 4361.02 1590.66 927.162 911.464 652.104 505.132 442.299 419.168 351.937 319.227 215.695 211.195 209.093 204.93 190.301 104.407 96.2276 88.5483 86.0118 82.6527 79.8467 79.8415 76.0804 74.3921 69.5503 70.087 67.8593 66.5811
threshold=-1.0000000180025095e-35 1.5000000000000002 -2.4999999999999996 1.0000000180025095e-35 6.5000000000000009 3.5000000000000004 6.5000000000000009 56.976750840393954 -4.4999999999999991 8.5000000000000018 7.5000000000000009 10.006833685843278 -1.4999999999999998 29.201589036856152 46.79971808462745 1.0000000180025095e-35 -1.4999999999999998 10.006833685843278 14.500000000000002 1.5000000000000002 4.5000000000000009 0.029296644812658399 0.035662390720303562 16.500000000000004 0.084754773995779048 -3.4999999999999996 0.29234939425386608 -74.452390274339777 19.37686623159971 9.5000000000000018
decision_type=2 2 2 2 2 2 2 2 2 2 2 2 2 2 2 2 2 2 2 2 2 2 2 2 2 2 2 2 2 2
left_child=2 3 6 7 11 9 8 15 -1 -3 -5 26 -13 -12 21 19 -6 -17 -7 -2 29 -11 -9 -14 -16 -8 27 -4 -10 -18
right_child=1 5 4 10 16 18 25 22 28 14 13 12 23 -15 24 17 20 -19 -20 -21 -22 -23 -24 -25 -26 -27 -28 -29 -30 -31
leaf_value=-0.034334379429120647 0.0037590574151513921 0.030264573244305121 -0.022307048617974414 0.017190042093760353 -0.022307048617974414 0.037289757232215885 -0.038310120064707368 0.0076400995366134837 -0.026560321994642967 0.022399339633887808 0.0076400995366134837 -0.011312455549654783 -0.0079387865564971502 0.01435702872155456 0.022505641736505932 -0.0037118462580238674 -0.019410043261828509 -5.8029357002384994e-05 0.030770466620616721 -0.001187007877086532 -0.013276133549613668 0.017190042093760353 0.0037590574151513921 -0.0037118462580238674 0.029613428986563533 -0.032525966824549404 -0.022307048617974414 -0.013420017417758202 -0.022307048617974414 -0.0064703988406964045
leaf_weight=3992.8587341457605 9167.2727174907923 5030.4394755959511 345.77058008313179 3360.3185189962387 4005.6633827239275 8849.6840769350529 7205.287237226963 8327.8486769199371 3471.9772258251905 3114.1554567068815 5462.2182390093803 5252.4591194242239 3083.7669019848108 6208.4368432611227 1552.1076472252607 6831.255087018013 1658.2176077365875 9050.1334202736616 2747.4603222459555 3902.0366733968258 3268.36091786623 4005.334523499012 1854.9389391392469 5779.3719665706158 2893.6704796999693 2924.6942549943924 650.52233047783375 6390.156082585454 4188.2260129600763 419.28771594166756
leaf_count=19830 36837 24981 1470 14611 17550 47050 37117 34063 15946 14129 22587 21704 12437 26569 7448 27348 7193 36297 13829 15674 13550 18129 7567 23222 13895 14219 2719 26574 18667 1794
internal_value=4.96094e-05 0.0133735 -0.0207972 0.00508601 -0.0135401 0.0292941 -0.031074 0.00189956 -0.026224 0.0247783 0.0133806 -0.0101089 -0.00746283 0.0104169 0.021549 -0.000121985 -0.0214258 -0.00241154 0.0357509 0.00266015 -0.016513 0.0183501 0.0076401 -0.00456512 0.0266612 -0.0366469 -0.0151621 -0.014219 -0.022307 -0.01941
internal_weight=134994 82357.3 52636.6 54164.5 30853.6 28192.9 21783 39133.5 11653.1 16595.7 15031 21502 14115.6 11670.7 11565.3 28950.7 9351.53 15881.4 11597.1 13069.3 5345.87 7119.49 10182.8 8863.14 4445.78 10130 7386.45 6735.93 7660.2 2077.51
internal_count=595006 361014 233992 221553 128213 139461 105779 157786 54443 78582 63767 88126 57363 49156 53601 116156 40087 63645 60879 52511 22537 32258 41630 35659 21343 51336 30763 28044 34613 8987
is_linear=0
shrinkage=0.03


Tree=27
num_leaves=31
num_cat=0
split_feature=11 11 7 10 17 15 11 1 13 13 13 11 16 17 13 13 14 17 9 17 17 11 16 17 21 13 16 15 16 16
split_gain=3329.66 971.613 607.777 507.46 397.488 412.524 315.795 261.916 260.267 391.58 255.676 253.974 223.291 222.821 223.295 204.283 191.132 196.842 184.544 182.781 180.898 166.491 154.076 159.875 153.336 141.241 138.117 136.114 135.112 125.276
threshold=21.066316802066698 72.895152175307103 3.5000000000000004 1.0000000180025095e-35 0.034676938109219672 0.19414813704276199 -68.910543978746759 1.0000000180025095e-35 0.078713832274241821 0.11029479626358729 0.076170193385312265 99.143032179048319 0.092011768305683764 0.040774252776616095 0.086388416129551074 0.098989905815499143 0.023288884348807749 0.031667051405078063 2.5000000000000004 0.041586715133523515 0.025852770551991821 -24.183871249676141 0.10321244899733469 0.040169285262888099 0.24751740957288307 0.10556714935351295 0.099944030461381297 0.16419830887524681 0.086341616380575512 0.08413447690228254
decision_type=2 2 2 2 2 2 2 2 2 2 2 2 2 2 2 2 2 2 2 2 2 2 2 2 2 2 2 2 2 2
left_child=2 4 6 -4 5 -2 29 18 10 13 12 26 27 -10 -15 -6 17 -14 -8 -16 -11 -5 23 -22 28 -17 -12 -3 -9 -1
right_child=1 8 3 21 15 -7 7 24 9 20 11 -13 16 14 19 25 -18 -19 -20 -21 22 -23 -24 -25 -26 -27 -28 -29 -30 -31
leaf_value=-0.0093787149944595683 0.0054862766755435066 0.052287421582820723 -0.038302561880424975 -0.016147963100621172 0.0054862766755435066 -0.00085660836907221357 -0.0093787149944595683 -0.0093787149944595683 0.0054862766755435066 0.0054862766755435066 0.0056735031558761851 0.043026236039698788 0.0054862766755435066 0.03111169315873322 0.033664358102508868 -0.00085660836907221357 0.0054862766755435066 0.041160840160982225 -0.00085660836907221357 0.0054862766755435066 0.024430251847072058 -0.0078335687304564149 0.038412880172715227 0.0054862766755435066 -0.0014288205027706247 0.0054862766755435066 0.029077707182954351 0.015922436703992168 -0.0045831890624250839 -0.021351471416724083
leaf_weight=892.42902812361717 5209.8896042704582 94.105669006705284 623.79418089985847 3165.1273329257965 12095.060872212052 33654.949566021562 869.25360496342182 8113.0914451628923 11263.180595844984 389.34557667374611 491.96407829225063 488.52936878800392 245.04706843197346 579.80612555146217 232.58887393772602 1643.3221167623997 2636.0437136292458 272.55890193581581 19606.706657797098 1295.7438469082117 869.29305480420589 6897.8403129577637 475.11373382806778 223.71442976593971 5440.075830489397 3132.820291146636 249.12375538051128 2951.2534378021955 8682.9722279757261 1307.0597293972969
leaf_count=3792 23082 428 3456 16388 53511 148730 3854 34167 50674 1727 2213 2219 1113 2657 1064 7318 11756 1287 82983 5847 3904 35531 2129 1035 23072 13906 1119 13371 36613 5568
internal_value=-3.74555e-05 0.00394114 -0.00565436 -0.012084 0.00180823 0.000137819 -0.00412396 -0.00355266 0.00916432 0.00692934 0.013773 0.0262646 0.0112876 0.00548628 0.0152879 0.00548628 0.00568703 0.0236911 -0.00110436 0.00925201 0.0194927 -0.0104514 0.0241559 0.0178998 -0.00580686 -0.000725999 0.0151292 0.0170797 -0.00722452 -0.0152048
internal_weight=134092 78493.5 55598.4 10686.8 55736 38864.8 44911.6 42712.1 22757.4 15328.8 7428.63 1229.62 6199.01 13371.3 2108.14 16871.2 3153.65 517.606 20476 1528.33 1957.47 10063 1568.12 1093.01 22236.1 4776.14 741.088 3045.36 16796.1 2199.49
internal_count=594514 349090 245424 55375 246547 171812 190049 180689 102543 69037 33506 5551 27955 60242 9568 74735 14156 2400 86837 6911 8795 51919 7068 4939 93852 21224 3332 13799 70780 9360
is_linear=0
shrinkage=0.03


Tree=28
num_leaves=31
num_cat=0
split_feature=6 6 6 6 6 9 0 11 10 6 10 6 10 11 11 6 11 6 1 11 9 1 9 12 15 15 6 0 9 14
split_gain=39358.2 11453.8 4113.1 1530.49 973.461 852.153 632.589 497.226 344.425 295.572 289.761 286.527 260.201 237.599 222.691 175.329 155.546 146.071 142.017 132.837 116.193 99.2184 98.1589 89.2568 72.7029 64.4865 63.6167 77.1393 84.5243 62.6235
threshold=-1.0000000180025095e-35 1.5000000000000002 -2.4999999999999996 1.0000000180025095e-35 2.5000000000000004 7.5000000000000009 5.5000000000000009 10.006833685843278 9.5000000000000018 -1.4999999999999998 9.5000000000000018 -5.4999999999999991 7.5000000000000009 10.006833685843278 83.147873333427597 -4.4999999999999991 29.201589036856152 4.5000000000000009 1.0000000180025095e-35 70.261096204798051 7.5000000000000009 1.0000000180025095e-35 13.500000000000002 0.18519126382252996 0.2638666867191472 0.24484023041117267 -1.4999999999999998 9.5000000000000018 4.5000000000000009 0.045150344511471062
decision_type=2 2 2 2 2 2 2 2 2 2 2 2 2 2 2 2 2 2 2 2 2 2 2 2 2 2 2 2 2 2
left_child=2 3 6 7 12 26 11 23 -5 22 -6 -1 -3 -11 18 -8 -10 -12 24 -14 -17 -15 -7 -2 -9 -13 -4 28 -28 -24
right_child=1 4 5 8 10 9 15 14 16 13 17 25 19 21 -16 20 -18 -19 -20 -21 -22 -23 29 -25 -26 -27 27 -29 -30 -31
leaf_value=-0.035797166100819754 0.00044585946900354862 0.026963438274390673 -0.021903819471813898 0.016772429592416097 0.036489801951337532 -0.019544920180513039 -0.038385606341762912 0.0050522349972071381 0.0074276045636887823 -0.011496750345236792 0.026963438274390673 -0.021903819471813898 0.016772429592416097 -0.0037073689732358968 0.0074276045636887823 -0.034855752966679261 0.013354350765369484 0.034694871250192459 0.00045807247575024645 0.02588452406032813 -0.027088421232397682 -0.0083748193374887422 -0.012208031572950235 -0.0037073689732358968 0.00044585946900354862 -0.026985030153034179 -0.019803225453153508 -0.0055402482775760405 -0.013000307317847321 -0.021903819471813898
leaf_weight=1556.661539465189 1652.7271563410759 2639.6783056557178 2778.7467176914215 4839.2037973850965 9319.0731469988823 2856.1754693388939 6083.6175303310156 8774.6161158084869 4757.4580829441547 4935.5615488141775 5791.7405174076557 4664.4026219248772 5715.2575010359287 4918.3943689316511 4645.2854941636324 3631.9631705731153 5404.2450470626354 2699.7540226131678 11965.773795306683 1593.9800746589899 3178.5296888202429 4970.066375464201 6299.4397925585508 10664.218072831631 1363.4244776964188 2324.8159364759922 1649.6554328352213 419.11454454064369 1682.5154867619276 247.73240101337433
leaf_count=7946 6616 13166 12341 21135 49814 12212 32159 35519 19557 20488 28380 21269 25925 19801 19153 18463 23180 14208 48162 7725 15237 20051 26155 42693 5488 10659 7197 1797 7087 1037
internal_value=-2.23119e-05 0.0129621 -0.0203768 0.00491924 0.0286256 -0.0133444 -0.0304632 0.00179126 0.0130639 -0.0107368 0.0328262 -0.0241212 0.0211007 -0.0080958 0.00408782 -0.0346622 0.00964114 0.0287978 0.00267687 0.0180747 -0.0313259 -0.00525289 -0.0148977 -0.0031961 0.00505223 -0.0219038 -0.0219038 -0.0177026 -0.0192282 -0.012865
internal_weight=134024 81826.4 52197.4 54067 27759.5 30757.4 21440 39066 15000.9 24227.4 17810.6 8545.88 9948.92 14824 26749.1 12894.1 10161.7 8491.49 22103.8 7309.24 6810.49 9888.46 9403.35 12316.9 10138 6989.22 6530.03 3751.29 3332.17 6547.17
internal_count=594620 360721 233899 221503 139218 128166 105733 157631 63872 99744 92402 39874 46816 60340 108322 65859 42737 42588 89169 33650 33700 39852 39404 49309 41007 31928 28422 16081 14284 27192
is_linear=0
shrinkage=0.03


Tree=29
num_leaves=31
num_cat=0
split_feature=6 6 6 6 6 9 9 11 9 6 9 11 6 6 11 11 11 13 9 12 6 9 14 14 14 16 13 12 9 6
split_gain=37531.3 11061.1 4101.91 1456.84 926.651 867.385 616.279 428.388 402.521 383.707 298.218 237.339 231.837 185.341 177.991 175.82 159.691 104.729 96.9115 93.6361 91.7888 87.1817 74.03 69.9162 97.1029 81.1713 65.3043 62.9395 61.7585 60.9391
threshold=-1.0000000180025095e-35 1.5000000000000002 -2.4999999999999996 1.0000000180025095e-35 3.5000000000000004 10.500000000000002 10.500000000000002 56.976750840393954 11.500000000000002 -4.4999999999999991 11.500000000000002 10.006833685843278 -1.4999999999999998 -1.4999999999999998 46.79971808462745 3.8384054805717374 24.016125231809614 0.088889350354747876 4.5000000000000009 0.24802366450821281 -4.4999999999999991 17.500000000000004 0.035662390720303562 0.045150344511471062 0.031280024978568972 0.10627764522281453 0.089039588989332411 0.18519126382252996 16.500000000000004 -5.4999999999999991
decision_type=2 2 2 2 2 2 2 2 2 2 2 2 2 2 2 2 2 2 2 2 2 2 2 2 2 2 2 2 2 2
left_child=2 3 6 7 8 12 20 15 -3 29 -5 23 -4 -13 -10 27 -12 -17 -14 -19 -1 -6 -9 24 25 -7 -18 -2 -15 -8
right_child=1 4 5 10 21 11 9 22 14 -11 16 13 18 28 -16 17 26 19 -20 -21 -22 -23 -24 -25 -26 -27 -28 -29 -30 -31
leaf_value=-0.038394815619308305 -0.00074915376747847846 0.02922263792563435 -0.02155296650978538 0.016485174187675106 0.036068376151684685 -0.01886334849648489 -0.036294913965732235 0.007253726832035132 0.016826013417875457 -0.02155296650978538 0.007253726832035132 -0.010579759499354019 -0.018398313424742279 -0.0075264503796298038 0.02501092178510245 0.0034682233994844966 0.015947707112547949 -0.00074915376747847846 -0.01205174056619133 0.0034682233994844966 -0.032621280106452613 0.02922263792563435 0.0034682233994844966 -0.02155296650978538 -0.010579759499354019 -0.010579759499354019 0.010159271684546547 -0.0036534324089959216 -0.0036534324089959216 -0.028302775028103855
leaf_weight=4967.2089477032423 1552.5791046321392 6052.7006950825453 4179.1330031901598 4487.8239861875772 9230.7929117530584 3014.2931815087795 2195.9377326071262 8285.2508361041546 6308.3841511756182 7266.1279155015945 4271.8981022536755 5127.6797617226839 2052.0763090401888 2840.2927650660276 3878.9576546400785 8887.0757609605789 3309.3557168096304 6798.1712386459112 3569.6928372681141 2606.3195004761219 5251.0329698175192 1934.1868472844362 1856.8674641996622 356.78190633654594 3365.1561537981033 493.71711297333241 2844.6266910135746 9131.3871114403009 5798.8292371928692 1501.7037187218666
leaf_count=26886 6215 30761 18517 19699 50741 12634 11478 33999 28766 33349 17582 21264 8965 11468 19013 35732 14253 27315 14840 10471 26754 9986 7592 1499 14109 2065 12172 36559 23313 7461
internal_value=-5.16099e-05 0.0126605 -0.0199674 0.00478598 0.0281844 -0.0129769 -0.030129 0.00174408 0.0236041 -0.0251785 0.0127634 -0.00953562 -0.0203458 -0.00722236 0.0199468 -0.000113434 0.00973213 0.00167251 -0.0152437 -0.000568357 -0.0354348 0.0348411 0.00704988 -0.0139372 -0.0131686 -0.0167514 0.0130648 -0.00317082 -0.00447314 -0.0330662
internal_weight=133416 81436.4 51979.7 54031.4 27405 30797.7 21182 39117.7 16240 10963.8 14913.7 20996.8 9800.9 13766.8 10187.3 28975.5 10425.9 18291.6 5621.77 9404.49 10218.2 11165 10142.1 7229.95 6873.17 3508.01 6153.98 10684 8639.12 3697.64
internal_count=595458 360856 234602 221589 139267 128674 105928 157883 78540 52288 63706 86352 42322 56045 47779 116292 44007 73518 23805 37786 53640 60727 41591 30307 28808 14699 26425 42774 34781 18939
is_linear=0
shrinkage=0.03


Tree=30
num_leaves=31
num_cat=0
split_feature=11 11 7 10 15 13 11 15 17 17 17 12 12 12 12 12 13 15 16 13 15 11 13 17 14 12 16 15 12 17
split_gain=2907.4 836.195 546.313 473.585 428.666 501.935 271.157 261.3 248.56 245.411 244.94 285.035 215.99 229.168 208.573 246.589 211.085 193.207 192.007 262.168 199.334 175.068 169.71 209.886 167.92 166.439 164.409 159.43 158.296 152.937
threshold=21.066316802066698 99.143032179048319 3.5000000000000004 1.0000000180025095e-35 0.2638666867191472 0.078532507801734527 -68.910543978746759 0.1897131302834851 0.032741798698029539 0.026166999938011175 0.035808151243748497 0.27223233144453551 0.18653516526850805 0.24766770882827008 0.276560808869247 0.22581340657044044 0.08802851596164242 0.21584201955084867 0.076740500188073171 0.10934053187911545 0.20219229277760184 31.871022351097171 0.081960337915661638 0.02163262813968379 0.045734706892143574 0.21020600950734827 0.10574614849159464 0.20106301164680915 0.24211232834013732 0.02492183039035099
decision_type=2 2 2 2 2 2 2 2 2 2 2 2 2 2 2 2 2 2 2 2 2 2 2 2 2 2 2 2 2 2
left_child=2 4 6 -4 5 21 -1 -7 22 -3 11 29 -10 26 15 18 -17 27 20 -20 -11 -2 23 -8 -24 -5 -14 -12 -18 -9
right_child=1 9 3 25 -6 7 8 10 12 14 17 -13 13 -15 -16 16 28 -19 19 -21 -22 -23 24 -25 -26 -27 -28 -29 -30 -31
leaf_value=-0.014185747479498096 4.66332557898776e-05 0.0073583563139157258 -0.037519890385481341 -0.014790667792779679 -0.00078194534169806842 0.0073365643362444275 -0.00078194534169806842 0.0046928365546550213 -0.00078194534169806842 0.0078920586547732742 0.0073583563139157258 0.0073583563139157258 -0.0087558756141557868 -0.00078194534169806842 0.0073583563139157258 0.02804510390189955 0.025718121612422932 0.0073583563139157258 0.0073583563139157258 0.048875711376052587 0.051939610543370929 0.0073583563139157258 -0.00078194534169806842 -0.008108834275792438 -0.0087558756141557868 -0.0067446517030999445 -0.00078194534169806842 -0.00078194534169806842 0.0078234797997265085 -0.00078194534169806842
leaf_weight=2173.4106408655643 3107.0136866718531 1580.1247159987688 592.51860320568085 3829.033447638154 7662.0435366481543 6728.9063573181629 1144.1945952773094 5186.4105293005705 2030.4131419658661 185.17003600299358 1695.6871456801891 2897.589024618268 8099.8494220972061 2730.6763373017311 955.44876444339752 2154.0486028641462 699.18831458687782 5568.5964445471764 2225.0235556066036 135.43838547170162 184.39355982840061 13458.744164422154 19645.384709715843 6826.4245565384626 889.07722772657871 5860.1199174821377 1161.6389676630497 2625.1514679938555 1224.9047605544329 19439.02033470571
leaf_count=9325 13855 7190 3491 20441 33962 30489 4882 23307 8644 867 7635 13071 34411 11595 4298 10020 3198 25066 10132 633 883 60830 83740 29103 3806 31282 4941 11802 5690 87111
internal_value=-9.90862e-06 0.00372524 -0.00528913 -0.0115239 0.00257462 0.00358193 -0.00385463 0.00189491 -0.003326 0.0121421 0.000915843 -0.000539286 -0.00659574 -0.00824715 0.0148414 0.0169204 0.021592 0.00496486 0.00993117 0.00735836 0.0300308 0.00735836 -0.00171716 -0.0055027 -0.000781945 -0.00992673 -0.00875588 5.36522e-05 0.0143461 -0.000781945
internal_weight=132696 77712.9 54982.7 10281.7 68369.2 60707.1 44701.1 44141.4 42527.7 9343.74 37412.5 27523 14022.6 11992.2 7763.62 6808.17 4078.14 9889.44 2730.03 2360.46 369.564 16565.8 28505.1 7970.62 20534.5 9689.15 9261.49 4320.84 1924.09 24625.4
internal_count=595700 350039 245661 55214 307128 273166 190447 198481 181122 42911 167992 123489 59591 50947 35721 31423 18908 44503 12515 10765 1750 74685 121531 33985 87546 51723 39352 19437 8888 110418
is_linear=0
shrinkage=0.03


Tree=31
num_leaves=31
num_cat=0
split_feature=6 6 6 6 6 9 0 11 6 10 10 6 10 11 11 16 11 11 11 9 17 6 10 6 17 6 1 14 6 6
split_gain=35408.2 10695.8 3862.65 1353.69 921.079 827.983 635.17 425.779 419.939 359.084 308.054 275.698 232.164 203.579 180.137 177.898 134.261 128.043 120.223 116.13 98.8611 92.598 83.6284 79.5107 78.5364 73.7328 66.6928 65.0956 64.109 61.3359
threshold=-1.0000000180025095e-35 1.5000000000000002 -2.4999999999999996 1.0000000180025095e-35 2.5000000000000004 7.5000000000000009 6.5000000000000009 34.987776019349674 -4.4999999999999991 7.5000000000000009 13.500000000000002 -1.4999999999999998 8.5000000000000018 41.421654525907691 24.016125231809614 0.085444015240009177 83.147873333427597 -27.524607623120911 70.261096204798051 13.500000000000002 0.035123536656494349 4.5000000000000009 7.5000000000000009 -3.4999999999999996 0.020214626127739926 5.5000000000000009 1.0000000180025095e-35 0.045150344511471062 -5.4999999999999991 -1.4999999999999998
decision_type=2 2 2 2 2 2 2 2 2 2 2 2 2 2 2 2 2 2 2 2 2 2 2 2 2 2 2 2 2 2
left_child=2 3 6 7 12 29 8 15 28 -5 21 19 -3 -13 -11 24 20 -17 -14 -7 -9 22 -6 -8 -2 -12 -16 -21 -1 -4
right_child=1 4 5 9 10 11 23 16 -10 14 25 13 18 -15 26 17 -18 -19 -20 27 -22 -23 -24 -25 -26 -27 -28 -29 -30 -31
leaf_value=-0.036012520052038491 0.0020751010350715227 0.026158314060723685 -0.021046999416718313 0.016209000375478733 0.034836339603254336 -0.019226709747935201 -0.036885726346351497 0.0020751010350715227 -0.021046999416718313 0.007027535909224291 0.026158314060723685 -0.010201858724403287 0.016209000375478733 -0.0035563440230017779 0.015641707047742218 -0.0035563440230017779 0.007027535909224291 0.0020751010350715227 0.025045995215046423 -0.011245716356839066 0.0051542041928862433 0.03753114859856381 0.028465679846452725 -0.030758072764120816 -0.0035563440230017779 0.035393341865419453 0.0098991658623583997 -0.021046999416718313 -0.027931850352085414 -0.016840950433690081
leaf_weight=2261.4526500105858 427.37715050578117 2781.4916703999043 2747.1441328972578 3298.8501048535109 3315.7313497960567 2821.5629163980484 6791.911228120327 8715.8447286784649 7506.7082851678133 4782.0165046304464 4615.5973949581385 9469.0025290995836 5437.7399151325226 5298.7631400078535 3524.93954603374 2268.3244301527739 4674.8651107251644 10021.866994678974 1513.930774345994 6227.5973510295153 3878.4654246419668 5498.3352091908455 3052.0638732463121 2775.4386619180441 9062.4808484464884 794.29408842325211 3274.6459307968616 242.42298609018326 1538.033722832799 3714.1526721566916
leaf_count=12072 1712 14207 12373 14573 18069 12179 37219 35272 34822 19809 23160 38986 24936 21277 15288 9084 19362 40209 7525 25979 15776 31135 15926 14090 36318 4281 14130 1025 7778 16052
internal_value=-2.2206e-06 0.0123634 -0.019476 0.00464523 0.0277728 -0.0126732 -0.0294208 0.00171093 -0.0245971 0.0123441 0.0319328 -0.0100945 0.0203838 -0.00754536 0.00934345 -0.00107849 0.00522869 0.00133314 0.0173875 -0.0141434 0.00328087 0.0346448 0.0321415 -0.0351149 -0.00355634 0.0261583 0.0127708 -0.0119213 -0.0327579 -0.021047
internal_weight=132333 80938.9 51394.2 53929.7 27009.2 30520.6 20873.5 39049.2 11306.2 14880.5 17276 24059.3 9733.16 14767.8 11581.6 21780 17269.2 12290.2 6951.67 9291.58 12594.3 11866.1 6367.8 9567.35 9489.86 5409.89 6799.59 6470.02 3799.49 6461.3
internal_count=594624 360772 233852 221533 139239 127871 105981 157733 54672 63800 92571 99446 46668 60263 49227 87323 70410 49293 32461 39183 51048 65130 33995 51309 38030 27441 29418 27004 19850 28425
is_linear=0
shrinkage=0.03


Tree=32
num_leaves=31
num_cat=0
split_feature=6 6 6 0 6 6 10 6 6 11 10 0 11 11 1 11 0 2 17 10 2 6 0 0 17 14 14 6 12 1
split_gain=33556.6 10299 3788.08 1240 1221.49 914.105 433.589 393.36 392.755 361.002 353.373 241.404 201.702 177.791 172.493 161.089 115.974 104.262 101.125 97.3267 90.3461 86.1952 81.0665 78.6249 69.0335 67.6101 67.4036 65.0099 60.2091 59.6943
threshold=-1.0000000180025095e-35 1.5000000000000002 -3.4999999999999996 6.5000000000000009 1.0000000180025095e-35 3.5000000000000004 7.5000000000000009 -1.4999999999999998 -1.4999999999999998 56.976750840393954 7.5000000000000009 4.5000000000000009 46.79971808462745 41.421654525907691 1.0000000180025095e-35 26.779111194354986 3.5000000000000004 1.5000000000000002 0.036339846752258854 10.500000000000002 1.5000000000000002 -5.4999999999999991 8.5000000000000018 9.5000000000000018 0.029296644812658399 0.035662390720303562 0.045150344511471062 -2.4999999999999996 0.2231771484636608 1.0000000180025095e-35
decision_type=2 2 2 2 2 2 2 2 2 2 2 2 2 2 2 2 2 2 2 2 2 2 2 2 2 2 2 2 2 2
left_child=2 4 11 8 9 6 -3 -5 16 14 -6 -1 24 -10 20 -12 26 -16 27 -7 -2 -13 -9 -24 -8 -11 -4 -18 -14 -17
right_child=1 5 3 7 10 19 12 22 13 25 15 21 28 -15 17 29 18 -19 -20 -21 -22 -23 23 -25 -26 -27 -28 -29 -30 -31
leaf_value=-0.025393890458149007 0.0032967312652167498 0.028370684480074845 -0.010623524121735421 -0.023593036358256856 0.015889091027358637 0.036403928834268441 0.020431702834865981 -0.012429699226497131 -0.0096161240394528075 0.0067692885071996209 0.0067692885071996209 -0.038337223580289972 0.020513661909281857 -0.0034982564180997718 -0.0034982564180997718 0.015142951278033195 -0.022327316540489809 0.0016950127033589152 -0.010623524121735421 0.030516475301298116 -0.0014349694836939954 -0.032671046586970419 -0.019367400813718499 -0.0059877415474212676 0.015889091027358637 0.0032967312652167498 -0.023593036358256856 -0.015915322703374972 0.027237256340429492 0.0095547095070311009
leaf_weight=2974.7435919344425 9116.58455298841 4415.06642575562 5095.0999888330698 6609.0960569679737 3268.4753042459488 6425.7498306035995 3125.885040730238 3479.6774882674217 8468.9647097438574 8253.0530500411987 5184.5582423955202 4435.3986184298992 1501.5868240743876 4734.5903874784708 11251.083442807198 3309.1576696634293 2396.9614636003971 4646.1520068794489 1674.6420343667269 4346.8963767290115 3945.7467730939388 5688.7728952914476 1366.4798729270697 408.84675894677639 4026.4905307888985 1883.8897007256746 189.86508336663246 3598.5717471688986 2834.702109515667 3068.2229264378548
leaf_count=14817 36663 23284 21890 31533 14512 37127 14637 14617 34913 33980 21525 24870 7557 18987 45109 14443 11069 18637 7299 23658 15857 30388 6069 1772 18762 7720 826 15236 14358 13301
internal_value=-2.13171e-05 0.0120373 -0.0190338 -0.0142394 0.00449467 0.0272835 0.022707 -0.0222838 -0.0105894 0.00171363 0.0118249 -0.0329467 0.0195105 -0.00694649 7.95791e-06 0.00890827 -0.0143006 -0.00209068 -0.0166589 0.0340344 0.00256199 -0.0351605 -0.0151418 -0.0193674 0.0164058 0.0065855 -0.0108729 -0.0184854 0.0246216 0.0123401
internal_weight=131725 80603.3 51121.7 38022.8 53926.9 26676.4 15903.7 11864.1 26158.7 39096.5 14830.4 13098.9 11488.7 13203.6 28959.6 11561.9 12955.1 15897.2 7670.18 10772.6 13062.3 10124.2 5255 1775.33 7152.38 10136.9 5284.97 5995.53 4336.29 6377.38
internal_count=595416 361130 234286 164211 221747 139383 78598 53991 110220 157966 63781 70075 55314 53900 116266 49269 56320 63746 33604 60785 52520 55258 22458 7841 33399 41700 22716 26305 21915 27744
is_linear=0
shrinkage=0.03


Tree=33
num_leaves=31
num_cat=0
split_feature=6 6 6 6 0 6 10 6 6 11 10 9 11 11 11 15 16 11 14 15 10 10 9 6 11 12 0 9 15 0
split_gain=31945.2 9852.28 3633.93 1182.88 1169.39 931.288 433.278 423.066 419.085 352.011 345.729 230.883 181.947 180.686 169.948 165.695 131.055 122.927 122.496 120.814 103.547 101.195 96.9189 95.988 87.4977 83.1942 82.1759 77.1231 69.3326 61.4226
threshold=-1.0000000180025095e-35 1.5000000000000002 -3.4999999999999996 1.0000000180025095e-35 6.5000000000000009 3.5000000000000004 12.500000000000002 -1.4999999999999998 -1.4999999999999998 10.006833685843278 7.5000000000000009 16.500000000000004 83.147873333427597 6.5405368118834994 29.201589036856152 0.22751109211750037 0.083288133145543786 46.79971808462745 0.045150344511471062 0.2638666867191472 7.5000000000000009 15.500000000000002 4.5000000000000009 -5.4999999999999991 -12.349392446499449 0.18519126382252996 9.5000000000000018 16.500000000000004 0.27292508243722707 6.5000000000000009
decision_type=2 2 2 2 2 2 2 2 2 2 2 2 2 2 2 2 2 2 2 2 2 2 2 2 2 2 2 2 2 2
left_child=2 3 11 9 8 6 20 -6 15 25 -5 23 16 -10 -12 18 -11 -8 -4 -18 -3 -7 26 -1 -17 -2 -9 -15 -26 -25
right_child=1 5 4 10 7 21 17 22 13 12 14 -13 -14 27 -16 24 19 -19 -20 -21 -22 -23 -24 29 28 -27 -28 -29 -30 -31
leaf_value=-0.03789846022983534 0.0005615872104255651 0.027948324685333051 -0.010465547459722628 0.015624726103618793 -0.023181578152192697 0.035006445141877972 0.015624726103618793 -0.018794222850916982 -0.010465547459722628 0.0005615872104255651 0.0066769693535077852 -0.024695903385091249 0.0066769693535077852 -0.0073486222760508228 0.012447066963831152 -0.023181578152192697 0.0045157987985174593 0.022268011408610816 -0.023181578152192697 0.0005615872104255651 0.022915558883663256 0.027948324685333051 -0.011151507553914929 -0.027901570796017749 -0.01359459111159448 -0.0034215538301111429 -0.0053127758281172263 -0.0034215538301111429 -0.019391841241696489 -0.034413563668007026
leaf_weight=4383.7779894918203 1685.9351890683174 4328.8408164381981 5905.5146216899157 3247.5535968989134 6570.3349540382624 8902.6001200824976 4477.9204994142056 1606.785533696413 4137.4118282794952 7275.493358194828 5434.6087694168091 2768.6353119015694 4657.9327489733696 3155.3334163725376 6090.1230366677046 1585.2685090154409 13161.603247612715 2727.4842116683722 216.80440437793732 1665.8242818564177 4213.0767286121845 1679.7793399840593 3237.6291996687651 2197.2978382110596 4072.0037688612938 10628.947691619396 416.06326937675476 5967.7391557246447 1062.2967196255922 3504.7568384408951
leaf_count=25084 6750 23158 25654 14492 31627 51784 20675 7168 17360 29369 22617 13936 19340 12779 26626 7087 53206 13790 952 6703 20976 9045 13589 11214 17721 42565 1806 24049 4653 19683
internal_value=-9.70543e-06 0.0117825 -0.0186256 0.0044285 -0.0139529 0.026821 0.02219 -0.0217767 -0.0104054 0.00169441 0.0116595 -0.0324103 0.0036259 -0.00666296 0.00875529 -0.0142681 0.00235463 0.016763 -0.0106916 0.00413176 0.0267628 0.0337067 -0.0144069 -0.0345226 -0.0175226 -0.00250272 -0.0187942 -0.0042317 -0.0156021 -0.0319148
internal_weight=130965 80177.7 50787.7 53848 37933.2 26329.7 15747.3 11830.8 26102.4 39075.7 14772.3 12854.5 26760.9 13260.5 11524.7 12841.9 22102.9 7205.4 6122.32 14827.4 8541.92 10582.4 5260.48 10085.8 6719.57 12314.9 2022.85 9123.07 5134.3 5702.05
internal_count=595458 361096 234362 221668 164445 139428 78599 54190 110255 157933 63735 69917 108618 54188 49243 56067 89278 34465 26606 59909 44134 60829 22563 55981 29461 49315 8974 36828 22374 30897
is_linear=0
shrinkage=0.03


Tree=34
num_leaves=31
num_cat=0
split_feature=6 6 6 6 6 9 9 10 6 10 11 6 11 11 1 11 9 13 10 6 2 16 15 6 13 2 13 17 14 17
split_gain=30434.1 9636.44 3691.74 1148.83 900.652 765.885 634.575 408.833 360.124 341.097 329.701 247.903 196.041 194.646 166.496 139.874 108.312 91.9959 89.4159 86.5852 81.3708 71.3773 71.2514 67.7206 65.8074 61.7968 61.0634 60.9531 60.7079 62.4099
threshold=-1.0000000180025095e-35 1.5000000000000002 -2.4999999999999996 1.0000000180025095e-35 3.5000000000000004 7.5000000000000009 10.500000000000002 7.5000000000000009 -4.4999999999999991 7.5000000000000009 56.976750840393954 -1.4999999999999998 41.421654525907691 46.79971808462745 1.0000000180025095e-35 26.779111194354986 13.500000000000002 0.070126330525460842 10.500000000000002 -3.4999999999999996 1.5000000000000002 0.084754773995779048 0.23309230848748858 -1.4999999999999998 0.0694997121821712 1.5000000000000002 0.089039588989332411 0.029296644812658399 0.045150344511471062 0.044610796766958193
decision_type=2 2 2 2 2 2 2 2 2 2 2 2 2 2 2 2 2 2 2 2 2 2 2 2 2 2 2 2 2 2
left_child=2 3 6 10 7 23 19 -3 -8 -5 14 16 -13 27 20 -11 -7 -16 -6 -1 -2 -15 -12 -4 -25 -19 -17 -9 29 -18
right_child=1 4 5 9 18 11 8 13 -10 15 22 12 -14 21 17 26 28 25 -20 -21 -22 -23 -24 24 -26 -27 -28 -29 -30 -31
leaf_value=-0.035715299044703039 0.0031194193583585998 0.027675429817977139 -0.019926512888771713 0.015421189901824612 0.035699175707099393 -0.017938546910910586 -0.031112019386633615 0.019699437019808957 -0.019926512888771713 0.0065183974141903344 0.0065183974141903344 -0.0094165218411947221 -0.0033376063950927596 0.019877309398570939 0.0031194193583585998 0.014507302024634558 -0.00989883568531362 -0.0033376063950927596 0.029959246713955019 -0.029368422377778248 -0.0013627756578356812 0.026871720813052894 0.0031194193583585998 -0.0047293968552122737 -0.0171065206025767 0.00042303013542340385 0.0091336334679221771 0.015421189901824612 -0.019926512888771713 -0.019926512888771713
leaf_weight=6685.8283001184464 9179.158237978816 4259.5869102925062 2691.4471464753151 3257.5065406560898 6191.3310409486294 2816.9891554117203 3457.581061437726 3078.8484799414873 7064.9010301083326 5148.1731116324663 6998.9592687487602 9502.6093075424433 5324.6437837332487 1488.2641117721796 1712.9708276391029 3408.9590148329735 6028.6295993328094 10027.94376707077 4218.9293356239796 2833.6147361844778 3911.5527418106794 2768.7401301860809 3126.4134910106659 441.01046614348888 3243.4243072867393 4119.1938825249672 2930.4782441705465 3974.0669685155153 245.18651673197746 176.83751812577248
leaf_count=38781 36926 23110 12415 14610 37244 12354 18903 14631 33465 21427 28938 39313 21399 7670 6881 14997 25353 40202 23741 14867 15721 14324 12791 1910 14219 16522 12782 18760 1052 738
internal_value=6.23911e-06 0.0115407 -0.018216 0.00429742 0.026545 -0.0116372 -0.0282159 0.0219717 -0.023129 0.011432 0.00160479 -0.00917791 -0.00677057 0.0188751 -2.49965e-05 0.00855202 -0.0130271 -0.00209179 0.0333792 -0.0338326 0.00247897 0.0239464 0.00626384 -0.0199265 -0.0156284 -0.00290532 0.0117489 0.0158082 -0.0108774 -0.0102285
internal_weight=130314 79801.1 50512.7 53821.3 25979.8 30470.8 20041.9 15569.5 10522.5 14745.1 39076.2 24094.9 14827.3 11309.9 28950.8 11487.6 9267.64 15860.1 10410.3 9519.44 13090.7 4257 10125.4 6375.88 3684.43 14147.1 6339.44 7052.92 6450.65 6205.47
internal_count=596046 361277 234769 221797 139480 128753 106016 78495 52368 63816 157981 100209 60712 55385 116252 49206 39497 63605 60985 53648 52647 21994 41729 28544 16129 56724 27779 33391 27143 26091
is_linear=0
shrinkage=0.03


Tree=35
num_leaves=31
num_cat=0
split_feature=6 6 6 6 6 9 9 11 10 10 10 6 11 6 6 11 11 6 9 11 1 6 13 10 6 10 15 11 1 11
split_gain=28709.5 9150.2 3568.78 1092.96 913.037 731.091 638.192 340.941 316.773 315.58 238.8 238.53 225.042 194.548 184.434 167.279 155.472 141.088 122.479 116.536 116.093 92.9452 86.8019 85.846 74.0426 73.2049 62.6924 65.1623 62.5363 59.4489
threshold=-1.0000000180025095e-35 1.5000000000000002 -2.4999999999999996 1.0000000180025095e-35 2.5000000000000004 10.500000000000002 13.500000000000002 10.006833685843278 7.5000000000000009 13.500000000000002 7.5000000000000009 -5.4999999999999991 7.8741386775129749 -1.4999999999999998 -4.4999999999999991 83.147873333427597 29.201589036856152 -1.4999999999999998 7.5000000000000009 79.868749167444108 1.0000000180025095e-35 4.5000000000000009 0.0694997121821712 6.5000000000000009 5.5000000000000009 7.5000000000000009 0.29725465082072494 -74.452390274339777 1.0000000180025095e-35 99.143032179048319
decision_type=2 2 2 2 2 2 2 2 2 2 2 2 2 2 2 2 2 2 2 2 2 2 2 2 2 2 2 2 2 2
left_child=2 3 6 7 10 13 14 25 -5 21 -3 -8 26 -4 -1 20 -10 -14 -16 -12 -9 23 -15 -6 -11 -2 27 -7 -18 -24
right_child=1 4 5 8 9 12 11 15 16 24 19 -13 17 22 18 -17 28 -19 -20 -21 -22 -23 29 -25 -26 -27 -28 -29 -30 -31
leaf_value=-0.03598834901058743 0.00050261922826242604 0.024487040469023547 -0.019462784975885168 0.015147006195828474 0.03345083690094644 -0.019462784975885168 -0.032734410883424679 0.0043541498839004952 0.0064120735923111757 0.024487040469023547 0.015147006195828474 -0.019462784975885168 -0.0092524225428029065 -0.0036082546058841891 -0.032246039338602872 0.0064120735923111757 0.014941728851907516 -0.003581738154930732 -0.024269029007434384 0.024487040469023547 0.00050261922826242604 0.036245762438681335 -0.015791998691547071 0.027084344256386887 0.034092826302181412 -0.0032230578741701582 -0.019462784975885168 -0.010901714706895835 0.0091964217021868102 -0.0032230578741701582
leaf_weight=5572.5326605588198 1874.007881090045 2447.2535524517298 3993.9149513244629 3228.9969995617867 2877.4227261543274 320.94021956622601 1309.3607907295227 10076.580847471952 5434.5961595922709 4391.4304158091545 5873.0705890953541 6362.6578167527914 5172.6174301952124 690.50470472872257 3299.5139445960522 4622.4508071988821 3135.2825620621443 8778.5588456839323 3192.1848755627871 1097.6496516466141 11947.874151557684 5071.6066144406796 4605.5409244894981 3114.5861982554197 738.19944021105766 10415.057981818914 489.63719901442528 5950.3652642071247 2938.7891588062048 266.47117987275124
leaf_count=33168 7504 13228 18342 14556 16812 1412 7399 40855 22682 23089 27917 30536 21716 2943 18457 19238 13865 35455 16328 5724 48150 31128 19889 17216 4256 41713 2098 25265 12879 1126
internal_value=6.37368e-05 0.0112906 -0.0177367 0.00425022 0.0260438 -0.0112639 -0.0276616 0.00161621 0.0112079 0.030365 0.0186091 -0.020886 -0.00809563 -0.0181277 -0.0319663 0.00352256 0.00846294 -0.00591729 -0.0285037 0.0156739 0.00229623 0.0332244 -0.0135752 0.0306559 0.024487 -0.00251732 -0.0125876 -0.0117121 0.0119808 -0.0149857
internal_weight=129290 79284.9 50004.8 53673.6 25611.2 30268.6 19736.3 38936 14737.7 16193.2 9417.97 7672.02 20712.1 9556.43 12064.2 26646.9 11508.7 13951.2 6491.7 6970.72 22024.5 11063.6 5562.52 5992.01 5129.63 12289.1 6760.94 6271.31 6074.07 4872.01
internal_count=594946 360812 234134 221442 139370 128246 105888 157460 63982 92501 46869 37935 85946 42300 67953 108243 49426 57171 34785 33641 89005 65156 23958 34028 27345 49217 28775 26677 26744 21015
is_linear=0
shrinkage=0.03


Tree=36
num_leaves=31
num_cat=0
split_feature=6 6 6 6 6 0 0 10 6 10 11 6 11 16 11 11 13 9 11 10 17 11 6 11 14 16 17 11 11 9
split_gain=27354.8 8825.55 3427.12 968.317 912.561 727.307 612.643 404.921 381.297 335.978 311.015 248.097 186.245 160.909 155.371 146.727 134.354 106.404 101.783 100.283 94.4305 84.9837 80.5958 67.2697 61.5375 60.2496 56.9193 56.5931 55.514 53.6766
threshold=-1.0000000180025095e-35 1.5000000000000002 -2.4999999999999996 1.0000000180025095e-35 3.5000000000000004 7.5000000000000009 6.5000000000000009 9.5000000000000018 -5.4999999999999991 7.5000000000000009 34.140541010338559 -1.4999999999999998 31.871022351097171 0.086189636431704728 46.79971808462745 58.260641633103553 0.087856220609525609 13.500000000000002 -12.349392446499449 10.500000000000002 0.020214626127739926 -27.524607623120911 -4.4999999999999991 70.919758245295512 0.045150344511471062 0.088857511250973506 0.044610796766958193 47.265235762118557 8.5159193889921898 4.5000000000000009
decision_type=2 2 2 2 2 2 2 2 2 2 2 2 2 2 2 2 2 2 2 2 2 2 2 2 2 2 2 2 2 2
left_child=2 3 6 10 7 11 8 28 -1 -5 13 17 -13 20 -9 -11 -12 -4 -10 -6 -2 -15 -8 -18 26 -16 -19 -21 -3 -24
right_child=1 4 5 9 19 -7 22 14 18 15 16 12 -14 21 25 -17 23 24 -20 27 -22 -23 29 -25 -26 -27 -28 -29 -30 -31
leaf_value=-0.03401730734507135 0.0018638436058658633 0.021017621712843139 -0.017376368761878324 0.014817819778777948 0.03513890102630074 -0.01921628811460168 -0.036219540825947902 0.014817819778777948 -0.02630461473718284 0.0061164446920382778 0.0061164446920382778 -0.0095168830952369193 -0.0032610389370132881 -0.0032610389370132881 0.018475007879698455 0.013424132205957338 0.0018638436058658633 -0.0095585925903462366 -0.01921628811460168 0.026792427831197018 -0.0032610389370132881 0.0018638436058658633 -0.033295072626831609 0.0061164446920382778 -0.01921628811460168 0.02579111633770622 -0.01921628811460168 0.033232066014338507 0.026792427831197018 -0.027590732027392657
leaf_weight=2076.0391415804625 441.22557725012302 1553.1514146178961 2961.3323765993118 3209.7236216515303 5924.4072337448597 5856.5361304879189 4193.80928401649 5839.5111524760723 1873.2148748785257 8352.4207170307636 9029.8820135444403 8169.2243747264147 6834.7778336107731 2147.515639975667 1587.5052489042282 3103.7678796797991 5368.5273725390434 5976.4740677475929 6758.7297679483891 2340.1223870515823 9466.0063293725252 9398.8360128104687 1807.1310080140829 3165.3307444751263 242.76375138759613 1894.3732926696539 173.37086217105389 1714.0883071273565 4406.0208424180746 2748.7235665917397
leaf_count=12114 1768 8289 13154 14544 37155 26558 25730 27629 9515 35337 36970 34092 27544 8603 8287 13983 21728 25248 32998 13347 37946 37724 10353 13097 1050 9947 728 10209 24497 15190
internal_value=-2.76536e-05 0.010947 -0.0174691 0.00406603 0.0255696 -0.0111442 -0.0272883 0.0209562 -0.0224675 0.0106373 0.0015956 -0.00883726 -0.0064452 -0.000827897 0.0170418 0.00783207 0.00455558 -0.012672 -0.0196824 0.0326287 -0.00326104 0.00159087 -0.0331817 0.00186384 -0.010488 0.0221322 -0.00981879 0.028945 0.0267924 -0.0303706
internal_weight=128615 78942.4 49672.1 53683.2 25259.2 30214.5 19457.6 15280.6 10708 14665.9 39017.3 24357.9 15004 21453.6 9321.39 11456.2 17563.7 9353.94 8631.94 9978.62 9907.23 11546.4 8749.66 8533.86 6392.61 3481.88 6149.84 4054.21 5959.17 4555.85
internal_count=595334 361060 234274 221700 139360 128374 105900 78649 54627 63864 157836 101816 61636 86041 45863 49320 71795 40180 42513 60711 39714 46327 51273 34825 27026 18234 25976 23556 32786 25543
is_linear=0
shrinkage=0.03


Tree=37
num_leaves=31
num_cat=0
split_feature=6 6 6 9 6 6 6 10 10 11 9 6 11 11 16 0 11 1 10 6 11 17 17 0 9 17 22 16 15 15
split_gain=26001.6 8432.14 3395.27 1089.72 929.634 901.512 469.796 413.068 336.351 313.569 228.942 198.069 181.743 172.189 161.288 155.434 115.086 114.627 109.627 100.665 100.006 94.6013 83.3735 74.1132 86.8449 69.7703 69.1382 66.7735 62.3619 57.0427
threshold=-1.0000000180025095e-35 1.5000000000000002 -3.4999999999999996 7.5000000000000009 1.0000000180025095e-35 3.5000000000000004 -1.4999999999999998 7.5000000000000009 10.500000000000002 34.987776019349674 16.500000000000004 -1.4999999999999998 46.79971808462745 31.871022351097171 0.085444015240009177 3.5000000000000004 -27.524607623120911 1.0000000180025095e-35 13.500000000000002 -5.4999999999999991 59.748767575844234 0.036339846752258854 0.020214626127739926 9.5000000000000018 4.5000000000000009 0.044610796766958193 0.078519367465443621 0.084754773995779048 0.22985206984979828 0.19700246810339397
decision_type=2 2 2 2 2 2 2 2 2 2 2 2 2 2 2 2 2 2 2 2 2 2 2 2 2 2 2 2 2 2
left_child=2 4 10 11 9 7 15 -3 -6 14 19 -4 -9 -8 22 28 -16 -11 -7 -1 -10 29 -2 24 -13 -23 -19 -14 -5 -17
right_child=1 5 3 6 8 18 13 12 20 17 -12 23 27 -15 16 21 -18 26 -20 -21 -22 25 -24 -25 -26 -27 -28 -29 -30 -31
leaf_value=-0.036731392114188001 0.0019244362631877236 0.026387669651429194 -0.021772728613884365 -0.009947883707430407 0.014584885747082159 0.034149229235090242 -0.009133225015607243 0.014584885747082159 0.0060419657732915227 0.0060419657732915227 -0.023069058854732909 -0.018220167582210588 0.018493967562365262 -0.0031782950400067269 -0.0031782950400067269 -0.010646404788490138 0.0019244362631877236 0.0060419657732915227 0.026879143238430481 -0.030387107860019667 0.012277265189136809 -0.009947883707430407 -0.0031782950400067269 -0.0031782950400067269 -0.010727835991661619 -0.021772728613884365 0.0019244362631877236 0.025313707566896007 -0.014739237906780403 -0.018680891418066867
leaf_weight=4056.348331451416 431.23050081729889 4080.3601715266705 4469.7286831140518 2659.9313122779131 4940.9952830076218 7211.4860539734364 8040.1322406083345 6897.7476879060268 7106.8984981775284 7901.0412172824144 2624.6581636071205 1567.8808667510748 1453.9540123045444 6746.9129948765039 2258.0733293890953 919.50267630815506 10056.390225484967 2636.9170189201832 2588.5497680902481 5335.6059822589159 2565.8719864785671 1747.7138609290123 9076.8356104493141 399.96033611893654 1638.122500628233 290.19025012850761 6705.7138098627329 2655.8124218285084 2487.4363429546356 6362.9591524600983
leaf_count=25190 1728 23106 22730 11587 22357 45822 33591 33365 29869 32443 13839 7155 7715 27165 9047 4151 40369 10798 14967 30835 11602 7911 36386 1764 7096 1304 27320 14246 10947 29120
internal_value=-4.72501e-06 0.0107145 -0.0170711 -0.0126053 0.0040222 0.0251476 -0.00990706 0.0205405 0.0104766 0.00160735 -0.0309402 -0.0217727 0.0174013 -0.00614534 -0.000781841 -0.0137504 0.00150827 0.00463071 0.0322348 -0.0331344 0.00704624 -0.0160692 -0.0031783 -0.0146676 -0.0161883 -0.0103382 0.00220487 0.022403 -0.00994788 -0.0176696
internal_weight=127915 78567.9 49347.1 37330.5 53680 24887.9 29254.8 15087.9 14613.8 39066.2 12016.6 8075.69 11007.5 14787 21822.5 14467.7 12314.5 17243.7 9800.04 9391.95 9672.77 9320.37 9508.07 3605.96 3206 2037.9 9342.63 4109.77 5147.37 7282.46
internal_count=595525 361140 234385 164521 221919 139221 125776 78432 63828 158091 69864 38745 55326 60756 87530 65020 49416 70561 60789 56025 41471 42486 38114 16015 14251 9215 38118 21961 22534 33271
is_linear=0
shrinkage=0.03


Tree=38
num_leaves=31
num_cat=0
split_feature=6 6 6 6 10 6 10 6 6 10 11 10 16 11 11 15 11 11 14 10 11 15 13 6 15 12 6 10 6 15
split_gain=24580.7 8180.79 3339.85 970.152 946.151 876.609 397.526 379.496 331.252 305.625 281.249 219.004 207.017 190.962 164.769 143.506 139.586 136.694 110.085 110.064 103.649 98.9256 98.4086 89.5906 71.4987 60.6399 59.046 57.9581 57.7737 56.5975
threshold=-1.0000000180025095e-35 1.5000000000000002 -3.4999999999999996 1.0000000180025095e-35 8.5000000000000018 3.5000000000000004 9.5000000000000018 -1.4999999999999998 -1.4999999999999998 7.5000000000000009 83.147873333427597 14.500000000000002 0.083288133145543786 -27.524607623120911 29.525582548008064 0.22751109211750037 46.79971808462745 29.201589036856152 0.045150344511471062 10.500000000000002 -12.349392446499449 0.24313456874857453 0.06837086021765916 -5.4999999999999991 0.27292508243722707 0.30724346367426636 -5.4999999999999991 8.5000000000000018 5.5000000000000009 0.25334200640835719
decision_type=2 2 2 2 2 2 2 2 2 2 2 2 2 2 2 2 2 2 2 2 2 2 2 2 2 2 2 2 2 2
left_child=2 3 11 10 7 6 -3 -4 15 -5 12 23 22 -14 -10 18 -8 -11 -6 -7 -17 -15 -2 -1 29 -24 -13 -25 -21 -22
right_child=1 5 4 9 8 19 16 -9 14 17 -12 26 13 21 -16 20 -18 -19 -20 28 24 -23 25 27 -26 -27 -28 -29 -30 -31
leaf_value=-0.036406435458493917 0.0031374454520576574 0.026014119345925034 -0.021420755916133759 0.014292661885623019 -0.0092950510428972677 0.034529405507100507 0.014292661885623019 -0.012675349057997451 -0.009146112962169094 0.0059065613880307207 0.0059065613880307207 -0.03016563641324695 -0.0031557499160908323 0.0031374454520576574 -0.0031557499160908323 -0.021420755916133759 0.021220274804180001 0.011095766766683505 -0.021420755916133759 0.026014119345925034 -0.014375543601660242 -9.1522320165875879e-06 -0.0031557499160908323 -0.032889847593987685 -0.017520935994640521 0.0031374454520576574 -0.021420755916133759 -0.026182989342477266 0.0333788515966984 -0.0092950510428972677
leaf_weight=3861.4306939840317 1333.5084984898567 5785.3332332372665 5898.466874152422 3185.6661253869534 5963.6099049150944 5658.2706772834063 5756.3268628269434 4855.5921600610018 7026.0550409555435 5420.5365568846464 4621.9569624960423 874.03837642073631 2475.9765467643738 13295.052014276385 6462.3754607588053 1550.3111775070429 3387.5235680490732 5962.3681821525097 215.45969972014427 2685.6691391468048 2824.1943149119616 6177.434808909893 10915.673130467534 3030.4880467057228 1055.9392828047276 262.94295033812523 2112.6931121200323 1984.608352214098 1248.1939214915037 1267.3188742697239
leaf_count=24555 5388 32666 29909 14585 26492 37021 27553 21282 29435 22713 19302 5168 9921 53735 25995 7163 18145 26519 973 15905 12587 24864 43929 18714 4752 1066 10818 10956 7740 5655
internal_value=-4.48629e-05 0.0103961 -0.0167076 0.00383472 -0.0122779 0.0247506 0.0201986 -0.0197772 -0.00921772 0.0104416 0.0013715 -0.0305636 0.00036833 0.00212387 -0.00593077 -0.0126593 0.016294 0.00772178 -0.00935656 0.0318296 -0.0157026 0.00313745 -0.00271105 -0.0329342 -0.0136211 -0.00315575 -0.0235011 -0.0302473 0.0279309 -0.0116047
internal_weight=127155 78172.4 48982.6 53651.1 37119.3 24521.3 14929.2 10754.1 26365.3 14568.6 39082.5 11863.3 34460.6 21948.5 13488.4 12876.8 9143.85 11382.9 6179.07 9592.13 6697.76 19472.5 12512.1 8876.53 5147.45 11178.6 2986.73 5015.1 3933.86 4091.51
internal_count=595506 361052 234454 222022 164243 139030 78364 51191 113052 63817 158205 70211 138903 88520 55430 57622 45698 49232 27465 60666 30157 78599 50383 54225 22994 44995 15986 29670 23645 18242
is_linear=0
shrinkage=0.03


Tree=39
num_leaves=31
num_cat=0
split_feature=6 6 6 9 6 6 6 9 11 9 9 6 11 9 15 16 11 6 11 1 11 9 11 13 12 13 9 11 16 22
split_gain=23165.1 7893.63 3244.33 1013.42 939.466 901.613 427.427 396.014 283.01 274.848 229.148 213.735 164.849 154.924 133.695 118.695 111.108 101.868 101.219 101.023 97.6876 96.0897 91.1444 86.1261 75.2551 71.164 70.7935 67.0557 66.3219 64.0931
threshold=-1.0000000180025095e-35 1.5000000000000002 -3.4999999999999996 7.5000000000000009 3.5000000000000004 1.0000000180025095e-35 -1.4999999999999998 14.500000000000002 34.987776019349674 14.500000000000002 16.500000000000004 -1.4999999999999998 6.5405368118834994 13.500000000000002 0.22751109211750037 0.085444015240009177 11.280555318498957 -5.4999999999999991 59.748767575844234 1.0000000180025095e-35 46.79971808462745 11.500000000000002 -27.524607623120911 0.088715524689523609 0.25270313161626562 0.0694997121821712 16.500000000000004 21.066316802066698 0.083152366370782618 0.078519367465443621
decision_type=2 2 2 2 2 2 2 2 2 2 2 2 2 2 2 2 2 2 2 2 2 2 2 2 2 2 2 2 2 2
left_child=2 5 10 11 7 8 13 16 15 -7 17 -4 -8 -5 -15 24 -3 -1 -11 -10 -9 -6 -17 -16 -2 -13 -14 -23 -25 -21
right_child=1 4 3 6 21 9 12 20 19 18 -12 25 26 14 23 22 -18 -19 -20 29 -22 27 -24 28 -26 -27 -28 -29 -30 -31
leaf_value=-0.036167174619767421 -0.003177064507123377 0.01831893957228016 -0.021130230717426129 -0.017649559555182267 0.034450926543581083 0.013907211493412203 -0.0094759690290135406 0.013907211493412203 0.0055852416290058191 0.0055852416290058191 -0.02224598615754067 -0.003177064507123377 -0.0065690079276418192 -0.0094759690290135406 -0.018866531315470378 -0.003177064507123377 0.02557760632289989 -0.029664245081626798 0.012149755960251529 0.0055852416290058191 0.019725759904537451 0.02557760632289989 0.0015133766531762066 -0.017279734420673289 0.0015133766531762066 -0.015387621818311761 -0.003177064507123377 0.031290226753450667 -0.0094759690290135406 0.0015133766531762066
leaf_weight=3887.9497005492449 7638.4116557091475 2152.1684943884611 4392.1896110773087 4609.1324278861284 5103.2207975238562 6169.9836424291134 4539.903514996171 4564.6284067481756 7883.6732321679592 6140.1611128151417 2551.9094486236572 449.19298557937145 4209.3592542111874 4663.6650154739618 2419.7322378158569 2225.9813625961542 5428.1131745427847 5157.5774599909782 2237.4288044422865 2628.2505934983492 2679.288328230381 1443.4238821417093 10059.01566375792 1081.8981896340847 1860.9945183545351 3166.0366208553314 5951.7057110369205 2864.6629382669926 1546.3116292357445 6667.9904179871082
leaf_count=25233 30621 11492 22790 21839 34134 27852 19307 21878 32413 25868 13780 1974 17193 20542 10848 8920 30775 30832 10198 10778 14456 8552 40386 4849 7460 14217 24050 18018 6889 27184
internal_value=-0.000135608 0.0100222 -0.0163763 -0.0120385 0.0242256 0.0035888 -0.00942891 0.0195143 0.00120922 0.00996127 -0.030222 -0.0211302 -0.00583432 -0.0131176 -0.0109636 -0.0010613 0.0243095 -0.0324667 0.00638384 0.00408805 0.0144912 0.0316409 0.000901316 -0.0147787 -0.00317706 -0.0138011 -0.00366205 0.0282978 -0.0110037 0.00185334
internal_weight=126374 77747.4 48626.6 37029.1 24235.5 53511.9 29021.7 14824.2 38964.3 14547.6 11597.4 8007.42 14701 14320.7 9711.61 21784.4 7580.28 9045.53 8377.59 17179.9 7243.92 9411.31 12285 5047.94 9499.41 3615.23 10161.1 4308.09 2628.21 9296.24
internal_count=595328 360985 234343 164498 139305 221680 125517 78601 157762 63918 69845 38981 60550 64967 43128 87387 42267 56065 36066 70375 36334 60704 49306 22586 38081 16191 41243 26570 11738 37962
is_linear=0
shrinkage=0.03


Tree=40
num_leaves=31
num_cat=0
split_feature=6 6 6 9 6 6 6 20 10 26 9 10 6 0 2 26 2 26 6 6 17 15 13 10 12 12 16 17 0 6
split_gain=21909.4 7616.06 3206.8 984.703 880.746 840.43 350.658 324.181 305.78 242.041 235.41 225.321 222.192 169.598 132.663 130.017 123.523 112.903 108.307 101.885 99.01 91.89 76.3443 71.6112 71.1243 67.7871 84.647 66.6261 62.9065 62.6328
threshold=-1.0000000180025095e-35 1.5000000000000002 -3.4999999999999996 7.5000000000000009 2.5000000000000004 1.0000000180025095e-35 -1.4999999999999998 1.0000000180025095e-35 7.5000000000000009 1.0000000180025095e-35 16.500000000000004 7.5000000000000009 -1.4999999999999998 3.5000000000000004 1.5000000000000002 1.0000000180025095e-35 1.5000000000000002 1.0000000180025095e-35 4.5000000000000009 -5.4999999999999991 0.036339846752258854 0.19177274340560094 0.0694997121821712 7.5000000000000009 0.275765146537161 0.22460005089357502 0.07214828193572019 0.044610796766958193 9.5000000000000018 4.5000000000000009
decision_type=2 2 2 2 2 2 2 2 2 2 2 2 2 2 2 2 2 2 2 2 2 2 2 2 2 2 2 2 2 2
left_child=2 5 10 12 11 9 13 23 -7 14 19 -3 -4 -5 -2 -8 21 -10 -9 -1 25 -11 -14 -6 -13 26 -15 -22 -24 -25
right_child=1 4 3 6 7 8 15 18 17 16 -12 24 22 20 -16 -17 -18 -19 -20 -21 27 -23 28 29 -26 -27 -28 -29 -30 -31
leaf_value=-0.035853236743428135 0.0054970778917016608 0.022443715273061975 -0.020697256744585016 -0.0090743230593570597 0.034246704302094144 0.013730850669454323 -0.003027574591946555 0.022443715273061975 0.010194973402542325 0.0037884749276023591 -0.021710200068534351 0.013730850669454323 -0.003027574591946555 -0.020697256744585016 -0.00013384562960325547 -0.0085544479778390178 0.0026622381905100161 0.0054970778917016608 0.030425612817126843 -0.029286074839743929 -0.0090743230593570597 -0.003027574591946555 -0.016417653610732327 0.024842789344525967 0.022443715273061975 -0.019330006077547642 -0.011305869762361483 -0.020697256744585016 -0.0031414073618485335 0.033010869547717016
leaf_weight=3800.4094388335943 12439.139377087355 2287.1403107941151 4343.9240353703499 5089.9322131872177 5371.6299093067646 3139.8687067776918 7234.1183786541224 4482.822785332799 5823.4192446619272 1924.1500183194876 2541.3650587946177 6053.4875442534685 451.17497983574867 508.29775117337704 5271.6044206023216 7438.9900148659945 6232.252169623971 5493.2013790011406 1575.1504178345203 5074.1369363665581 1702.4525987505913 13160.521546036005 2798.0841029435396 1875.0746235102415 681.31818495690823 3737.307576239109 2898.97430126369 288.4336374849081 364.0424093157053 1617.7680186629295
leaf_count=25233 50520 13218 22755 22528 35567 14521 29738 25046 25444 7836 13873 30327 1985 2396 21378 30762 25210 23761 10082 30848 7802 53124 12644 11071 3473 17301 13503 1316 1625 10774
internal_value=-4.10794e-05 0.00984811 -0.0159033 -0.0115987 0.0239093 0.00355235 -0.00902374 0.0283842 0.00973077 0.00126339 -0.0297958 0.0165033 -0.0206973 -0.01238 0.00385511 -0.00576865 -0.000890058 0.00703856 0.0230178 -0.0321058 -0.0148827 -0.00235785 -0.013235 0.0320455 0.0137309 -0.0165327 -0.0134549 -0.00907432 -0.0148922 0.0286427
internal_weight=125700 77428.5 48271.6 36855.7 23944.4 53484.2 28898.5 14922.4 14456.5 39027.7 11415.9 9021.95 7957.23 14225.4 17710.7 14673.1 21316.9 11316.6 6057.97 8874.55 9135.47 15084.7 3613.3 8864.47 6734.81 7144.58 3407.27 1990.89 3162.13 3492.84
internal_count=595661 361352 234309 164355 139558 221794 125346 92540 63726 158068 69954 47018 39009 64846 71898 60500 86170 49205 35128 56081 42318 60960 16254 57412 33800 33200 15899 9118 14269 21845
is_linear=0
shrinkage=0.03


Tree=41
num_leaves=31
num_cat=0
split_feature=6 6 6 0 6 6 6 10 10 11 0 10 0 6 11 1 11 15 6 6 11 10 11 13 6 11 2 10 0 0
split_gain=20782.8 7216.13 3073.18 982.738 909.577 776.03 399.72 332.161 288.888 258.406 241.343 223.348 180.815 163.208 157.585 148.404 124.098 116.392 108.101 105.768 94.097 88.4564 85.6552 80.5916 72.4862 68.1361 65.9289 65.5655 62.5748 61.7628
threshold=-1.0000000180025095e-35 1.5000000000000002 -3.4999999999999996 7.5000000000000009 2.5000000000000004 1.0000000180025095e-35 -1.4999999999999998 13.500000000000002 6.5000000000000009 10.006833685843278 4.5000000000000009 7.5000000000000009 5.5000000000000009 -1.4999999999999998 7.8741386775129749 1.0000000180025095e-35 29.201589036856152 0.22751109211750037 4.5000000000000009 -5.4999999999999991 99.143032179048319 7.5000000000000009 79.868749167444108 0.088715524689523609 5.5000000000000009 73.789928604755588 1.5000000000000002 4.5000000000000009 6.5000000000000009 4.5000000000000009
decision_type=2 2 2 2 2 2 2 2 2 2 2 2 2 2 2 2 2 2 2 2 2 2 2 2 2 2 2 2 2 2
left_child=2 5 10 6 11 9 12 18 -7 27 -1 -3 17 -5 -8 26 -10 -4 21 -12 -17 -6 -13 25 -9 -19 -11 -2 -21 -16
right_child=1 4 3 13 7 8 14 24 16 15 19 22 -14 -15 29 20 -18 23 -20 28 -22 -23 -24 -25 -26 -27 -28 -29 -30 -31
leaf_value=-0.021359381415703114 0.00036594559403015141 0.021972832077454221 -0.0089098726392076825 -0.020267557404231199 0.031488475610897661 0.013500853093289448 -0.0089098726392076825 0.021972832077454221 0.0054076571116431571 0.0054076571116431571 -0.035588834756310521 0.013500853093289448 -0.017432062450119065 -0.01344776253529587 -0.0029311899352242351 0.00036594559403015141 0.010214990359372417 -0.019520233827433939 0.034664361466586704 -0.024412085624753055 0.0054076571116431571 0.024335876746730569 0.021972832077454221 -0.010138649923369793 0.032056324525559815 -0.0089098726392076825 0.0013628149032565487 -0.0029311899352242351 -0.031481880749220419 -0.006101276095853982
leaf_weight=2691.1128273755312 1267.1318501681089 2254.9091412723064 4838.451375246048 3997.1136049032211 2783.5275010019541 2892.754754319787 4670.0862624049187 4090.5066585093737 5507.0843015760183 8587.0073838233948 3657.8499994426966 5627.2617149800062 4461.355669349432 3307.8552812486887 6112.9220041334629 12985.106518119574 6038.1276419907808 2226.3418378084898 4478.405426427722 1881.4392715245485 1464.6275704056025 2668.0772219002247 1023.5355873703957 2710.5564650148153 659.69485001266003 260.00923775136471 3628.6399862915277 11019.158222004771 3017.161939278245 4179.9003863036633
leaf_count=14890 5075 13194 21475 21190 18130 13450 19946 23071 23228 35128 24868 27890 21599 14988 24712 52500 27135 10132 31226 10721 6131 15959 5697 12217 4236 1140 14801 44148 19659 17153
internal_value=-1.72139e-05 0.00964409 -0.0155065 -0.0113073 0.0234631 0.00353864 -0.00885517 0.0280526 0.00947889 0.00133643 -0.0292279 0.0158931 -0.0124053 -0.0202676 -0.00541441 0.00299498 0.00696049 -0.0101676 0.0311836 -0.031697 0.000936922 0.0283126 0.0135009 -0.01373 0.0219728 -0.0176339 0.00540766 -0.00226309 -0.0287776 -0.00329268
internal_weight=124988 76975.6 48012.2 36764.6 23585.9 53389.6 29459.6 14680.2 14438 38951.7 11247.6 8905.71 14496.7 7304.97 14962.9 26665.4 11545.2 10035.4 9930.01 8556.45 14449.7 5451.6 6650.8 5196.91 4750.2 2486.35 12215.6 12286.3 4898.6 10292.8
internal_count=595689 360999 234690 164552 139403 221596 128374 92622 63813 157783 70138 46781 66563 36178 61811 108560 50363 44964 65315 55248 58631 34089 33587 23489 27307 11272 49929 49223 30380 41865
is_linear=0
shrinkage=0.03


Tree=42
num_leaves=31
num_cat=0
split_feature=6 6 6 9 6 6 6 10 10 11 9 11 11 26 0 11 10 6 9 0 11 21 12 11 26 15 16 11 0 11
split_gain=19768.5 7023.18 3019.13 923.978 899.902 762.336 489.552 389.131 299.163 248.336 240.724 232.362 155.643 147.738 131.245 121.11 111.951 107.903 84.3657 85.2541 80.8195 76.4073 71.3884 68.5548 68.1406 67.5431 66.1075 62.7173 62.6494 62.3933
threshold=-1.0000000180025095e-35 1.5000000000000002 -3.4999999999999996 13.500000000000002 3.5000000000000004 1.0000000180025095e-35 -1.4999999999999998 7.5000000000000009 7.5000000000000009 10.006833685843278 16.500000000000004 -0.69423242523703255 46.79971808462745 1.0000000180025095e-35 3.5000000000000004 24.016125231809614 10.500000000000002 -5.4999999999999991 4.5000000000000009 9.5000000000000018 99.143032179048319 0.28795786131448814 0.18519126382252996 -74.452390274339777 1.0000000180025095e-35 0.27452996098736698 0.089937062814873125 47.265235762118557 6.5000000000000009 72.895152175307103
decision_type=2 2 2 2 2 2 2 2 2 2 2 2 2 2 2 2 2 2 2 2 2 2 2 2 2 2 2 2 2 2
left_child=2 5 10 6 7 9 -4 -3 -7 22 17 23 -9 21 25 -10 -6 -1 19 -8 -15 -11 -2 -5 -20 -13 -14 -18 -19 -16
right_child=1 4 3 11 16 8 18 12 15 13 -12 14 26 20 29 -17 27 28 24 -21 -22 -23 -24 -25 -26 -27 -28 -29 -30 -31
leaf_value=-0.035314932630848478 0.00026505960763074959 0.02457186287971104 -0.020024874445102453 -0.020024874445102453 0.033483687635999626 0.013267906053805312 -0.015345316591079733 0.013267906053805312 0.0052481134939645017 0.0052481134939645017 -0.020701046925680894 -0.0029146760703945246 0.016754967475184821 0.00026505960763074959 -0.0084506275562702387 0.00970889128186842 0.02457186287971104 -0.024204621792642121 -0.0053985044756801309 -0.0029146760703945246 0.0052481134939645017 0.00026505960763074959 -0.0029146760703945246 -0.011092027769754414 -0.012088063166387095 -0.0084506275562702387 0.024030472262021811 0.0314370770984473 -0.031213131387292863 -0.0029146760703945246
leaf_weight=3636.0249105840921 1658.6194526255131 3795.5980625599623 8738.8130098134279 341.93069548904896 5225.979728884995 3116.3066842108965 1533.5837003290653 6670.7132566571236 4738.417125493288 11489.069500908256 2473.2337027341127 7748.0602476894855 1885.4357188940048 12961.685132682323 4975.5655260831118 6560.574015557766 2132.8047436773777 1960.1901628673077 2743.7823372632265 400.12319681048393 1460.4290182590485 681.89098413288593 10659.576796546578 5229.0664815604687 2747.5748808383942 702.51094424724579 2033.2590836137533 1537.2377426177263 2963.2719784379005 1384.000229626894
leaf_count=25268 6643 23115 44401 1579 37285 14556 7188 33434 19921 47015 13810 32551 10565 52408 21417 29415 13394 11287 11565 1791 6120 2764 42711 23224 11671 2984 11532 10192 19692 5808
internal_value=-3.70894e-05 0.0093956 -0.015225 -0.0110716 0.0231423 0.00339348 -0.0164279 0.0184992 0.00928614 0.00121009 -0.0289782 -0.00682241 0.0154464 0.00284117 -0.00485666 0.00662843 0.0306446 -0.0313644 -0.0106658 -0.0153453 0.000786749 0.00524811 -0.00231105 -0.0120446 -0.00874878 -0.00291468 0.020242 0.0265858 -0.0284338 -0.00814455
internal_weight=124185 76607.6 47577.7 36545 23281 53326.6 16163.9 14385 14415.3 38911.3 11032.7 20381.1 10589.4 26593.1 14810.1 11299 8896.02 8559.49 7425.06 1933.71 14422.1 12171 12318.2 5571 5491.36 8450.57 3918.69 3670.04 4923.46 6359.57
internal_count=595306 361070 234236 164179 139517 221553 76616 78646 63892 157661 70057 87563 55531 108307 62760 49336 60871 56247 32215 8979 58528 49779 49354 24803 23236 35535 22097 23586 30979 27225
is_linear=0
shrinkage=0.03


Tree=43
num_leaves=31
num_cat=0
split_feature=6 6 6 9 6 6 10 6 10 11 9 10 6 11 1 9 6 6 15 2 11 2 11 0 9 17 6 6 9 11
split_gain=18775.9 6722.24 2937.7 938.153 861.469 710.284 332.722 318.813 291.684 261.161 250.92 202.312 188.498 148.279 139.773 133.638 130.399 112.919 88.5354 88.0312 85.8789 83.044 82.567 62.6141 95.3252 62.0895 60.6315 60.4416 59.8487 56.3641
threshold=-1.0000000180025095e-35 1.5000000000000002 -3.4999999999999996 7.5000000000000009 2.5000000000000004 1.0000000180025095e-35 10.500000000000002 -1.4999999999999998 13.500000000000002 56.976750840393954 13.500000000000002 7.5000000000000009 -1.4999999999999998 6.5405368118834994 1.0000000180025095e-35 16.500000000000004 5.5000000000000009 -5.4999999999999991 0.27292508243722707 1.5000000000000002 79.868749167444108 1.5000000000000002 58.260641633103553 9.5000000000000018 4.5000000000000009 0.036339846752258854 4.5000000000000009 -5.4999999999999991 16.500000000000004 24.980266473280839
decision_type=2 2 2 2 2 2 2 2 2 2 2 2 2 2 2 2 2 2 2 2 2 2 2 2 2 2 2 2 2 2
left_child=2 5 10 12 11 9 26 15 29 14 27 -3 -4 -9 21 25 -8 -12 -17 -16 -13 -2 -10 24 -14 -5 -6 -1 -15 -7
right_child=1 4 3 7 6 8 16 13 22 -11 17 20 23 28 19 18 -18 -19 -20 -21 -22 -23 -24 -25 -26 -27 -28 -29 -30 -31
leaf_value=-0.035092048604175752 0.0024557901968111605 0.021353275198137296 -0.019686643036628385 -0.015992656203086889 0.029114249269803473 0.0088026177925125283 0.021353275198137296 -0.0083596526737036748 0.0051311360622538077 0.0051311360622538077 -0.030251027340280044 0.013051752451935026 -0.016213534278848703 -0.0057333328543634279 -0.0028531125940046936 -0.0083596526737036748 0.031983866783335299 -0.019686643036628385 -0.018151118440125704 0.0015003287504362179 0.021353275198137296 -0.0019640799611644298 0.011051842571106337 -0.0028531125940046936 -0.0083878853772954964 -0.0091163743627275928 0.034633429751867215 -0.02940701001577305 -0.0028531125940046936 0.013051752451935026
leaf_weight=3105.1410704404116 9143.5967917889357 2191.5819002389908 4206.3285358846188 5417.7181887924671 3957.3213187232614 2956.7575553953648 5577.766485452652 4493.004583388567 5575.6741768419743 10005.012567669153 1147.1410229206085 5563.7281794399023 1530.102726072073 4205.2643481940031 11209.159050256014 6292.5661146938801 1119.405132830143 2630.9434661716223 836.1193190664053 4636.671385794878 989.56121751666069 3920.125291466713 2121.4167329072952 399.29762698709965 1623.4024388790131 1523.9446838498116 3496.7486223354936 3984.1195859611034 5942.525968849659 3714.2321558147669
leaf_count=22251 36857 13168 22695 25919 26248 13227 32770 19276 23622 41501 7434 27921 7214 17244 44972 28102 7643 14302 3821 18614 5634 15772 9798 1789 7186 7154 25693 26249 24047 17236
internal_value=-4.44489e-05 0.00917579 -0.014882 -0.0108014 0.0227699 0.00333364 0.0273452 -0.00829741 0.0090335 0.00122878 -0.0285719 0.0153614 -0.0196866 -0.0051972 -0.000219556 -0.0115221 0.0224769 -0.0223016 -0.00863259 -0.00211347 0.0130518 0.00207767 0.00513114 -0.0127404 -0.0141665 -0.0144861 0.0317119 -0.0319063 -0.00310701 0.0130518
internal_weight=123516 76178.8 47337.6 36470.3 22896.1 53282.6 14151.2 28711.1 14368.1 38914.6 10867.3 8744.87 7759.13 14640.8 28909.6 14070.3 6697.17 3778.08 7128.69 15845.8 6553.29 13063.7 7697.09 3552.8 3153.51 6941.66 7454.07 7089.26 10147.8 6670.99
internal_count=595359 360676 234683 164447 139077 221599 92354 125563 63883 157716 70236 46723 38884 60567 116215 64996 40413 21736 31923 63586 33555 52629 33420 16189 14400 33073 51941 48500 41291 30463
is_linear=0
shrinkage=0.03


Tree=44
num_leaves=31
num_cat=0
split_feature=6 6 6 9 6 6 10 6 10 9 11 6 16 11 9 1 11 10 6 11 15 10 15 11 11 11 16 12 9 12
split_gain=17615 6483.22 2879.93 923.363 870.843 677.271 419.832 300.363 287.398 254.005 232.513 191.789 191.286 162.097 135.112 130.039 127.394 117.879 106.905 99.8885 85.4159 84.2596 70.6012 68.3628 68.3438 66.4029 66.275 65.011 63.1724 62.0468
threshold=-1.0000000180025095e-35 1.5000000000000002 -3.4999999999999996 7.5000000000000009 3.5000000000000004 1.0000000180025095e-35 12.500000000000002 -1.4999999999999998 6.5000000000000009 16.500000000000004 83.147873333427597 -1.4999999999999998 0.083288133145543786 -27.524607623120911 16.500000000000004 1.0000000180025095e-35 59.748767575844234 10.500000000000002 -5.4999999999999991 11.280555318498957 0.27292508243722707 2.5000000000000004 0.24313456874857453 72.895152175307103 101.92822852297662 21.066316802066698 0.093156678161620973 0.275765146537161 8.5000000000000018 0.30724346367426636
decision_type=2 2 2 2 2 2 2 2 2 2 2 2 2 2 2 2 2 2 2 2 2 2 2 2 2 2 2 2 2 2
left_child=2 5 9 11 6 10 19 14 -7 18 12 -4 21 -14 24 -9 -10 -6 -1 26 -16 -2 -15 -17 -5 -19 -3 -8 -20 -23
right_child=1 4 3 7 17 8 27 15 16 -11 -12 -13 13 22 20 23 -18 25 28 -21 -22 29 -24 -25 -26 -27 -28 -29 -30 -31
leaf_value=-0.034871064273119555 0.0024735571018931917 0.012679253664818282 -0.019436462008011045 -0.015092025909793163 0.032831991233910042 0.012679253664818282 0.012679253664818282 -0.0028877531825851903 0.0048509405504041422 -0.0197427879892682 0.0048509405504041422 -0.012399750275595039 -0.0028877531825851903 0.0024735571018931917 -0.0081366408848765424 -0.0081366408848765424 0.011568186542609925 0.023749581060375422 -0.031372379746026385 0.023749581060375422 -0.01775829780794691 -0.0028877531825851903 -0.0002070980403459994 -0.0028877531825851903 -0.0081366408848765424 0.029326768225996055 0.020299823108889163 0.022241308762181309 -0.024569011643691137 0.0024735571018931917
leaf_weight=3466.5241909399629 730.21230512857437 1391.1776176542044 4166.0425914824009 6524.3226752430201 4968.9779930114746 2844.4370107799768 5948.8594719916582 7186.4658982008696 8497.1439490616322 2420.5774763226509 4566.246237039566 3519.2484975755215 2429.634250074625 13246.450602397323 6276.4704745560884 6225.8546075671911 2966.9441677331924 1211.3370626419783 2219.5686305314302 5313.5632009506226 832.00318068265915 11464.977535068989 6128.170287758112 1174.6459516882896 377.07930338382721 2361.9477106183767 735.01033312082291 661.53467334806919 2523.8589288145304 309.68994833528996
leaf_count=25224 2943 7780 22695 31314 37061 13416 30946 29644 36557 13827 19170 16102 9740 53614 28096 26029 13816 7674 15434 31976 3822 46194 24686 4733 1742 16037 4133 3520 15453 1256
internal_value=-0.000136398 0.00880766 -0.0145832 -0.0105587 0.0222704 0.00308808 0.0176732 -0.00807515 0.00866783 -0.0283143 0.00103405 -0.0194365 9.61737e-05 0.00179252 -0.0112124 -0.00506091 0.00614703 0.029826 -0.030836 0.0225742 -0.00830528 -0.0028615 0.00247356 -0.00789973 -0.0142034 0.0256298 0.0168501 0.0126793 -0.0278737 -0.00288775
internal_weight=122689 75776.3 46912.7 36282.1 22592.4 53183.9 14050.1 28596.8 14308.5 10630.5 38875.4 7685.29 34309.1 21804.3 14009.9 14587 11464.1 8542.26 8209.95 7439.75 7108.47 12504.9 19374.6 7400.5 6901.4 3573.28 2126.19 6610.39 4743.43 11774.7
internal_count=594634 360519 234115 164177 139127 221392 78355 125380 63789 69938 157603 38797 138433 88040 64974 60406 50373 60772 56111 43889 31918 50393 78300 30762 33056 23711 11913 34466 30887 47450
is_linear=0
shrinkage=0.03


Tree=45
num_leaves=31
num_cat=0
split_feature=6 6 6 0 6 6 9 6 9 9 11 6 9 11 1 12 6 9 1 11 14 0 9 11 21 11 11 6 9 12
split_gain=16758.8 6183.05 2809.28 878.777 870.379 644.616 345.487 327.835 249.282 243.222 232.759 156.61 149.641 140.933 131.309 128.546 117.294 114.911 114.022 94.4474 73.8429 72.2645 74.7369 72.1522 72.0663 71.2157 70.7327 70.5833 68.8108 63.2094
threshold=-1.0000000180025095e-35 1.5000000000000002 -3.4999999999999996 7.5000000000000009 3.5000000000000004 1.0000000180025095e-35 11.500000000000002 -1.4999999999999998 8.5000000000000018 16.500000000000004 10.006833685843278 -1.4999999999999998 16.500000000000004 6.5405368118834994 1.0000000180025095e-35 0.275765146537161 -5.4999999999999991 11.500000000000002 1.0000000180025095e-35 79.868749167444108 0.045150344511471062 9.5000000000000018 4.5000000000000009 24.016125231809614 0.28795786131448814 99.143032179048319 101.92822852297662 5.5000000000000009 8.5000000000000018 0.18519126382252996
decision_type=2 2 2 2 2 2 2 2 2 2 2 2 2 2 2 2 2 2 2 2 2 2 2 2 2 2 2 2 2 2
left_child=2 5 9 7 6 10 -3 12 -7 16 29 -5 26 -9 24 19 -1 -6 23 -8 -14 22 -13 -10 -12 -16 -4 -19 -18 -2
right_child=1 4 3 11 17 8 15 13 18 -11 14 21 20 -15 25 -17 28 27 -20 -21 -22 -23 -24 -25 -26 -27 -28 -29 -30 -31
leaf_value=-0.034650693131287463 0.00020923258460503913 0.023455980784085007 -0.015089036223386927 -0.019042745365224222 0.032876670041319458 0.012531146766175772 0.012531146766175772 -0.0079719752162483778 0.0055724215103023595 -0.019462553186717451 0.0048558433622491572 -0.015709581149119741 -0.0079719752162483778 -0.0027888658210288159 0.00020923258460503913 0.023455980784085007 -0.030953252283612939 0.023455980784085007 0.0048558433622491572 0.020979466438705897 -0.019042745365224222 -0.0027446740252249002 -0.0082505684890314835 0.012248522276167904 0.00020923258460503913 0.0048558433622491572 -0.0079719752162483778 0.03173245829835275 -0.023807051947631268 -0.0027446740252249002
leaf_weight=3385.2358416095376 1654.4416037499905 4961.0337556451559 6770.4790266156197 3828.8250187784433 4474.024036899209 2570.662135630846 6871.2268685847521 4519.9231637269258 2493.994616240263 2404.0223040431738 11518.364028513432 1504.3521596193314 6815.2986005395651 10337.751744702458 13013.975830793381 935.51332533359528 2173.4062447696924 2661.5384221449494 5704.0576758682728 1193.8275546729565 254.73364003002644 400.61166396737099 1351.9513102322817 3521.2859195172787 685.07434380054474 1466.1921583563089 396.16195212304592 1249.8592820540071 2499.7626368254423 10626.85148306191
leaf_count=25220 6627 30864 32863 21085 34162 12183 35634 19475 10619 13879 47199 7175 30675 42168 52636 5089 15430 17762 25002 7015 1179 1803 6036 16071 2778 6164 1845 8963 15525 42588
internal_value=-3.63065e-05 0.00868836 -0.0141777 -0.0102175 0.0219318 0.00313046 0.0173389 -0.00790453 0.0085802 -0.027868 0.00113149 -0.0190427 -0.0111577 -0.00478627 0.00270446 0.0138279 -0.0303701 0.0295731 0.00635045 0.0125965 -0.00805707 -0.0123764 -0.0140819 0.00948332 0.00485584 0.000770249 -0.0142134 0.0257795 -0.0272558 -0.002286
internal_weight=122244 75601.9 46642.5 36180.1 22347 53254.9 13961.6 29094.3 14290 10462.4 38964.9 7085.74 14236.7 14857.7 26683.6 9000.57 8058.4 8385.42 11719.3 8065.05 7070.03 3256.92 2856.3 6015.28 12203.4 14480.2 7166.64 3911.4 4673.17 12281.3
internal_count=595714 361356 234358 164304 139489 221867 78602 128205 63875 70054 157992 36099 66562 61643 108777 47738 56175 60887 51692 42649 31854 15014 13211 26690 49977 58800 34708 26725 30955 49215
is_linear=0
shrinkage=0.03


Tree=46
num_leaves=31
num_cat=0
split_feature=6 6 6 0 6 6 10 6 10 9 6 26 15 12 10 6 13 2 2 13 13 26 16 6 12 13 9 6 21 16
split_gain=16122 5957.09 2722.48 909.475 860.712 612.433 378.744 314.185 285.89 247.981 220.036 200.932 143.711 131.762 120.87 115.491 114.737 101.111 93.0975 90.7812 86.7618 85.9222 78.7569 77.3065 83.6192 69.2076 67.5286 61.3375 57.0823 56.3959
threshold=-1.0000000180025095e-35 1.5000000000000002 -3.4999999999999996 6.5000000000000009 3.5000000000000004 1.0000000180025095e-35 7.5000000000000009 -1.4999999999999998 7.5000000000000009 16.500000000000004 -1.4999999999999998 1.0000000180025095e-35 0.22751109211750037 0.275765146537161 10.500000000000002 -5.4999999999999991 0.070126330525460842 1.5000000000000002 1.5000000000000002 0.092534965749127174 0.088715524689523609 1.0000000180025095e-35 0.083152366370782618 2.5000000000000004 0.21104346249751751 0.0694997121821712 8.5000000000000018 5.5000000000000009 0.28795786131448814 0.069636147017656344
decision_type=2 2 2 2 2 2 2 2 2 2 2 2 2 2 2 2 2 2 2 2 2 2 2 2 2 2 2 2 2 2
left_child=2 5 9 10 6 11 -3 -5 -7 15 12 17 -4 23 -6 -1 29 28 -18 -12 -14 -10 -22 -8 -25 -9 -17 -16 -2 -13
right_child=1 4 3 7 14 8 13 25 21 -11 19 16 20 -15 27 26 18 -19 -20 -21 22 -23 -24 24 -26 -27 -28 -29 -30 -31
leaf_value=-0.034472462514367148 0.004788544488511382 0.023215530293756885 -0.0070474874907658315 -0.018832572262552555 0.032448203929771526 0.012377122350339902 0.012377122350339902 -0.0027100318162554381 0.0087382126021597357 -0.019085162150294693 -0.0027100318162554381 -0.0027100318162554381 -0.016653041158635244 0.023215530293756885 0.023215530293756885 -0.030759776290511076 -0.0027100318162554381 2.0865378907771215e-05 0.0016686921114229803 -0.0070474874907658315 -0.015393412332888205 0.004788544488511382 -0.0070474874907658315 0.014683776161299168 0.020990615961420721 -0.012357746036233281 -0.023603964677390173 0.031182351243415569 -0.0027100318162554381 0.004788544488511382
leaf_weight=3291.1816793903708 11511.095405220985 3599.2222073227167 5852.790385439992 5825.6082988530397 4783.6650135591626 3079.7937465906143 5764.76806409657 635.28091922402382 5710.7712776064873 2387.2978443652391 7385.4649714678526 325.29270875453949 3054.7892176955938 1072.5637902915478 2367.1474940627813 2133.5018325001001 13139.330267876387 5253.1054628938437 5466.9762545824051 5653.1119641661644 1323.5610955804586 5421.514464199543 1939.1447867304087 1026.4562065303326 2353.2039635777473 4397.7168358415365 2458.5129136890173 1058.6155272424221 854.74318653345108 2327.225769802928
leaf_count=25101 46909 23196 26674 31690 37317 14659 30088 2791 25332 13940 30497 1319 14284 5989 15850 15457 53086 21329 22113 23494 6179 23724 8971 5774 13517 19816 15497 7675 3446 9487
internal_value=-4.44405e-05 0.00854028 -0.0139603 -0.010079 0.0216559 0.00309831 0.01708 -0.017337 0.0084271 -0.0275862 -0.00695144 0.00114999 -0.00985241 0.0140305 0.029351 -0.0301551 -0.000813435 0.00351886 -0.00164631 -0.00424257 -0.0130171 0.0058155 -0.0096048 0.0128549 0.0169904 -0.0110143 -0.0270471 0.0250098 0.00478854 0.00478854
internal_weight=121453 75115.5 46338 36067.5 22025.6 53089.8 13816.2 10858.6 14212.1 10270.5 25208.9 38877.8 12170.3 10217 8209.43 7883.2 21258.8 17618.9 18606.3 13038.6 6317.5 11132.3 3262.71 9144.43 3379.66 5033 4592.01 3425.76 12365.8 2652.52
internal_count=595201 360810 234391 164396 139406 221404 78564 54297 63715 69995 110099 157689 56108 55368 60842 56055 86005 71684 75199 53991 29434 49056 15150 49379 19291 22607 30954 23525 50355 10806
is_linear=0
shrinkage=0.03


Tree=47
num_leaves=31
num_cat=0
split_feature=6 6 6 9 6 6 10 10 0 9 11 11 6 16 11 11 6 10 6 1 11 17 0 16 13 17 6 15 11 0
split_gain=15099.5 5736.14 2680.78 860.981 851.839 581.289 363.917 281.584 273.938 244.402 208.977 181.72 173.439 165.569 163.048 156.181 143.188 128.001 112.931 87.4223 87.4089 78.3229 68.4741 68.3259 66.7974 65.5582 67.8142 63.2492 60.2181 55.8734
threshold=-1.0000000180025095e-35 1.5000000000000002 -3.4999999999999996 7.5000000000000009 3.5000000000000004 1.0000000180025095e-35 7.5000000000000009 7.5000000000000009 3.5000000000000004 16.500000000000004 83.147873333427597 -1.6856354652211392 -1.4999999999999998 0.083288133145543786 46.79971808462745 -27.524607623120911 -1.4999999999999998 13.500000000000002 -5.4999999999999991 1.0000000180025095e-35 59.748767575844234 0.035365383554755415 6.5000000000000009 0.088857511250973506 0.069849350354847531 0.036339846752258854 -2.4999999999999996 0.24313456874857453 20.27242847245714 9.5000000000000018
decision_type=2 2 2 2 2 2 2 2 2 2 2 2 2 2 2 2 2 2 2 2 2 2 2 2 2 2 2 2 2 2
left_child=2 5 9 12 6 10 -3 -7 11 18 13 -5 -4 21 -8 -15 25 -6 -1 -18 -9 -2 -20 -16 -14 26 -10 -17 -23 -26
right_child=1 4 3 8 17 7 14 20 16 -11 -12 -13 24 15 23 27 19 -19 22 -21 -22 28 -24 -25 29 -27 -28 -29 -30 -31
leaf_value=-0.034153206643570251 -0.0026840202403994973 0.022828483488146721 -0.018517367013840783 -0.010336178874671685 0.031324809979549936 0.012077313270034468 0.012077313270034468 0.0045686502889564122 -0.017680631611393959 -0.018761577082628558 0.0045686502889564122 -0.0026840202403994973 -0.0026840202403994973 -0.0026840202403994973 0.01549394409790222 0.0023513358139101463 -0.0035898801763047379 0.022828483488146721 -0.022164507919403133 -0.0096731072934639617 0.01009392062451564 -0.0026840202403994973 -0.029795442054880886 0.022741320655119173 -0.014897917248754396 -0.0096731072934639617 -0.011568416572623487 -0.00016634221324467554 0.0023513358139101463 -0.0026840202403994973
leaf_weight=3232.4081178456545 9042.3075745254755 3548.2788505554199 4055.6735516488552 3043.2801733016968 5825.6657035052776 3078.9566884338856 6428.7311096489429 8275.1584698855877 2699.1555676907301 2347.2951367348433 4585.1120848506689 8513.2669182866812 455.68202695250511 2442.2226129770279 1705.8834388405085 13285.758947864175 3790.9936913996935 2200.6828937157989 1808.2828422933817 4223.6757166981697 2921.3650921881199 1461.0650477707386 2692.8344312533736 2002.5205793678761 2672.9772171527147 1948.7755464017391 4199.3491468578577 6129.0558416247368 1994.3277244567871 348.10288001596928
leaf_count=25253 36400 23194 22758 13637 45767 14729 33370 35713 14114 13847 19292 36031 2048 9793 10027 53810 15720 14925 11147 17675 13735 5858 19721 11975 12474 9216 19169 24695 8118 1580
internal_value=-7.66061e-05 0.00823125 -0.0135993 -0.00976462 0.0212257 0.00292894 0.0166705 0.00810695 -0.00737267 -0.0272701 0.00103035 -0.00381387 -0.0185174 0.000134021 0.0136853 0.00170882 -0.009811 0.0289865 -0.0298471 -0.00690347 0.00553864 -0.00261995 -0.026741 0.0189106 -0.0117926 -0.0124427 -0.0139644 0.00235134 0.00183343 -0.0134247
internal_weight=120959 74927.1 46031.8 35950.9 21711.8 53215.3 13685.4 14275.5 28418.5 10080.8 38939.8 11556.5 7532.44 34354.7 10137.1 21857 16861.9 8026.35 7733.53 8014.67 11196.5 12497.7 4501.12 3708.4 3476.76 8847.28 6898.5 19414.8 3455.39 3021.08
internal_count=595791 361401 234390 164422 139258 222143 78566 64177 125562 69968 157966 49668 38860 138674 55372 88298 75894 60692 56121 33395 49448 50376 30868 22002 16102 42499 33283 78505 13976 14054
is_linear=0
shrinkage=0.03


Tree=48
num_leaves=31
num_cat=0
split_feature=6 6 6 6 0 10 10 6 9 11 11 16 6 11 6 15 11 10 6 14 11 13 13 15 11 15 10 6 13 17
split_gain=14254.6 5426.23 2622.7 1258.74 850.341 507.23 332.297 271.175 245.626 241.826 203.934 184.749 150.686 150.494 144.145 130.352 122.436 118.264 117.273 110.849 102.787 102.698 117.196 83.4138 80.8184 74.2107 71.8722 69.1604 68.7046 62.3772
threshold=-1.0000000180025095e-35 2.5000000000000004 -3.4999999999999996 1.0000000180025095e-35 7.5000000000000009 7.5000000000000009 15.500000000000002 -1.4999999999999998 13.500000000000002 83.147873333427597 26.779111194354986 0.083288133145543786 4.5000000000000009 6.5405368118834994 -1.4999999999999998 0.22751109211750037 -27.524607623120911 7.5000000000000009 -5.4999999999999991 0.045150344511471062 -12.349392446499449 0.089163072852356792 0.073422256988720805 0.24313456874857453 20.622377567180028 0.27292508243722707 2.5000000000000004 -5.4999999999999991 0.05993532853468813 0.027677790779959896
decision_type=2 2 2 2 2 2 2 2 2 2 2 2 2 2 2 2 2 2 2 2 2 2 2 2 2 2 2 2 2 2
left_child=2 3 8 9 7 -5 12 15 27 11 -7 26 17 -9 -6 19 -13 -3 -10 -4 -17 22 28 -18 -19 -22 -2 -1 -12 -16
right_child=1 6 4 5 14 10 -8 13 18 -11 21 16 -14 -15 29 20 23 24 -20 -21 25 -23 -24 -25 -26 -27 -28 -29 -30 -31
leaf_value=-0.033966597456176133 0.0028869644197461247 0.028798421413082961 -0.0071827980505765193 0.015040018244946829 -0.018089100175722069 0.0055704809086975868 0.016562590055776157 -0.0071827980505765193 -0.029027447438839542 0.0055704809086975868 0.015040018244946829 -0.0025196556953666605 0.032509335461623955 -0.0025196556953666605 -0.005453743482463861 -0.018089100175722069 0.0028869644197461247 0.015287621171351774 -0.018089100175722069 -0.018089100175722069 -0.0088803694724790584 0.0080803683818987983 0.015040018244946829 9.5157931032754172e-05 0.024858965318871048 -0.014482694728786265 -0.0025196556953666605 -0.027566406818970095 0.0080803683818987983 -0.014466915191168212
leaf_weight=2743.2957955673337 726.510527998209 2450.690332993865 6521.4629774391651 5086.6715218275785 3710.7019272744656 7930.221510335803 2825.2887480258942 4505.616471067071 1050.8393995910883 4572.4782260656357 360.96399101614952 2446.7546684294939 4290.8026914447546 10320.010620355606 1016.249559879303 1690.2057227939367 13273.831582531333 1256.0193462371826 2494.5098119080067 226.34614452719688 4464.4388137608767 4398.7262133657932 3093.8091492503881 6138.4654730111361 2225.6332101598382 1144.3448353856802 11729.282971695065 3635.0939748585224 1718.2026078850031 2181.0496778488159
leaf_count=22141 2929 18132 30477 27795 21060 35651 17493 19527 7410 19258 1817 9812 34513 42174 4749 8366 53769 7620 14316 1081 21065 21487 15493 24732 14751 5502 47277 26245 8582 10179
internal_value=3.07692e-05 0.00812025 -0.0131596 0.00439037 -0.00937388 0.0100225 0.0256897 -0.00710484 -0.0268043 0.0011185 0.00738508 0.000203448 0.0282083 -0.00427394 -0.0180891 -0.0100917 0.00186747 0.0250875 -0.0204498 -0.0071828 -0.0128718 0.0105903 0.0135154 0.00270997 0.0214168 -0.0108763 -0.00251966 -0.0303289 0.00808037 -0.0116073
internal_weight=120229 74524.4 45704.2 61475.9 35780.4 22588.6 13048.4 28872.4 9923.74 38887.3 17501.9 34314.8 10223.1 14825.6 6908 14046.8 21859.1 5932.34 3545.35 6747.81 7298.99 9571.7 5172.98 19412.3 3481.65 5608.78 12455.8 6378.39 2079.17 3197.3
internal_count=595403 361111 234292 268602 164180 110825 92509 128192 70112 157777 83030 138519 75016 61701 35988 66491 88313 40503 21726 31558 34933 47379 25892 78501 22371 26567 50206 48386 10399 14928
is_linear=0
shrinkage=0.03


Tree=49
num_leaves=31
num_cat=0
split_feature=6 6 6 6 0 6 10 9 10 9 11 11 6 11 6 10 1 6 15 6 2 13 11 9 0 14 6 11 15 12
split_gain=13704 5205.63 2569.11 833.786 788.861 485.962 373.116 275.929 249.995 232.778 201.974 194.717 159.107 154.641 148.882 126.889 105.601 97.5643 76.1628 67.5147 65.6426 64.8132 61.8445 61.2093 76.9045 60.0465 59.9976 55.0027 85.2676 49.6093
threshold=-1.0000000180025095e-35 1.5000000000000002 -3.4999999999999996 3.5000000000000004 7.5000000000000009 1.0000000180025095e-35 7.5000000000000009 16.500000000000004 13.500000000000002 13.500000000000002 56.976750840393954 -1.6856354652211392 -1.4999999999999998 46.79971808462745 -1.4999999999999998 10.500000000000002 1.0000000180025095e-35 -5.4999999999999991 0.27292508243722707 -5.4999999999999991 1.5000000000000002 0.070126330525460842 58.260641633103553 4.5000000000000009 9.5000000000000018 0.030742753606448587 5.5000000000000009 24.016125231809614 0.24119882883712843 0.2231771484636608
decision_type=2 2 2 2 2 2 2 2 2 2 2 2 2 2 2 2 2 2 2 2 2 2 2 2 2 2 2 2 2 2
left_child=2 5 9 6 7 10 -3 14 27 19 16 -9 -6 -8 -4 -5 20 -11 -13 -1 -2 -18 -10 24 -14 -16 -17 28 -7 -15
right_child=1 3 4 15 12 8 13 11 22 17 -12 18 23 29 25 26 21 -19 -20 -21 -22 -23 -24 -25 -26 -27 -28 -29 -30 -31
leaf_value=-0.033812261439434124 0.0021383602908431514 0.022150235362601807 -0.013314993628968439 0.031649777109587399 -0.017995514930589943 0.0044024411532542695 0.011683873933053505 -0.010014106194144543 0.0044024411532542695 -0.028278613528659569 0.0044024411532542695 -0.0025624442843750722 -0.014616382430595244 0.014950304474039139 -0.0097023932367059883 0.022150235362601807 0.0021383602908431514 -0.017995514930589943 -0.0062882752392598067 -0.027414202194331515 -0.0017821832392678723 -0.0024772642661023544 0.0096451607749434305 -0.0062804785493665149 -0.0025624442843750722 -0.0038096954121254619 0.030149717711495157 0.011683873933053505 0.0095746782509775977 0.020899539502757129
leaf_weight=2678.4477543905377 9147.1528095602989 3445.3594368547201 6970.5353639870882 4451.0403191074729 3674.2389912754297 1582.5168182998896 6370.943465590477 4103.0722152590752 5547.5455067753792 1035.6958301514387 10053.576584815979 10396.744483977556 1468.4899042993784 1259.3550876379013 3315.934772670269 2274.6398620456457 1726.2344163805246 2452.4874942600727 1044.0184428840876 3556.5008412450552 3902.3402685970068 14104.107471928 2082.5765366405249 1319.5857911705971 390.52269257605076 2939.1460760086775 999.34161676466465 3681.2985002994537 1246.4663138836622 2365.4398188889027
leaf_count=22152 36908 23151 34489 37126 21056 7189 33450 18582 23708 7447 41851 44208 7155 7534 13879 15940 6943 14221 4522 26140 15706 56599 9836 5978 1775 12363 7676 17504 5691 14403
internal_value=-3.38269e-05 0.00790306 -0.013028 0.0204817 -0.00929631 0.00288606 0.0159634 -0.00711435 0.007649 -0.0266947 0.00115588 -0.00440337 -0.0179955 0.0129224 -0.0102994 0.0283371 -0.000125721 -0.0204643 -0.00256244 -0.0301727 0.00187217 -0.00177268 0.00440244 -0.0112372 -0.0146164 -0.00693563 0.0238168 0.0116839 0.00746548 0.0182167
internal_weight=119585 74239.9 45345.4 21166.1 35622.3 53073.8 13441.1 28769.5 14140.4 9723.13 38933.4 15543.8 6852.84 9995.74 13225.6 7725.02 28879.8 3488.18 11440.8 6234.95 13049.5 15830.3 7630.12 3178.6 1859.01 6255.08 3273.98 6510.28 2828.98 3624.79
internal_count=595182 361215 233967 139280 164007 221935 78538 128043 63928 69960 158007 67312 35964 55387 60731 60742 116156 21668 48730 48292 52614 63542 33544 14908 8930 26242 23616 30384 12880 21937
is_linear=0
shrinkage=0.03


Tree=50
num_leaves=31
num_cat=0
split_feature=6 6 6 6 0 10 10 9 11 11 11 6 16 6 11 6 13 1 11 13 10 6 13 13 11 6 13 12 0 9
split_gain=12806.5 5099.62 2497.07 1114.58 809.69 501.791 354.996 257.011 248.123 217.637 206.289 193.178 150.752 141.002 131.958 125.646 124.207 123.371 113.706 108.843 99.1311 97.3356 79.1793 70.9704 70.5984 70.1356 59.9152 56.0818 52.5473 50.1139
threshold=-1.0000000180025095e-35 2.5000000000000004 -3.4999999999999996 1.0000000180025095e-35 7.5000000000000009 7.5000000000000009 13.500000000000002 13.500000000000002 58.260641633103553 26.779111194354986 83.147873333427597 -2.4999999999999996 0.083288133145543786 -1.4999999999999998 -27.524607623120911 4.5000000000000009 0.089163072852356792 1.0000000180025095e-35 47.265235762118557 0.073422256988720805 6.5000000000000009 -5.4999999999999991 0.05993532853468813 0.06837086021765916 19.37686623159971 -5.4999999999999991 0.0694997121821712 0.21104346249751751 9.5000000000000018 4.5000000000000009
decision_type=2 2 2 2 2 2 2 2 2 2 2 2 2 2 2 2 2 2 2 2 2 2 2 2 2 2 2 2 2 2
left_child=2 3 7 10 8 -5 15 25 11 -7 12 24 23 -6 -14 20 19 -13 -8 22 -3 -9 -11 -2 -4 -1 -15 -22 29 -28
right_child=1 6 4 5 13 9 18 21 -10 16 -12 17 14 26 -16 -17 -18 -19 -20 -21 27 -23 -24 -25 -26 -27 28 -29 -30 -31
leaf_value=-0.033757248035502167 0.0026485752095435503 0.029011857533349415 -0.01764608278654807 0.014499854735253543 -0.01764608278654807 0.0051688169604971208 0.014499854735253543 -0.027679232048459207 -0.0025194593464970042 0.014499854735253543 0.0051688169604971208 -0.0054369700309288005 -0.0025194593464970042 -0.0025194593464970042 0.0025323006062080841 0.032737513296363693 0.0076831924941763432 -0.0096173689449127343 0.024074499448056955 0.014499854735253543 0.014499854735253543 -0.01764608278654807 0.0076831924941763432 -0.0025194593464970042 -0.010695507372897083 -0.027163519794126054 -0.01444079276537105 0.023856352607635817 -0.0025194593464970042 -0.0081455457085420312
leaf_weight=2608.2452386021614 1317.251356497407 2211.1964303329587 2191.7282088845968 5010.251080557704 3670.7357585728168 7913.460371285677 2604.6871945112944 1021.0879393517971 6783.2767867594957 365.57181632518768 4575.4007183164358 9006.5686474144459 2451.3268116414547 404.30733072757721 19390.506979048252 3656.8557782992721 4374.8745119124651 8976.3414440155029 1650.1279542371631 3076.0263941586018 673.95822118222713 2423.8951229602098 1676.7330928146839 11134.588187143207 1762.3854034692049 3487.2963987290859 1275.9343046098948 1858.6830255389214 344.44381301105022 1146.7037429511547
leaf_count=22101 5330 16998 11765 27763 21233 35717 16045 7480 29304 1862 19314 38975 9832 1835 78441 31171 21554 39084 11305 15582 4498 14198 8454 44865 9017 26112 6289 12746 1572 5230
internal_value=-6.27348e-05 0.00762215 -0.0126611 0.00404159 -0.00900398 0.00936861 0.0249581 -0.0262882 -0.00678927 0.00676207 0.000969021 -0.00835448 0.000128333 -0.0176461 0.00163011 0.0285368 0.0101976 -0.00703295 0.0178823 0.0134779 0.0252862 -0.0197156 0.00768319 -0.00250578 -0.0143581 -0.0299951 -0.0112355 0.0211472 -0.0128413 -0.0144016
internal_weight=119044 73941.5 45103 61286 35562.4 22416.9 12655.5 9540.52 28720.3 17406.7 38869.1 21937 34293.7 6842.12 21841.8 8400.69 9493.21 17982.9 4254.82 5118.33 4743.84 3444.98 2042.3 12451.8 3954.11 6095.54 3171.39 2532.64 2767.08 2422.64
internal_count=595672 361477 234195 268714 164304 110932 92763 69891 128145 83169 157782 98841 138468 36159 88273 65413 47452 78059 27350 25898 34242 21678 10316 50195 20782 48213 14926 17244 13091 11519
is_linear=0
shrinkage=0.03


Tree=51
num_leaves=31
num_cat=0
split_feature=6 6 6 6 9 10 10 9 0 11 11 6 11 16 6 11 6 6 11 13 1 10 13 17 14 11 13 9 4 17
split_gain=12367.6 4904.54 2379.55 1035.94 785.549 475.53 348.812 252.26 251.89 196.49 195.255 167.155 151.898 143.618 131.365 119.551 114.984 114.653 110.169 110.168 100.772 98.9123 94.3329 83.2841 120.32 79.1902 74.1637 71.6953 63.7461 63.4002
threshold=-1.0000000180025095e-35 2.5000000000000004 -3.4999999999999996 1.0000000180025095e-35 7.5000000000000009 7.5000000000000009 13.500000000000002 19.500000000000004 4.5000000000000009 26.779111194354986 83.147873333427597 -1.4999999999999998 -7.5007051156305797 0.083489245843319307 -2.4999999999999996 -3.7108271317721342 -5.4999999999999991 4.5000000000000009 47.265235762118557 0.089163072852356792 1.0000000180025095e-35 6.5000000000000009 0.073422256988720805 0.035365383554755415 0.03459782142952534 30.62782663726853 0.05993532853468813 8.5000000000000018 1.0000000180025095e-35 0.027677790779959896
decision_type=2 2 2 2 2 2 2 2 2 2 2 2 2 2 2 2 2 2 2 2 2 2 2 2 2 2 2 2 2 2
left_child=2 3 8 10 11 -5 17 14 -1 -7 13 -4 -9 23 25 -15 -10 21 -8 22 28 -3 26 -2 -25 -6 -11 -18 -16 -13
right_child=1 6 4 5 7 9 18 12 16 19 -12 29 -14 15 20 -17 27 -19 -20 -21 -22 -23 -24 24 -26 -27 -28 -29 -30 -31
leaf_value=-0.017455641455682555 -0.0025057847062367983 0.028737389242867364 -0.017439092510455848 0.014337344033645654 -0.017439092510455848 0.0050977240036341239 0.014337344033645654 -0.010096505095615273 -0.03340859432512866 0.014337344033645654 0.0050977240036341239 -0.0047735362660888368 -0.0025057847062367983 -0.0023780493421952415 -0.0066943256406351544 0.0026597226022012695 -0.029476276136000863 0.032338772429304691 0.023804611853394358 0.0075009800929217501 -0.010126888704804885 0.020943379327100952 0.014337344033645654 0.0026597226022012695 -0.0025057847062367983 -0.010853464414292266 0.0075009800929217501 -0.021763594274058048 -0.0025057847062367983 -0.013564775186799861
leaf_weight=2371.5404558852315 9141.1660353392363 2157.8486041724682 3892.4295786470175 4952.66933837533 1883.1091481745243 7882.4960926473141 2583.4131953120232 2428.1747576445341 2891.0492333546281 354.34275187551975 4559.7668273597956 1083.755843564868 8343.4717438369989 5021.9483931064606 5741.9555067420006 16667.026843205094 1936.4212824851274 3573.8932563662529 1617.5201608538628 4343.916415899992 7011.7770718336105 2481.6405807808042 3058.5565135627985 2373.1210871487856 1100.0771815478802 1601.6606856584549 1678.4459444135427 2183.4040459990501 1145.5083096027374 2334.7085189521313
leaf_count=14723 36798 16918 22687 27661 10234 35636 16043 11044 24877 1814 19270 5092 35551 20127 24849 67551 15476 31197 11243 21483 30697 17136 15585 9611 4439 8295 8477 14905 4938 10997
internal_value=-8.33949e-05 0.00748809 -0.0124997 0.00399666 -0.00894454 0.0091552 0.024678 -0.00666772 -0.0259336 0.00663878 0.00104025 -0.0174391 -0.0030595 0.000221721 -0.00890287 0.00170205 -0.0287957 0.0282773 0.017631 0.00990424 -0.00759503 0.025136 0.0129956 -0.0023234 0.00215181 -0.0141119 0.00752319 -0.025544 -0.00501529 -0.0107821
internal_weight=118397 73547.8 44849 61133.5 35466.6 22270.4 12414.3 28155.7 9382.42 17317.8 38863.1 7310.89 10771.6 34303.3 17384 21689 7010.87 8213.38 4200.93 9435.26 13899.2 4639.49 5091.35 12614.4 3473.2 3484.77 2032.79 4119.83 6887.46 3418.46
internal_count=595354 360989 234365 268452 164384 110656 92537 125608 69981 82995 157796 38776 46595 138526 79013 87678 55258 65251 27286 47359 60484 34054 25876 50848 14050 18529 10291 30381 29787 16089
is_linear=0
shrinkage=0.03


Tree=52
num_leaves=31
num_cat=0
split_feature=11 12 11 11 17 15 16 16 17 7 15 12 12 16 17 12 12 13 13 17 15 14 16 12 16 13 15 13 12 13
split_gain=1462.59 563.452 499.181 336.263 298.702 317.007 267.104 344.85 265.49 212.297 211.676 204.748 241.236 265.283 183.05 235.175 264.942 179.233 175.297 169.492 166.303 157.291 150.855 146.432 144.543 245.135 213.257 144.078 144.05 216.109
threshold=21.066316802066698 0.3168280324219514 99.143032179048319 -68.910543978746759 0.034676938109219672 0.1897131302834851 0.093663628124736623 0.071042147140111728 0.032741798698029539 2.5000000000000004 0.17800843344022407 0.19277588917132946 0.24766770882827008 0.10574614849159464 0.026166999938011175 0.276560808869247 0.22581340657044044 0.08802851596164242 0.063632143002679512 0.022292451883402249 0.26713435610812081 0.02682225791729137 0.10547876660360044 0.23263776530552557 0.076740500188073171 0.10934053187911545 0.20219229277760184 0.058605519976797978 0.25270313161626562 0.10998160983535595
decision_type=2 2 2 2 2 2 2 2 2 2 2 2 2 2 2 2 2 2 2 2 2 2 2 2 2 2 2 2 2 2
left_child=3 2 4 10 5 -2 7 -3 9 -5 -1 22 13 -13 -4 16 24 18 27 -8 -6 -21 -10 -20 26 -26 -16 -18 29 -19
right_child=1 6 14 8 20 -7 19 -9 11 -11 -12 12 -14 -15 15 -17 17 28 23 21 -22 -23 -24 -25 25 -27 -28 -29 -30 -31
leaf_value=-0.069723876121690023 0.0053656769663894405 0.047550399265697478 0.0053656769663894405 -0.00069026893700481148 0.0053656769663894405 -0.00069026893700481148 -0.00069026893700481148 2.543922521663484e-05 -0.00069026893700481148 -0.0063751677427401733 -0.013658318842067235 -0.0093417715695930294 -0.00069026893700481148 -0.00069026893700481148 0.0053656769663894405 0.0053656769663894405 0.044374773195469071 0.012699790717035973 0.01522853520796201 0.054385265516908858 -0.00069026893700481148 0.020632906672254311 -0.0093417715695930294 0.035782094289282869 0.0053656769663894405 0.048724509314197445 0.052975617437328308 0.0053656769663894405 0.0053656769663894405 0.045779311237254205
leaf_weight=60.41064678132534 4892.9310962706804 172.40416756272316 1369.3208069205284 23662.170535907149 17311.643249727786 35935.806449763477 68.118885010480881 647.89055252075195 2554.2118584439158 7360.46283955127 2285.1432115361094 8476.2289684414864 2989.8308411240578 1144.8701443597674 153.7430557757616 664.15977963060141 83.269563175737858 903.03910123556852 435.08646058291197 341.02569571882486 1410.3753103539348 200.5433030128479 378.7701630294323 1142.0582724139094 1955.9872979000211 117.5460567176342 142.33456628024578 216.14665462821722 543.11836916953325 220.23311439156532
leaf_count=272 24853 837 7088 103315 88055 181084 363 3244 12983 52028 11633 42485 14893 5720 845 3351 486 4835 2214 1739 6998 1044 1881 6317 10127 638 824 1087 2942 1113
internal_value=-0.000114259 0.00270119 0.00230604 -0.00408173 0.00136348 -7.53367e-05 0.0213232 0.0101053 -0.00352306 -0.00191942 -0.0151605 -0.00672297 -0.0084017 -0.00934177 0.00936788 0.0120292 0.0145952 0.0197874 0.026147 0.0363338 0.0045009 0.0420087 -0.000690269 0.0301385 0.00682184 0.00536568 0.026661 0.00536568 0.012603 0.0192553
internal_weight=117839 68926.8 67496.8 48912.1 59550.8 40828.7 1429.98 820.295 46566.5 31022.6 2345.55 15543.9 12610.9 9621.1 7946.04 6576.72 5912.56 3542.95 1876.56 609.688 18722 541.569 2932.98 1577.14 2369.61 2073.53 296.078 299.416 1666.39 1123.27
internal_count=595294 350084 342857 245210 300990 205937 7227 4081 233305 155343 11905 77962 63098 48205 41867 34779 31428 18994 10104 3146 95053 2783 14864 8531 12434 10765 1669 1573 8890 5948
is_linear=0
shrinkage=0.03


Tree=53
num_leaves=31
num_cat=0
split_feature=6 6 6 6 9 10 10 9 9 11 6 13 11 11 1 16 6 11 13 4 13 11 9 15 6 6 13 16 6 6
split_gain=11591.1 4726.2 2301.53 1011.32 745.321 473.16 348.499 263.116 251.34 194.984 183.932 176.305 179.042 157.489 141.537 129.69 125.135 122.35 101.297 94.8159 93.0904 90.5921 85.7225 83.9092 83.4504 74.5434 73.5048 64.7748 64.0209 61.84
threshold=-1.0000000180025095e-35 2.5000000000000004 -3.4999999999999996 1.0000000180025095e-35 7.5000000000000009 6.5000000000000009 10.500000000000002 16.500000000000004 19.500000000000004 26.779111194354986 -1.4999999999999998 0.070126330525460842 83.147873333427597 21.066316802066698 1.0000000180025095e-35 0.083288133145543786 -5.4999999999999991 -8.1484795107917289 0.089163072852356792 1.0000000180025095e-35 0.073422256988720805 -28.452712220560326 8.5000000000000018 0.24313456874857453 4.5000000000000009 4.5000000000000009 0.05993532853468813 0.069636147017656344 -1.4999999999999998 -2.4999999999999996
decision_type=2 2 2 2 2 2 2 2 2 2 2 2 2 2 2 2 2 2 2 2 2 2 2 2 2 2 2 2 2 2
left_child=2 3 7 11 10 -5 25 16 14 -7 -4 27 15 -8 19 -13 -1 -10 20 29 26 -17 -18 -23 -15 -3 -11 -2 -16 -6
right_child=1 6 4 5 8 9 13 -9 17 18 -12 12 -14 24 28 21 22 -19 -20 -21 -22 23 -24 -25 -26 -27 -28 -29 -30 -31
leaf_value=-0.033208263528634374 -0.0024663484573665606 0.026220103174902393 -0.017102972433928398 0.014059480819090689 -0.013130832594173459 0.0049241907152317195 0.014059480819090689 -0.017102972433928398 -0.0093788124854213058 0.014059480819090689 -0.010141521720440487 -0.0024663484573665606 0.0049241907152317195 0.019936131209061372 -0.013851686032690706 -0.0024663484573665606 -0.029104847062625998 -0.0024663484573665606 0.0073128832755841658 -0.0024663484573665606 0.014059480819090689 0.0021301804125907061 -0.020983106857734808 -0.0003932261205600996 0.0297452000869779 0.032895718585099314 0.0073128832755841658 0.0049241907152317195 -0.0087035556568113657 -0.0062059659080222927
leaf_weight=2871.9574790969491 600.77250531315804 3398.3599756732583 3847.3381930887699 4543.7530972957611 1459.3521136492491 8026.4385010302067 2171.20650973171 2209.5570321828127 2338.1146691292524 356.37085385620594 3428.9019101411104 10840.314091637731 3626.783142209053 2671.0292571261525 4558.367427200079 2189.7295765280724 1886.4573044925928 8407.5190634429455 4424.8090330511332 1421.3121246993542 3112.7545230984688 11811.375203326344 2249.5925475805998 5444.5039732158184 1122.3091894760728 2825.7687736451626 1715.1045110672712 4310.00600451231 4188.5206525623798 5695.4348751753569
leaf_count=25329 2444 26358 22641 25597 7781 36476 13656 13829 10683 1852 16205 43680 15367 17683 22457 8788 15415 35859 22051 6399 16040 47866 15504 21938 9122 25606 8753 17660 17674 24697
internal_value=-0.000107318 0.00723692 -0.0121696 0.00382893 -0.00868701 0.00893914 0.02429 -0.0255189 -0.00646787 0.00650046 -0.017103 0.000909238 0.000114406 0.0190952 -0.00870361 -0.00066383 -0.0283732 -0.0028627 0.00970158 -0.00596272 0.0126207 0.0008597 -0.0250014 0.0016799 0.0228524 0.0292604 0.00731288 0.00492419 -0.011389 -0.0076217
internal_weight=117754 73191.4 44562.4 61002.7 35344.9 22179.2 12188.7 9217.56 28068.6 17635.5 7276.24 38823.5 33912.7 5964.54 17323 30285.9 7008.01 10745.6 9609.04 8576.1 5184.23 19445.6 4136.05 17255.9 3793.34 6224.13 2071.48 4910.78 8746.89 7154.79
internal_count=595410 360937 234473 268512 164396 110769 92425 70077 125550 85172 38846 157743 137639 40461 79008 122272 56248 46542 48696 38877 26645 78592 30919 69804 26805 51964 10605 20104 40131 32478
is_linear=0
shrinkage=0.03


Tree=54
num_leaves=31
num_cat=0
split_feature=6 6 6 6 9 10 20 9 11 6 6 1 11 12 2 10 1 2 6 11 10 15 11 6 6 0 11 11 0 9
split_gain=11015.6 4624.84 2294.7 910.88 726.693 483.579 350.311 244.349 220.356 190.018 181.944 181.297 149.019 133.797 106.939 105.623 100.899 97.9838 97.8145 95.5846 76.9477 75.2844 73.0661 71.9838 65.2011 63.3586 62.0044 60.237 55.2285 84.1253
threshold=-1.0000000180025095e-35 2.5000000000000004 -3.4999999999999996 1.0000000180025095e-35 7.5000000000000009 12.500000000000002 1.0000000180025095e-35 13.500000000000002 58.260641633103553 -2.4999999999999996 -1.4999999999999998 1.0000000180025095e-35 25.940450322664109 0.21104346249751751 1.5000000000000002 4.5000000000000009 1.0000000180025095e-35 1.5000000000000002 -5.4999999999999991 61.019937405100116 6.5000000000000009 0.25155180533575605 15.257543845155626 -5.4999999999999991 4.5000000000000009 3.5000000000000004 99.143032179048319 46.79971808462745 9.5000000000000018 4.5000000000000009
decision_type=2 2 2 2 2 2 2 2 2 2 2 2 2 2 2 2 2 2 2 2 2 2 2 2 2 2 2 2 2 2
left_child=2 3 7 11 10 12 20 23 9 22 -4 14 15 -8 -2 -5 -11 26 -9 -7 -3 -17 -6 -1 -22 -18 -13 -15 29 -12
right_child=1 6 4 5 8 19 13 18 -10 16 28 17 -14 27 -16 21 25 -19 -20 -21 24 -23 -24 -25 -26 -27 -28 -29 -30 -31
leaf_value=-0.033077452713403004 0.0047560349934379657 0.03135407868102931 -0.016887511097199711 0.011203404417258289 -0.016887511097199711 0.0047886023560314191 0.013932030373127282 -0.027204718033486841 -0.0023912718214200222 -0.0050652556710774543 -0.013399116935008303 -0.0023912718214200222 0.013932030373127282 0.018215823823729101 -0.00035512621307330394 0.0047886023560314191 -0.0056152066981262974 0.0022743710369739502 -0.016887511097199711 0.010125607859413691 0.020991298026214932 0.011203404417258289 -0.010129603085647108 -0.026187833548428654 0.029968427145801939 -0.010129603085647108 0.0047886023560314191 0.02599980206256583 -0.0023912718214200222 -0.0058602635585077315
leaf_weight=2422.6582687571645 12312.076032802463 3874.8880430459976 3813.1260927468538 1123.8331744521856 1935.6328924149275 8802.9356950670481 1346.4016985297203 948.81637622416019 6637.8321129381657 8634.3405990749598 1432.5493919849396 13990.160764619708 5619.054809987545 2206.4988958612084 5256.5915405005217 2459.51874807477 3604.9632298797369 6212.5930007249117 2356.2515641897917 3060.6741830408573 1714.5668808370829 1032.8519765734673 1850.3242978304625 3313.8778459355235 1309.6693852767348 5329.7906236201525 1012.3458148986101 1545.4725256338716 387.00429014861584 1554.4669992476702
leaf_count=22156 50268 33722 22663 6188 10614 40208 9048 7324 28679 37386 7127 56473 31039 14548 21382 12198 15492 25201 14256 16052 12191 5112 9595 26240 11501 23724 4301 11514 1775 7107
internal_value=-6.89533e-05 0.00709831 -0.0118808 0.00374316 -0.00841544 0.00860409 0.0241209 -0.0253596 -0.00622985 -0.00773924 -0.0168875 0.000973119 0.0133878 0.0181439 0.0032269 0.00847478 -0.00642425 -0.000893408 -0.0188399 0.0047886 0.0285313 0.00511114 -0.013835 -0.029108 0.0248962 -0.00877986 -0.00220533 0.0214343 -0.00991072 -0.0113632
internal_weight=117102 72880.1 44221.6 60882.6 35180 22098.9 11997.5 9041.6 27992.9 21355.1 7187.15 38783.8 10235.3 5098.37 17568.7 4616.2 17569.1 21215.1 3305.07 11863.6 6899.12 3492.37 3785.96 5736.54 3024.24 8934.75 15002.5 3751.97 3374.02 2987.02
internal_count=595084 360946 234138 268422 164162 110797 92524 69976 125490 96811 38672 157625 54537 35110 71650 23498 76602 85975 21580 56260 57414 17310 20209 48396 23692 39216 60774 26062 16009 14234
is_linear=0
shrinkage=0.03


Tree=55
num_leaves=31
num_cat=0
split_feature=6 6 6 6 9 10 9 10 6 6 11 13 6 11 12 16 11 6 6 11 13 9 15 11 15 16 12 16 16 14
split_gain=10429.2 4435.61 2236.7 894.059 611.803 456.938 449.371 340.239 310.868 214.829 173.391 173.205 172.485 172.316 121.65 119.972 107.379 105.552 103.604 93.3081 80.8932 76.8236 74.5491 64.9658 59.9943 55.9112 51.9826 50.1479 68.9764 47.8921
threshold=-1.0000000180025095e-35 2.5000000000000004 -2.4999999999999996 1.0000000180025095e-35 10.500000000000002 7.5000000000000009 13.500000000000002 7.5000000000000009 -5.4999999999999991 4.5000000000000009 26.344488376462781 0.070126330525460842 -1.4999999999999998 83.147873333427597 0.21104346249751751 0.083288133145543786 -0.69423242523703255 1.5000000000000002 -4.4999999999999991 -28.452712220560326 0.092942709985358959 4.5000000000000009 0.24313456874857453 20.622377567180028 0.27292508243722707 0.069636147017656344 0.20403576982637511 0.075370537350942943 0.10005116177493385 0.024209844687442781
decision_type=2 2 2 2 2 2 2 2 2 2 2 2 2 2 2 2 2 2 2 2 2 2 2 2 2 2 2 2 2 2
left_child=2 3 4 11 18 -5 12 -3 -6 14 -7 25 -4 15 -9 -13 -8 -12 -1 -17 27 -20 -21 -16 -10 -2 -18 -14 -29 -30
right_child=1 7 6 5 8 10 16 9 24 -11 17 13 20 -15 23 19 26 -19 21 22 -22 -23 -24 -25 -26 -27 -28 28 29 -31
leaf_value=-0.032020109751579172 -0.0023754885222617757 0.030617866881736091 -0.013821217882226235 0.013662530965058062 -0.028674825778748306 0.0046620730541265653 -0.0075512320169008329 0.013662530965058062 -0.013821217882226235 0.027477663956553041 0.0068952418476677085 -0.0023754885222617757 -0.0023754885222617757 0.0046620730541265653 0.014228191472715894 -0.0023754885222617757 -0.0049633602695813035 0.013384469472804238 -0.028218028922395846 0.0019858462829992021 -0.010920549387145859 -0.02097025772829695 -0.0003693693809592671 0.022021001812916302 -0.021248021830487272 0.0046620730541265653 -0.0023754885222617757 -0.010384963279417488 -0.010920549387145859 -0.0023754885222617757
leaf_weight=2916.819697342813 614.74473641812801 4163.9206491932273 4821.4345794469118 4845.5198100358248 1394.1473671644926 7780.2449836432934 4448.0525910109282 1455.6211075112224 6263.6040388047695 2356.2603417336941 5966.039712369442 10855.221095010638 937.45320446789265 3620.5596742630005 1229.9804877340794 2165.7957212775946 2608.6762259453535 3360.9939043819904 1363.5313579887152 11828.571331322193 3038.1888487935066 2373.4742137342691 5437.553759008646 2591.263882137835 909.32571219652891 4275.4972201734781 9700.063613653183 2204.626798376441 148.29122577607632 861.26947499811649
leaf_count=26752 2502 37017 24744 27641 11498 35310 19926 9483 35549 20190 27925 43743 4194 15368 7697 8693 10946 19581 10243 47953 13668 16551 21912 18196 5355 17535 40623 9835 668 3829
internal_value=-0.000107102 0.00688118 -0.0116322 0.00361196 -0.0209317 0.00844991 -0.00671077 0.0237131 -0.0156246 0.0199395 0.00598628 0.000874236 -0.011139 7.78427e-05 0.0165643 -0.00069038 -0.00353565 0.00912841 -0.027758 0.000783985 -0.00801988 -0.0244159 0.00163675 0.0200155 -0.0138212 0.00466207 -0.00237549 -0.00525015 -0.0073463 -0.00237549
internal_weight=116537 72547.8 43989 60750.7 15220.9 21952.8 28768.1 11797 8567.08 7633.13 17107.3 38797.9 12011.3 33907.7 5276.87 30287.1 16756.8 9327.03 6653.83 19431.9 7189.83 3737.01 17266.1 3821.24 7172.93 4890.24 12308.7 4151.64 3214.19 1009.56
internal_count=595127 360746 234381 268163 105948 110457 128433 92583 52402 55566 82816 157706 56938 137669 35376 122301 71495 47506 53546 78558 32194 26794 69865 25893 40904 20037 51569 18526 14332 4497
is_linear=0
shrinkage=0.03


Tree=56
num_leaves=31
num_cat=0
split_feature=6 6 6 6 9 10 10 9 6 9 1 6 1 11 12 2 11 14 6 11 3 6 2 6 11 12 11 10 22 13
split_gain=9689.92 4241.77 2203.72 833.187 702.189 441.671 350.766 256.366 216.508 214.844 188.428 171.323 131.378 129.98 125.489 100.771 97.6372 97.5911 93.3813 91.0005 78.6571 77.7196 74.0129 66.7402 66.0233 63.4583 60.6815 55.0565 52.7283 49.472
threshold=-1.0000000180025095e-35 2.5000000000000004 -3.4999999999999996 1.0000000180025095e-35 7.5000000000000009 9.5000000000000018 7.5000000000000009 13.500000000000002 4.5000000000000009 19.500000000000004 1.0000000180025095e-35 -1.4999999999999998 1.0000000180025095e-35 61.019937405100116 0.21104346249751751 1.5000000000000002 99.143032179048319 0.045150344511471062 -5.4999999999999991 9.0239506945936245 1.0000000180025095e-35 -5.4999999999999991 1.5000000000000002 -1.4999999999999998 -8.1484795107917289 0.21788764746141751 20.622377567180028 3.5000000000000004 0.091444924639325992 0.069849350354847531
decision_type=2 2 2 2 2 2 2 2 2 2 2 2 2 2 2 2 2 2 2 2 2 2 2 2 2 2 2 2 2 2
left_child=2 3 7 10 11 19 -3 21 14 12 15 -4 20 -7 -8 -2 22 24 -9 27 -6 -1 -12 -14 -11 -15 -16 -5 -25 -13
right_child=1 6 4 5 9 13 8 18 -10 17 16 29 23 25 26 -17 -18 -19 -20 -21 -22 -23 -24 28 -26 -27 -28 -29 -30 -31
leaf_value=-0.032780389955472902 0.004575092504452624 0.030476781323982259 -0.01619689346458409 0.010224158426515265 -0.0071355510155502811 0.004575092504452624 0.013450248392301608 -0.026262903971919566 0.027141579636506097 -0.0074699749297678737 -0.002212681504480808 -0.002212681504480808 -0.012876841918812682 0.007445100420523449 0.014180762728855868 -0.00027068602376528744 0.004575092504452624 -0.01619689346458409 -0.01619689346458409 0.013450248392301608 -0.002212681504480808 -0.025479281174683142 0.0013800979302077477 -0.0039611532959141103 -0.002212681504480808 0.013128990721085008 0.021629949604354739 0.004575092504452624 -0.010235149496398942 -0.0108860113624995
leaf_weight=2313.2497266829014 12355.279516473413 4050.5945220217109 3731.9463004618883 631.78146150708199 5811.2606035917997 11020.619969248772 1434.8937085941434 927.08277218043804 2324.0075508803129 2214.6335563212633 13966.22155046463 445.88650612533092 4469.4614666849375 1029.3378592133522 1240.9436363503337 5265.240924462676 1449.2671184241772 320.61078652739525 2327.4166201800108 4951.3914095014334 2721.7728405445814 3194.8239523395896 5805.8937093168497 1949.3325040638447 8192.2567193359137 2727.6581231504679 2551.0003974363208 1509.8337159603834 2225.1022394299507 2934.6154805421829
leaf_count=22198 50472 36831 22642 3502 26551 50864 9436 7441 20324 10202 56377 2046 22376 5445 7835 21418 6177 1450 14340 28205 12409 26225 23468 8219 35009 14565 18191 7928 9486 14104
internal_value=-1.50835e-05 0.00672861 -0.011154 0.00355211 -0.00778613 0.00823535 0.0233484 -0.0246077 0.0195174 -0.0056406 0.000914837 -0.0161969 -0.00772075 0.00525473 0.0161183 0.00320775 -0.000989138 -0.00230905 -0.0179113 0.0134502 -0.00507816 -0.0285563 -0.00156297 -0.0103277 -0.00221268 0.0103151 0.019749 0.00699807 -0.00759346 -0.00943376
internal_weight=116093 72314 43779.5 60712.5 35016.9 21870.6 11601.4 8762.57 7550.85 27904.4 38841.9 7112.45 17176.9 14777.6 5226.84 17620.5 21221.4 10727.5 3254.5 7093.01 8533.03 5508.07 19772.1 8643.9 10406.9 3757 3791.94 2141.62 4174.43 3380.5
internal_count=595736 361038 234698 268421 164494 110509 92617 70204 55786 125702 157912 38792 79041 70874 35462 71890 86022 46661 21781 39635 38960 48423 79845 40081 45211 20010 26026 11430 17705 16150
is_linear=0
shrinkage=0.03


Tree=57
num_leaves=31
num_cat=0
split_feature=6 6 6 6 0 10 10 0 6 6 11 1 6 6 13 12 0 11 13 13 4 14 11 0 11 13 11 17 15 11
split_gain=9280.02 4085.5 2085.61 780.963 693.405 451.748 336.923 275.031 219.195 215.788 170.381 168.978 143.804 120.553 109.296 108.2 103.566 99.7225 99.333 92.6751 87.6447 84.8056 78.5801 75.2423 75.2415 73.9889 69.8375 66.3768 60.6476 59.962
threshold=-1.0000000180025095e-35 2.5000000000000004 -3.4999999999999996 1.0000000180025095e-35 7.5000000000000009 6.5000000000000009 7.5000000000000009 4.5000000000000009 -1.4999999999999998 4.5000000000000009 26.779111194354986 1.0000000180025095e-35 -1.4999999999999998 -5.4999999999999991 0.089266260033430078 0.21104346249751751 5.5000000000000009 6.5405368118834994 0.073422256988720805 0.070126330525460842 1.0000000180025095e-35 0.045150344511471062 -74.452390274339777 6.5000000000000009 56.976750840393954 0.05993532853468813 99.143032179048319 0.027677790779959896 0.22751109211750037 20.622377567180028
decision_type=2 2 2 2 2 2 2 2 2 2 2 2 2 2 2 2 2 2 2 2 2 2 2 2 2 2 2 2 2 2
left_child=2 3 7 11 8 -5 -3 -1 16 15 -7 20 -6 -9 18 -8 21 -10 25 -13 24 22 -4 -15 -2 -12 -21 -14 -24 -17
right_child=1 6 4 5 12 10 9 13 17 -11 14 19 27 23 -16 29 -18 -19 -20 26 -22 -23 28 -25 -26 -27 -28 -29 -30 -31
leaf_value=-0.015957179353242423 0.00040389838601719274 0.030154437986197779 -0.015957179353242423 0.01328382993822764 -0.015957179353242423 0.0044882331782994684 0.01328382993822764 -0.03247766270952291 -0.0057676779847120174 0.027008973384073872 0.01328382993822764 0.0044346918430586022 -0.0030223453068904341 -0.018768794649456112 0.0066594977394421051 0.013724822665058178 -0.012416862293759993 -0.0021899379920579595 0.01328382993822764 -0.002070883678563507 0.0044882331782994684 -0.015957179353242423 -0.0057676779847120174 -0.027476105680394103 0.0044882331782994684 0.0066594977394421051 0.0044882331782994684 -0.012443686035284406 -0.0092014764223502556 0.021452788659890986
leaf_weight=2252.2801289707422 10776.695818930864 3954.9027520790696 169.78554920852184 4420.9230429977179 3442.8498798161745 7990.9690002202988 1404.5340139269829 2557.6892119199038 4423.73709012568 2272.1188905015588 356.44559162855148 2611.4383655190468 992.07459668815136 1517.6979893520474 4340.8288995921612 1227.4870196506381 4069.6779567748308 10281.467549026012 3050.9688477367163 17520.055921316147 3048.7882244437933 336.35289488732815 4378.9814037084579 2255.9506462737918 3785.7223336547613 1679.9945142716169 1134.3210614919662 2101.2390408664942 4650.8019552081823 2529.2734181731939
leaf_count=14803 43498 36774 877 25584 21136 36557 9317 24907 19523 20257 1888 10678 4759 10626 21958 7809 21558 42260 16045 70695 12446 1641 20168 19683 15942 8718 4832 10146 22135 18274
internal_value=-1.17114e-05 0.00658682 -0.0109667 0.00349379 -0.00770303 0.00803293 0.0230739 -0.0242113 -0.00566548 0.0192996 0.00567285 0.000943539 -0.0159572 -0.0274256 0.00883076 0.0158966 -0.00840965 -0.0031257 0.0119586 -0.000856322 0.00311675 -0.00669724 -0.0060966 -0.023986 0.00171453 0.0066595 -0.00159741 -0.00942602 -0.00576768 0.0192318
internal_weight=115536 72105.5 43430.6 60717.2 34847 21840.1 11388.3 8583.62 28310.8 7433.41 17419.2 38877 6536.16 6331.34 9428.24 5161.29 13605.6 14705.2 5087.41 21265.8 17611.2 9535.92 9199.57 3773.65 14562.4 2036.44 18654.4 3093.31 9029.78 3756.76
internal_count=595494 361272 234222 268841 164203 110750 92431 70019 128162 55657 85166 158091 36041 55216 48609 35400 66379 61783 26651 86205 71886 44821 43180 30309 59440 10606 75527 14905 42303 26083
is_linear=0
shrinkage=0.03


Tree=58
num_leaves=31
num_cat=0
split_feature=6 6 6 6 9 10 10 0 9 6 6 26 15 12 6 12 6 2 16 2 14 9 26 15 15 14 12 12 4 9
split_gain=8634.41 3902.51 2059.54 727.079 693.575 450.351 354.357 261.381 221.686 215.893 162.704 154.224 147.915 135.663 133.602 112.244 90.1367 88.6133 86.4732 86.3137 84.0923 82.4749 72.9398 69.3152 60.0705 75.0457 63.5318 57.8424 56.0592 54.0869
threshold=-1.0000000180025095e-35 2.5000000000000004 -3.4999999999999996 1.0000000180025095e-35 7.5000000000000009 6.5000000000000009 7.5000000000000009 4.5000000000000009 16.500000000000004 4.5000000000000009 -1.4999999999999998 1.0000000180025095e-35 0.27292508243722707 0.27430906658021775 -5.4999999999999991 0.21104346249751751 -2.4999999999999996 1.5000000000000002 0.10005116177493385 1.5000000000000002 0.045150344511471062 8.5000000000000018 1.0000000180025095e-35 0.1765063519940919 0.23913086926274743 0.030649156330218096 0.25856907081559949 0.17647723953144479 1.0000000180025095e-35 4.5000000000000009
decision_type=2 2 2 2 2 2 2 2 2 2 2 2 2 2 2 2 2 2 2 2 2 2 2 2 2 2 2 2 2 2
left_child=2 3 7 11 10 -5 -3 -1 16 15 -4 17 20 23 -9 -8 -6 -2 27 -13 -10 -16 -18 -7 -25 -26 -27 -14 29 -12
right_child=1 6 4 5 8 13 9 14 12 -11 28 19 18 -15 21 -17 22 -19 -20 -21 -22 -23 -24 24 25 26 -28 -29 -30 -31
leaf_value=-0.015646663005741909 0.0043269677019284018 0.029966546252004872 -0.015646663005741909 0.012990899733447081 -0.013281847793784763 0.012483813102371583 0.012990899733447081 -0.032460431654919727 -0.0021118210484948516 0.026578387420182554 -0.012333765826551102 -0.0020562430467962883 -0.0021118210484948516 0.012946659265194537 -0.02794706100237377 0.018892977767860208 -0.0043330747752441702 -0.00028319932621973805 -0.0021118210484948516 0.0021486973529016374 -0.015646663005741909 -0.019243987410290885 -0.0094880185876136548 0.0043269677019284018 0.0043269677019284018 0.012856570567017058 0.0043269677019284018 -0.015646663005741909 -0.0021118210484948516 -0.0059282346674467161
leaf_weight=2208.6376064643264 12342.183348163962 3875.6673230826855 3667.1695745289326 4380.1255016326904 2534.3026091903448 940.28146962821484 1403.508263528347 2498.5383865609765 13265.385004907846 2211.923719599843 1300.9597695320845 14986.528172448277 85.906351029872894 1903.2273590713739 1711.2683265060186 3728.1384878605604 4897.3303431272507 5267.4760740697384 461.85992726683617 6213.3635966777802 400.69331733882427 1996.2469400987029 4995.5417601466179 9420.7221764102578 2398.4905215203762 2487.0805985629559 194.13992908596992 1190.6990702748299 765.21746398508549 1282.6853119879961
leaf_count=14652 50467 36870 22661 25500 14250 4728 9391 24944 57924 20113 6529 60723 388 9599 15444 26200 21587 21435 2070 25218 1826 14832 22467 46428 11589 11775 953 5392 3658 5936
internal_value=-1.03188e-05 0.0063722 -0.0105958 0.00335984 -0.00737853 0.0077541 0.022622 -0.0239148 -0.00525251 0.0187387 -0.0156467 0.000899833 -0.00284712 0.00539254 -0.0270771 0.0153504 -0.00823327 0.00297468 -0.0111273 -0.000823753 -0.00211182 -0.0234337 -0.00693753 0.00445986 0.00432697 0.00765536 0.0111216 -0.0152081 -0.00902087 -0.0111328
internal_weight=115015 71752.9 43262.4 60533.6 34847.8 21724.1 11219.2 8414.69 27831.7 7343.57 7016.03 38809.6 15404.5 17343.9 6206.05 5131.65 12427.2 17609.7 1738.47 21199.9 13666.1 3707.52 9892.87 15440.7 14500.4 5079.71 2681.22 1276.61 3348.86 2583.65
internal_count=595549 360989 234560 268415 164688 110572 92574 69872 125904 55704 38784 157843 67600 85072 55220 35591 58304 71902 7850 85941 59750 30276 44054 75473 70745 24317 12728 5780 16123 12465
is_linear=0
shrinkage=0.03


Tree=59
num_leaves=31
num_cat=0
split_feature=6 6 6 6 9 10 10 9 9 11 6 6 11 6 6 6 1 11 1 11 6 21 11 10 4 2 11 4 12 9
split_gain=8390.34 3770.92 2001.26 708.832 638.527 441.089 371.044 271.909 207.864 157.128 154.834 154.172 152.447 145.645 114.172 109.36 98.7093 97.5006 96.1507 91.3166 69.9887 61.1858 59.1229 56.8304 55.5361 59.8868 51.0188 50.8271 48.1678 47.4168
threshold=-1.0000000180025095e-35 2.5000000000000004 -3.4999999999999996 1.0000000180025095e-35 6.5000000000000009 6.5000000000000009 9.5000000000000018 10.500000000000002 19.500000000000004 26.779111194354986 4.5000000000000009 -5.4999999999999991 9.0239506945936245 -1.4999999999999998 -2.4999999999999996 1.5000000000000002 1.0000000180025095e-35 47.265235762118557 1.0000000180025095e-35 -1.6856354652211392 4.5000000000000009 0.28795786131448814 19.37686623159971 6.5000000000000009 1.0000000180025095e-35 1.0000000180025095e-35 99.143032179048319 1.0000000180025095e-35 0.18519126382252996 4.5000000000000009
decision_type=2 2 2 2 2 2 2 2 2 2 2 2 2 2 2 2 2 2 2 2 2 2 2 2 2 2 2 2 2 2
left_child=2 3 7 12 13 -5 20 -1 14 -7 17 -9 28 -4 22 -11 21 -8 24 -10 23 -14 -6 -3 25 -16 -18 29 -2 -15
right_child=1 6 4 5 8 9 10 11 19 15 -12 -13 16 27 18 -17 26 -19 -20 -21 -22 -23 -24 -25 -26 -27 -28 -29 -30 -31
leaf_value=-0.029391950414098152 6.7340198307146924e-05 0.028064541930199093 -0.015586420608896876 0.012813431236404426 -0.015586420608896876 0.0042357095245043695 0.012813431236404426 -0.027263071980456851 -0.0076132531501186245 0.0063062167762227214 0.025056460522851941 -0.015586420608896876 0.0042357095245043695 -0.012309352465904739 -0.0021699940764875318 0.01273452668667284 6.7340198307146924e-05 0.019541597330414513 -0.0087921947104037217 -0.0021699940764875318 0.031942844450642348 6.7340198307146924e-05 -0.0093083338122035043 0.019170600206762086 -0.0021699940764875318 -0.0078659701934395143 0.0042357095245043695 -0.0021699940764875318 -0.0021699940764875318 -0.0057379609654597524
leaf_weight=4022.0501822009683 1651.2881069034338 1856.9447779580951 3392.108964830637 4359.6582858562469 1464.2057367712259 7942.0557219684124 2635.3157316446304 1286.9411580786109 2772.5249552279711 6002.2466510981321 1586.2536438629031 2993.307457357645 11578.177702978253 1309.0873369276524 2168.7144219875336 3352.4212323650718 13128.793962106109 1533.6459140777588 6869.8643796890974 7908.1316838115454 2385.8205216675997 696.30502445995808 1955.3532191216946 1026.8118939772248 1233.0300565958023 3815.09737226367 1443.5148533284664 693.69477300345898 10307.761034488678 1072.0972501337528
leaf_count=38745 6619 16917 21209 25598 8530 36475 16948 11480 12845 28493 14115 19882 47735 6603 9509 20078 53156 11475 30622 33790 24850 2829 10605 8272 5405 16848 6165 3334 41351 4987
internal_value=-7.90158e-05 0.00621767 -0.0105577 0.00327511 -0.00738738 0.00762301 0.0223518 -0.0237855 -0.00543505 0.00528365 0.0170744 -0.0185059 0.000848408 -0.0155864 -0.00744727 0.00837672 0.00210334 0.0140267 -0.00625197 -0.00216999 0.0281068 0.00408517 -0.0123647 0.0249132 -0.00383211 -0.0055881 0.000433682 -0.00903228 -0.00196866 -0.0111141
internal_weight=114443 71487 42956.2 60462.2 34653.9 21656.4 11024.8 8302.3 28186.9 17296.7 5755.22 4280.25 38805.8 6466.99 17506.3 9354.67 26846.8 4168.96 14086.7 10680.7 5269.58 12274.5 3419.56 2883.76 7216.84 5983.81 14572.3 3074.88 11959 2381.18
internal_count=595470 361076 234394 268499 164287 110644 92577 70107 128154 85046 42538 31362 157855 36133 81519 48571 109885 28423 62384 46635 50039 50564 19135 25189 31762 26357 59321 14924 47970 11590
is_linear=0
shrinkage=0.03


Tree=60
num_leaves=31
num_cat=0
split_feature=6 6 6 6 0 10 9 10 6 6 1 1 12 21 12 2 0 6 2 9 17 10 1 15 15 12 14 15 21 15
split_gain=7843.89 3638.09 1929.5 662.652 604.89 417.208 403.323 348.019 288.634 213.092 180.447 138.8 102.917 98.071 95.3773 88.0871 86.398 85.0689 78.7533 65.5693 61.4564 59.9508 65.6178 57.5999 56.0984 53.0317 50.6638 47.3981 54.9312 44.8806
threshold=-1.0000000180025095e-35 2.5000000000000004 -2.4999999999999996 1.0000000180025095e-35 6.5000000000000009 10.500000000000002 4.5000000000000009 7.5000000000000009 -5.4999999999999991 4.5000000000000009 1.0000000180025095e-35 1.0000000180025095e-35 0.21104346249751751 0.29288087598533835 0.27430906658021775 1.5000000000000002 4.5000000000000009 -4.4999999999999991 1.5000000000000002 4.5000000000000009 0.022856704683030873 4.5000000000000009 1.0000000180025095e-35 0.27292508243722707 0.25014886468714881 0.3168280324219514 0.034244146550294473 0.23644675629685286 0.178874460209651 0.1897131302834851
decision_type=2 2 2 2 2 2 2 2 2 2 2 2 2 2 2 2 2 2 2 2 2 2 2 2 2 2 2 2 2 2
left_child=2 3 4 11 8 21 -4 -3 -1 12 13 15 -9 -8 20 -2 27 -6 25 -19 24 -5 -23 -10 -7 29 -16 28 -12 -13
right_child=1 7 6 5 17 14 10 9 23 -11 16 18 -14 -15 26 -17 -18 19 -20 -21 -22 22 -24 -25 -26 -27 -28 -29 -30 -31
leaf_value=-0.027223376471653172 0.0040162500544094412 0.029424318688388372 -0.012561020268795063 0.012519685918926521 -0.031030046517717139 0.0047341847003490936 -0.0021887473123260916 0.012519685918926521 -0.012561020268795063 0.026029382030115795 -0.012561020268795063 0.0026822173421325868 0.018188947143865531 -0.012561020268795063 0.012519685918926521 -0.00055123821181072327 -0.0095237123812271021 -0.027320833417093366 0.0019420770805334666 -0.020093505999474105 0.0040162500544094412 0.012519685918926521 0.0056025868350083018 -0.019892198370224119 0.012519685918926521 0.0040162500544094412 0.0040162500544094412 -0.0077378536127839792 -0.0021887473123260916 -0.0021887473123260916
leaf_weight=1316.1944095119834 12391.608828619123 3705.380719281733 2996.8345425128937 2422.7443723082542 2483.6913537532091 883.43227209150791 11897.804789930582 1379.8206578120589 6267.5623396262527 2125.2753606289625 324.16811391711235 1723.675635099411 3607.6185499876738 697.22841376066208 1261.0584193468094 5259.8224254697561 6218.3246461451054 1270.6209128946066 6217.254202246666 2024.8947317823768 11387.515895083547 2516.8619648143649 2426.0973143279552 900.19737017899752 352.84764914214611 230.6873682141304 292.6831012070179 2603.9182247966528 3661.0646330118179 13066.237727835774
leaf_count=12057 50717 36892 15902 14330 25661 4196 52099 9386 37019 20128 1408 7055 25957 3170 6326 21411 28815 10305 25239 15188 54976 14138 13383 5571 1683 947 1430 11309 15567 52862
internal_value=-0.000147885 0.00594363 -0.0103211 0.00307513 -0.019323 0.00729561 -0.00579901 0.0219642 -0.0142182 0.0180707 -0.00447278 0.000736891 0.0146703 -0.00218875 0.00427526 0.00270266 -0.00698722 -0.0268094 -0.000897022 -0.0236116 0.00401625 0.0125197 0.00913035 -0.012561 0.0109979 -0.00207227 0.0114867 -0.00459132 -0.00253255 -0.00218875
internal_weight=113913 71250.6 42662.5 60432.5 14263.2 21543.2 28399.3 10818.1 8483.95 7112.71 25402.5 38889.3 4987.44 12595 14177.5 17651.4 12807.5 5779.21 21237.9 3295.52 12623.8 7365.7 4942.96 7167.76 1236.28 15020.6 1553.74 6589.15 3985.23 14789.9
internal_count=595127 361056 234071 268693 105801 110462 128270 92363 54647 55471 112368 158231 35343 55269 68611 72128 57099 51154 86103 25493 60855 41851 27521 42590 5879 60864 7756 28284 16975 59917
is_linear=0
shrinkage=0.03


Tree=61
num_leaves=31
num_cat=0
split_feature=6 6 6 6 9 10 10 9 6 11 6 6 11 11 16 9 11 11 6 6 14 16 17 14 13 15 15 0 11 9
split_gain=7539.82 3514.1 1859.29 622.363 606.687 426.757 346.21 262.106 207.35 198.27 160.046 156.545 149.555 149.375 136.818 128.191 108.994 104.403 99.876 88.6679 64.0613 73.0333 63.5478 99.719 56.1211 52.6842 51.9945 51.8727 51.6324 44.8299
threshold=-1.0000000180025095e-35 2.5000000000000004 -3.4999999999999996 1.0000000180025095e-35 7.5000000000000009 6.5000000000000009 7.5000000000000009 10.500000000000002 4.5000000000000009 10.006833685843278 -1.4999999999999998 -5.4999999999999991 83.147873333427597 26.779111194354986 0.083288133145543786 16.500000000000004 -27.524607623120911 49.985247704028104 1.5000000000000002 -2.4999999999999996 0.031280024978568972 0.10627764522281453 0.035365383554755415 0.03459782142952534 0.069849350354847531 0.2638666867191472 0.1897131302834851 9.5000000000000018 21.066316802066698 4.5000000000000009
decision_type=2 2 2 2 2 2 2 2 2 2 2 2 2 2 2 2 2 2 2 2 2 2 2 2 2 2 2 2 2 2
left_child=2 3 7 12 10 -5 -3 -1 17 19 -4 -9 14 -7 22 26 -16 -8 -15 -6 21 -21 -2 -24 -12 -18 -11 29 -10 -26
right_child=1 6 4 5 9 13 8 11 28 15 24 -13 -14 18 16 -17 25 -19 -20 20 -22 -23 23 -25 27 -27 -28 -29 -30 -31
leaf_value=-0.0287346529138106 -0.0020561551913570821 0.029388063077900931 -0.015049066131371041 0.012481154636711194 -0.01487154518025869 0.0040376890987175919 0.012481154636711194 -0.026952732089099467 0.020235732847014694 -0.0020561551913570821 -0.0020561551913570821 -0.015049066131371041 0.0040376890987175919 0.0060331059516199057 -0.0020561551913570821 -0.0020561551913570821 0.0020755359227575122 0.020235732847014694 0.012204824568611444 -0.011050649748944449 -0.0059146132771197386 -0.0059146132771197386 0.0020755359227575122 -0.0020561551913570821 -0.011748767881278883 9.6903657002150177e-06 -0.0059146132771197386 -0.0020561551913570821 0.029281538917079256 -0.0062035841935347774
leaf_weight=3838.636389374733 9022.3793109953403 3610.3769524171948 3574.8984307646751 4293.5714136362076 1667.5409602969885 7913.1636562794447 3232.5089732855558 1225.1539743095636 693.57151895016432 1087.4051999300718 437.30089281499386 2937.3479230254889 4537.5121564418077 5984.6557938605547 2438.1784026622772 10069.839743226767 16763.015723139048 1709.367059469223 3334.1319668143988 3190.6532386392355 3893.3598102778196 520.92784930765629 2334.3701568841934 1085.2617038488388 1221.4333473145962 2551.4645839929581 7149.8542908877134 335.99909102916718 1389.2938177585602 1320.4521731883287
leaf_count=38646 36343 36807 22713 25559 9593 36458 21949 11378 6238 4938 2034 19876 19361 28543 9789 43116 68006 13443 20179 14572 17790 2365 9467 4383 6336 10275 33230 1579 13882 6185
internal_value=-5.25173e-05 0.00593581 -0.0100481 0.00312944 -0.00702315 0.00721894 0.0218329 -0.023075 0.0179426 -0.00503314 -0.0149849 -0.0178444 0.000856442 0.00493834 0.000113383 -0.00322228 0.00155764 0.0145856 0.00802852 -0.00860695 -0.00722975 -0.0102835 -0.00205616 0.00207554 -0.00844847 0.00207554 -0.00591461 -0.0100941 0.0258858 -0.0116215
internal_weight=113364 70892.8 42470.8 60257.7 34469.7 21525.5 10635.1 8001.14 7024.74 27579.6 6890.08 4162.5 38732.2 17232 34194.7 18307.1 21752.7 4941.88 9318.79 9272.48 7604.94 3711.58 12442 3419.63 3315.19 19314.5 8237.26 2877.88 2082.87 2541.89
internal_count=595033 360682 234351 268363 164451 110739 92319 69900 55512 125604 38847 31254 157624 85180 138263 81284 88070 35392 48722 44320 34727 16937 50193 13850 16134 78281 38168 14100 20120 12521
is_linear=0
shrinkage=0.03


Tree=62
num_leaves=31
num_cat=0
split_feature=6 6 6 0 6 10 20 9 6 1 6 9 6 6 6 6 11 12 11 14 21 2 15 10 11 22 15 13 0 10
split_gain=7048.32 3372.24 1814.15 631.146 584.639 421.447 362.939 278.027 189.386 154.823 132.826 114.984 112.155 89.7989 87.7762 84.0682 83.782 83.7138 79.0866 78.4039 76.9465 76.2675 70.4444 69.2233 66.3219 62.8138 58.6725 54.0258 53.8274 52.4347
threshold=-1.0000000180025095e-35 2.5000000000000004 -3.4999999999999996 7.5000000000000009 1.0000000180025095e-35 10.500000000000002 1.0000000180025095e-35 13.500000000000002 -1.4999999999999998 1.0000000180025095e-35 -1.4999999999999998 13.500000000000002 4.5000000000000009 -5.4999999999999991 -5.4999999999999991 4.5000000000000009 9.0239506945936245 0.27430906658021775 6.5405368118834994 0.045150344511471062 0.23574657314095396 1.5000000000000002 0.19700246810339397 6.5000000000000009 -74.452390274339777 0.079269663553650851 0.1765063519940919 0.069849350354847531 9.5000000000000018 3.5000000000000004
decision_type=2 2 2 2 2 2 2 2 2 2 2 2 2 2 2 2 2 2 2 2 2 2 2 2 2 2 2 2 2 2
left_child=2 4 7 8 9 16 15 14 11 21 -5 -4 -8 -9 -1 23 29 26 -10 24 22 -2 -11 -3 -13 -22 -7 -12 -29 -6
right_child=1 6 3 10 5 17 12 13 18 20 27 19 -14 -15 -16 -17 -18 -19 -20 -21 25 -23 -24 -25 -26 -27 -28 28 -30 -31
leaf_value=-0.03203539081844238 0.0038843671909968899 0.026716784883756596 -0.011459019402305986 -0.014756500104827187 0.0092347855381595505 0.012211188757783979 0.012526919324404613 -0.024752933737432033 -0.0049453117996150001 0.0038384707371233767 -0.0020163452256374758 -0.014756500104827187 0.023644533186084608 -0.014756500104827187 -0.023769106485434659 0.030352497195541173 0.012211188757783979 0.010851644080704001 -0.0020163452256374758 -0.014756500104827187 0.0038843671909968899 -0.00016954956064625675 -0.0020163452256374758 0.018414578825795891 -0.0049453117996150001 -0.00034801840360275659 0.0038843671909968899 -0.011587321703448309 -0.0020163452256374758 0.0038843671909968899
leaf_weight=2000.2761220932007 12303.851954057813 1688.5272820368409 4298.678740054369 3287.4023505598307 603.09379756450653 766.39314398169518 3539.7402799576521 831.93862279504538 4373.5331630855799 1942.040778234601 403.87133482098579 155.00757522881031 1065.62769331038 2198.5058637559414 2857.9239655509591 2651.1066795364022 5083.9457906410098 1551.4421699047089 10216.221193909645 322.89812327921391 2303.9949233531952 5250.2352718114853 10141.502844244242 1542.6226017698646 8623.6933261454105 6841.586767166853 11814.505853787065 2295.6496707946062 340.75370824337006 1614.1887618750334
leaf_count=22191 50394 16437 23221 21131 3474 3845 25072 7447 19489 7927 1888 819 10086 14330 26139 28834 29864 7805 42135 1608 9434 21377 40987 12085 40819 27741 57089 11422 1603 8593
internal_value=-6.13527e-05 0.00572972 -0.00976241 -0.0067796 0.00299514 0.00697121 0.0214272 -0.0227334 -0.0048407 0.00079752 -0.0147565 -0.00741541 0.0151086 -0.0155847 -0.0271844 0.0263675 0.0122112 0.00393488 -0.00247521 -0.00550352 -0.000926072 0.00288182 -0.00201635 0.0230811 -0.00494531 0.00119774 0.00388437 -0.00841814 -0.0101212 0.00625838
internal_weight=112911 70704.4 42206.4 34317.7 60216.8 21433.6 10487.6 7888.64 27990 38783.2 6327.68 13400.3 4605.37 3030.44 4858.2 5882.26 7301.23 14132.3 14589.8 9101.6 21229.1 17554.1 12083.5 3231.15 8778.7 9145.58 12580.9 3040.27 2636.4 2217.28
internal_count=595286 361044 234242 164135 268530 110670 92514 70107 128091 157860 36044 66467 35158 21777 48330 57356 41931 68739 61624 43246 86089 71771 48914 28522 41638 37175 60934 14913 13025 12067
is_linear=0
shrinkage=0.03


Tree=63
num_leaves=31
num_cat=0
split_feature=6 6 0 6 6 6 9 1 6 9 0 9 2 11 11 15 11 11 9 6 11 6 0 6 15 11 3 12 12 17
split_gain=6634.87 4138.26 1035.61 702.627 466.296 366.048 290.828 253.931 245.133 187.261 181.284 142.479 129.966 117.926 113.379 105.438 89.6571 79.929 76.5398 73.1 67.7703 67.6726 63.8937 63.5152 63.0965 56.2035 54.4153 54.1552 52.1181 49.7071
threshold=1.5000000000000002 -1.4999999999999998 6.5000000000000009 3.5000000000000004 -4.4999999999999991 -1.0000000180025095e-35 14.500000000000002 1.0000000180025095e-35 -4.4999999999999991 4.5000000000000009 4.5000000000000009 11.500000000000002 1.5000000000000002 6.5405368118834994 40.983564004924581 0.27292508243722707 11.280555318498957 79.868749167444108 16.500000000000004 -5.4999999999999991 -10.102812500433286 5.5000000000000009 7.5000000000000009 -2.4999999999999996 0.22601696155059803 21.066316802066698 1.0000000180025095e-35 0.3168280324219514 0.20441115472523869 0.027548196694093346
decision_type=2 2 2 2 2 2 2 2 2 2 2 2 2 2 2 2 2 2 2 2 2 2 2 2 2 2 2 2 2 2
left_child=1 2 4 6 19 13 16 10 -4 -10 14 -5 27 -3 26 20 -2 29 -15 -1 24 -13 25 -11 -6 -14 -7 -9 -19 -8
right_child=3 5 8 11 15 7 17 12 9 23 -12 21 22 18 -16 -17 -18 28 -20 -21 -22 -23 -24 -25 -26 -27 -28 -29 -30 -31
leaf_value=-0.026871086190693137 0.011270947785665699 -0.0067579871207487105 -0.03062799110759962 0.02949225001981182 -0.0093399694913516677 -0.00082170946446832979 0.011329700311319692 -0.00082170946446832979 -0.024917745458673656 -0.018929846298202931 0.0066223229382697856 0.018643128241185677 -0.00082170946446832979 -0.0042353804673765745 0.0051450702301523866 -0.014559484227404136 0.018643128241185677 0.011329700311319692 -0.00082170946446832979 -0.016011701314123987 -0.0067579871207487105 0.027411013289861775 0.0066223229382697856 -0.01124924283662956 -0.014581050378814586 0.0040853788035412637 0.0025537631692012898 0.0066223229382697856 0.018643128241185677 0.0066223229382697856
leaf_weight=1234.3622710779309 1738.4965476319194 5280.8720945864916 2326.002047598362 3043.9633676409721 1137.2929372489452 6605.3913207948208 1649.2477411031723 19353.427868083119 2384.7826891541481 1963.197915352881 8425.5645175427198 2070.954717002809 2955.9349564313889 6476.6134813129902 6241.810452863574 1610.9297645390034 4144.1141456365585 162.13245569169521 5896.6833468526602 1041.9926436170936 9488.2648850008845 894.17527638375759 1076.4780177026987 1939.9792199581861 1266.4448019787669 4288.7746176868677 3097.344440549612 307.14692905545235 750.8832480981946 3644.6334641724825
leaf_count=12030 11456 24088 25787 34091 6082 27083 9353 81131 17187 15296 37055 17712 12094 28635 27160 8647 30767 1075 24037 7773 47488 8973 4817 10605 6951 18233 12741 1319 5155 20731
internal_value=-0.000101567 -0.00329174 -0.0139321 0.0165364 -0.00936303 0.000416126 0.0123655 0.00167586 -0.0222977 -0.0192075 0.00391456 0.0249207 -0.000274024 -0.00331928 0.00199168 -0.00724344 0.017145 0.00783169 -0.00171277 -0.0219187 -0.00675799 0.020211 0.00305928 -0.0151201 -0.011922 0.00187591 -3.75439e-05 -0.000821709 0.0160371 0.00662232
internal_weight=112498 94399.3 24393.2 18098.6 15779.3 70006 12089.5 52351.9 8613.96 6287.96 24370.1 6009.09 27981.8 17654.2 15944.5 13502.9 5882.61 6206.9 12373.3 2276.35 11892 2965.13 8321.19 3903.18 2403.74 7244.71 9702.74 19660.6 913.016 5293.88
internal_count=595552 456239 157846 139313 88971 298393 78537 221633 68875 43088 104039 60776 117594 76760 66984 69168 42223 36314 52672 19803 60521 26685 35144 25901 13033 30327 39824 82450 6230 30084
is_linear=0
shrinkage=0.03


Tree=64
num_leaves=31
num_cat=0
split_feature=6 6 6 0 6 10 10 9 6 9 6 11 13 11 6 15 16 11 11 6 16 13 11 15 12 15 1 13 11 0
split_gain=6393.49 3075.25 1728.6 589.971 552.306 386.354 370.656 264.6 207.505 178.341 146.41 135.479 135.33 140.214 124.958 117.339 111.518 103.89 90.0826 87.4484 86.0722 76.5587 74.6025 71.2417 62.5208 62.2149 56.8025 52.1169 48.3292 45.5584
threshold=-1.0000000180025095e-35 2.5000000000000004 -3.4999999999999996 7.5000000000000009 1.0000000180025095e-35 7.5000000000000009 7.5000000000000009 10.500000000000002 4.5000000000000009 16.500000000000004 -5.4999999999999991 47.767623493908111 0.070126330525460842 83.147873333427597 -1.4999999999999998 0.27292508243722707 0.083288133145543786 49.985247704028104 -74.452390274339777 -2.4999999999999996 0.077329688537150845 0.081771822726316182 -35.876049590340351 0.30698755011761392 0.26902340016074028 0.22601696155059803 1.0000000180025095e-35 0.0694997121821712 21.066316802066698 9.5000000000000018
decision_type=2 2 2 2 2 2 2 2 2 2 2 2 2 2 2 2 2 2 2 2 2 2 2 2 2 2 2 2 2 2
left_child=2 4 7 9 12 -6 -3 -1 17 19 -9 -7 -2 16 -5 18 -14 -8 -11 -4 -17 25 -23 -22 -13 -18 -21 -16 -10 -29
right_child=1 6 3 14 5 11 8 10 28 15 -12 24 13 -15 27 20 21 -19 -20 26 23 22 -24 -25 -26 -27 -28 29 -30 -31
leaf_value=-0.02812879872103808 0.0038232779151099669 0.028876412430000956 -0.012161654498560725 -0.014313687203495157 0.011867707293734013 0.0038232779151099669 0.011867707293734013 -0.02601200855050825 0.019140149133674709 -0.014313687203495157 -0.014313687203495157 0.0068826051926363582 -0.001881856147702708 0.0038232779151099669 -0.001881856147702708 -0.014313687203495157 0.001602708731658134 0.019140149133674709 -0.001881856147702708 -0.0037556890702856063 -0.001881856147702708 -0.001881856147702708 0.001602708731658134 -0.014313687203495157 0.011867707293734013 -0.001881856147702708 -0.0082447789199346488 -0.011228830152981751 0.028312279244001193 -0.001881856147702708
leaf_weight=3599.849249266088 4865.9032638370991 3396.6725416108966 2525.5069715380669 3215.8242787867785 4613.0301528200507 11031.826249971986 3141.3059950172901 1160.8065485283732 659.78252851217985 220.86421871185303 2850.6431232690811 4681.0378288403153 10861.460539519787 3609.7435687184334 384.91455082595348 721.90838699042797 1795.9761804044247 1666.0692512318492 13252.074182674289 5263.7182908803225 743.29712495207787 1343.8932606428862 14010.349583432078 243.12890858948231 1011.1739059686661 2323.1772188544273 4906.1412184983492 2279.0393440276384 1308.3941825926304 334.17758551239967
leaf_count=38693 19995 36915 14895 21140 27879 52016 21886 11462 6265 1102 19828 25480 43802 15416 1803 3344 7309 13582 58272 23637 3365 5399 56738 1127 5539 9388 22409 11425 13925 1576
internal_value=1.18208e-05 0.005531 -0.00929471 -0.00640791 0.00295067 0.00682755 0.0207847 -0.0222195 0.016721 -0.00454164 -0.0169051 0.00457283 0.000819009 9.39189e-05 -0.0143137 -0.00234686 -0.00061786 0.0133518 -0.00188186 -0.00716539 -0.00986115 0.000882664 0.00160271 -0.00367925 0.00862626 -0.00188186 -0.00592251 -0.00814397 0.0249285 -0.00981432
internal_weight=112022 70319.8 41701.9 34090.6 60147.6 21337.1 10172.2 7611.3 6775.55 27876.6 4011.45 16724 38810.5 33944.6 6213.96 15181.3 30334.9 4807.38 13472.9 12695.4 1708.33 19473.4 15354.2 986.426 5692.21 4119.15 10169.9 2998.13 1968.18 2613.22
internal_count=595612 361534 234078 164095 268961 110914 92573 69983 55658 128151 31290 83035 158047 138052 35944 67210 122636 35468 59374 60941 7836 78834 62137 4492 31019 16697 46046 14804 20190 13001
is_linear=0
shrinkage=0.03


Tree=65
num_leaves=31
num_cat=0
split_feature=6 6 0 6 6 10 11 6 6 17 11 0 15 13 17 14 11 10 12 16 10 16 15 6 16 16 11 11 15 12
split_gain=6122.39 3693.65 989.018 697.877 442.12 397.987 357.311 300.944 256.738 181.929 174.155 151.259 143.34 116.19 119.952 115.959 111.99 101.349 97.3114 77.4955 70.9439 69.1 78.0411 67.1456 58.6637 55.2062 51.7835 49.6059 41.3399 38.8973
threshold=-1.4999999999999998 1.5000000000000002 6.5000000000000009 4.5000000000000009 -4.4999999999999991 6.5000000000000009 9.0239506945936245 1.0000000180025095e-35 -3.4999999999999996 0.034676938109219672 47.265235762118557 8.5000000000000018 0.19177274340560094 0.096619872756275219 0.037929259762363492 0.03693197135729781 19.37686623159971 16.500000000000004 0.21788764746141751 0.09835541708961866 13.500000000000002 0.084754773995779048 0.22807387343715591 -5.4999999999999991 0.088200443372480744 0.07214828193572019 -35.876049590340351 -68.910543978746759 0.27292508243722707 0.27508481738869722
decision_type=2 2 2 2 2 2 2 2 2 2 2 2 2 2 2 2 2 2 2 2 2 2 2 2 2 2 2 2 2 2
left_child=2 6 4 5 23 -3 13 9 -4 12 -7 -10 24 14 27 -11 18 -9 25 -15 -5 -12 -23 -1 -8 -6 -21 -2 -18 -24
right_child=1 3 8 20 16 10 7 17 11 15 21 -13 -14 19 -16 -17 28 -19 -20 26 -22 22 29 -25 -26 -27 -28 -29 -30 -31
leaf_value=-0.026277139547542634 -0.0049393219127241306 0.020399212140539094 -0.028230996636405666 0.030301000818809879 -0.014206785411161394 0.0081907619470494401 -0.00036734973245810485 0.0081907619470494401 -0.013706898640137622 0.0037755579538963479 0.011757626858782559 -0.022861649432185712 -0.00036734973245810485 -0.0049393219127241306 -0.0049393219127241306 -0.00036734973245810485 -0.0049393219127241306 0.0037755579538963479 -0.014168578806655986 -0.0049393219127241306 0.020399212140539094 0.020399212140539094 0.011757626858782559 -0.015732677666425308 0.0037755579538963479 -0.007538205552430362 -0.00036734973245810485 -0.00036734973245810485 -0.007538205552430362 0.020399212140539094
leaf_weight=1195.3380402028561 635.19307930767536 3254.7592238113284 3363.3276128098369 2654.120942465961 557.93662931025028 7060.7951113432646 1793.0574624687433 5569.0840658098459 3355.7431505694985 10068.82426302135 1388.32196328789 1645.1431536599994 23071.601086676121 6234.2814165353775 1548.8892737925053 2214.176128834486 6978.6454190686345 3850.151929333806 2882.4882769584656 480.4534230530262 830.9967123195529 1687.6331757605076 680.53359983861446 1021.3819990158081 1803.5005630254745 2348.5737832784653 1442.1782986968756 11290.623810991645 632.91900476813316 126.14305037260056
leaf_count=12142 2747 28876 37131 31152 3094 42963 7471 27491 20627 41979 10091 11036 95512 26503 6595 9157 34536 17910 15527 2023 7799 12484 4909 7779 7506 12638 6136 47838 3335 970
internal_value=-6.0414e-05 0.00361325 -0.0134919 0.0158631 -0.00903142 0.0129071 0.000518444 0.00195175 -0.0218161 0.000787956 0.0101218 -0.0174923 -0.00036735 -0.00268645 -0.000950535 0.00377556 -0.00697637 0.00676316 -0.0101371 -0.00493932 0.0278913 0.0153245 0.0184525 -0.0214372 0.00377556 -0.00753821 -0.00036735 -0.00036735 -0.00493932 0.0117576
internal_weight=111667 87685.3 23981.5 17683.3 15617.3 14198.2 70002 48370.4 8364.21 38951.2 10943.4 5000.89 26668.2 21631.6 13474.7 12283 13400.6 9419.24 5789 8156.91 3485.12 3882.63 2494.31 2216.72 3596.56 2906.51 1922.63 11925.8 7611.56 806.677
internal_count=595957 438112 157845 139244 89051 100293 298868 207026 68794 161625 71417 31663 110489 91842 57180 51136 69130 45401 31259 34662 38951 28454 18363 19921 14977 15732 8159 50585 37871 5879
is_linear=0
shrinkage=0.03


Tree=66
num_leaves=31
num_cat=0
split_feature=6 6 0 6 6 1 5 10 6 2 2 9 3 6 10 6 12 11 3 6 0 11 6 6 11 11 11 11 6 6
split_gain=5692.8 3564.86 1025.02 704.346 438.163 341.888 331.739 318.779 244.149 220.974 202.332 180.072 170.7 150.581 142.901 123.383 116.653 104.695 103.877 85.5586 81.7118 76.5883 75.7961 74.1987 68.4348 65.4548 59.128 53.7128 50.7896 50.4928
threshold=-1.4999999999999998 1.5000000000000002 6.5000000000000009 3.5000000000000004 -4.4999999999999991 1.0000000180025095e-35 1.0000000180025095e-35 7.5000000000000009 -4.4999999999999991 1.0000000180025095e-35 1.5000000000000002 4.5000000000000009 1.0000000180025095e-35 -1.0000000180025095e-35 10.500000000000002 -1.0000000180025095e-35 0.275765146537161 19.37686623159971 1.0000000180025095e-35 -2.4999999999999996 7.5000000000000009 79.868749167444108 1.0000000180025095e-35 -5.4999999999999991 9.0239506945936245 21.066316802066698 47.265235762118557 101.92822852297662 -2.4999999999999996 1.0000000180025095e-35
decision_type=2 2 2 2 2 2 2 2 2 2 2 2 2 2 2 2 2 2 2 2 2 2 2 2 2 2 2 2 2 2
left_child=2 5 4 7 23 6 9 -3 -4 18 12 -10 15 -11 -5 -7 21 19 29 -6 25 -9 -12 -1 -17 -15 -16 28 -13 -2
right_child=1 3 8 14 17 10 -8 16 11 13 22 27 -14 20 26 24 -18 -19 -20 -21 -22 -23 -24 -25 -26 -27 -28 -29 -30 -31
leaf_value=-0.026177175139250917 0.0021672386498017026 0.017874857981402006 -0.030281795586418067 0.028604140001717411 -0.013739269834279533 -0.0047677789697821533 0.0080540721562633553 0.0080540721562633553 -0.024399999584634222 -0.0047677789697821533 0.00066461493432862923 -0.018961319983173495 -0.0047677789697821533 -0.0017778498687081319 0.017874857981402006 -0.0023192080398498696 0.017874857981402006 -0.0047677789697821533 0.0080540721562633553 -0.0071777146007203424 0.0080540721562633553 0.016073588501277509 0.0070262302739141679 -0.015003894891350575 0.0015365430189142326 0.0022596491847397281 0.025321897125099635 -0.0047677789697821533 -0.011764742922101303 0.0080530910646774596
leaf_weight=1163.0901137366891 7368.6295496076345 2801.4577895253897 2163.9367103651166 3133.1666233837605 2561.1926566138864 3913.5302405953407 3014.9345525354147 6984.3274564221501 2287.7122623026371 4951.3561763316393 9257.4893472790718 1778.042826205492 7106.2739431262016 5008.6022781133652 1522.9918528720737 4414.8780430704355 910.74144553393126 7605.27531889081 2548.1294040977955 3178.1761529296637 1389.4260360151529 1121.0648675858974 2058.9830558300018 1011.3360449746251 9925.665964230895 7306.8199571818113 1027.2637771368027 193.06793832778931 1784.8281547725201 1594.6390855163336
leaf_count=12054 30748 23216 25721 37298 16066 17169 13065 41432 17196 21542 38544 14485 30181 20705 13380 18178 5929 37912 10917 15101 6100 8034 9763 7787 42023 31838 10153 1208 9963 7611
internal_value=-2.20474e-05 0.00351727 -0.0130528 0.0156243 -0.00851636 0.000483891 0.00269025 0.0114472 -0.0216263 0.00160843 -0.0015123 -0.0185182 -0.00300068 -0.000408483 0.0243025 -0.00119624 0.00859946 -0.00647955 0.0048767 -0.00958765 0.00121208 0.00805407 0.00182312 -0.020999 0.000129363 0.000433414 0.0189993 -0.0144452 -0.0153648 0.00321594
internal_weight=111087 87360.4 23726.7 17501 15519.1 69859.4 33182.5 11817.6 8207.59 30167.6 36676.8 6043.65 25360.3 18656.2 5683.42 18254.1 9016.13 13344.6 11511.4 5739.37 13704.8 8105.39 11316.5 2174.43 14340.5 12315.4 2550.26 3755.94 3562.87 8963.27
internal_count=595319 437826 157493 139442 88920 298384 142526 78611 68573 129461 155858 42852 107551 80185 60831 77370 55395 69079 49276 31167 58643 49466 48307 19841 60201 52543 23533 25656 24448 38359
is_linear=0
shrinkage=0.03


Tree=67
num_leaves=31
num_cat=0
split_feature=6 6 0 6 6 11 10 6 6 17 9 10 12 17 11 10 11 6 6 11 11 11 17 9 6 6 12 1 6 11
split_gain=5424.36 3396.88 967.854 693.635 423.089 321.247 305.642 267.577 238.767 171.512 163.922 137.964 113.758 112.392 109.047 95.9867 95.5891 84.3931 81.9435 79.5066 58.87 57.1347 56.8009 63.169 54.7979 52.4239 41.8749 38.3212 37.736 34.8726
threshold=-1.4999999999999998 1.5000000000000002 6.5000000000000009 3.5000000000000004 -4.4999999999999991 9.0239506945936245 7.5000000000000009 1.0000000180025095e-35 -4.4999999999999991 0.034676938109219672 4.5000000000000009 10.500000000000002 0.275765146537161 0.033298280760419123 19.37686623159971 7.5000000000000009 84.24298507624782 -2.4999999999999996 -1.0000000180025095e-35 79.868749167444108 47.265235762118557 102.90135118172408 0.039431741436611399 20.500000000000004 -5.4999999999999991 -2.4999999999999996 0.20441115472523869 1.0000000180025095e-35 4.5000000000000009 -10.805339172202819
decision_type=2 2 2 2 2 2 2 2 2 2 2 2 2 2 2 2 2 2 2 2 2 2 2 2 2 2 2 2 2 2
left_child=2 5 4 6 24 13 -3 9 -4 16 -10 28 19 18 17 -9 -7 -6 -2 -8 -13 25 -11 -24 -1 -12 -21 -17 -5 -26
right_child=1 3 8 11 14 7 12 15 10 22 21 20 -14 -15 -16 27 -18 -19 -20 26 -22 -23 23 -25 29 -27 -28 -29 -30 -31
leaf_value=-0.025372646942360841 -0.0047487872492526671 0.017540157890463471 -0.029935280254532858 0.023410517891140237 -0.01365663551068918 -0.00042717087620368393 0.007840720676691686 0.007840720676691686 -0.024060410740678436 0.0035040540672849996 -0.018930708055638935 0.017540157890463471 0.017540157890463471 -0.0047487872492526671 -0.0047487872492526671 0.0065861375299663049 0.0035040540672849996 -0.0072010551502398341 -0.00042717087620368393 0.011954515856573833 0.025034510032737288 -0.0047487872492526671 -0.00042717087620368393 0.0035040540672849996 -0.02051917346756589 -0.011625165134726761 0.017540157890463471 0.0035040540672849996 0.030655449159197823 -0.01365663551068918
leaf_weight=1135.5614599883556 3842.4818873107433 2756.5867703855038 2111.410653911531 1011.6323207914829 2540.4878266826272 22902.249450474977 6936.4230235144496 1890.4435358941555 2253.2906936183572 6757.926859870553 1773.6577446907759 1511.6792773902416 899.41921538114548 6463.9505138248205 7613.6629251986742 3856.8926235884428 3753.3683430999517 3173.6502793431282 11268.495532080531 211.83565051853657 1019.1684736087918 180.24937827885151 2704.2725884616375 2797.5058155506849 252.88114101439714 1793.4829869866371 898.75573568046093 3609.3594682812691 2040.8038328364491 746.70011983811855
leaf_count=12009 17577 23134 25724 11538 16071 94536 41324 10077 17201 28091 14631 13450 5919 27497 38036 18381 15929 15123 46576 1486 10278 1132 11436 11529 2054 10073 6547 16831 25651 5725
internal_value=-9.29515e-05 0.00336123 -0.0128588 0.0152671 -0.00845428 0.000414309 0.0111131 0.00177447 -0.0212504 0.000679121 -0.0181855 0.0239672 0.00832925 -0.00262881 -0.00646608 0.00632899 -0.000427171 -0.00965332 -0.00112764 0.00784072 0.0187579 -0.0143181 0.00350405 0.000449521 -0.0208472 -0.0152662 0.0160683 0.00403971 0.0282712 -0.0156657
internal_weight=110708 87133.3 23575 17286.3 15462.9 69846.9 11703 48272 8112.09 38915.3 6000.68 5583.28 8946.43 21574.9 13327.8 9356.7 26655.6 5714.14 15111 8047.01 2530.85 3747.39 12259.7 5501.78 2135.14 3567.14 1110.59 7466.25 3052.44 999.581
internal_count=595566 437787 157779 139327 89018 298460 78410 206810 68761 161521 43037 60917 55276 91650 69230 45289 110465 31194 64153 49357 23728 25836 51056 22965 19788 24704 8033 35212 37189 7779
is_linear=0
shrinkage=0.03


Tree=68
num_leaves=31
num_cat=0
split_feature=6 6 6 9 10 10 11 9 1 6 6 6 6 21 15 11 9 13 6 10 15 14 9 6 11 15 22 17 15 22
split_gain=5172.96 2700.56 1566.74 535.256 481.549 375.529 333.315 270.378 221.806 218.967 168.418 146.346 137.194 113.728 111.339 108.023 105.871 89.1141 88.4257 87.1808 80.9704 82.3824 70.6778 69.2071 63.7687 63.5465 64.4683 55.4885 58.2905 71.322
threshold=-1.0000000180025095e-35 2.5000000000000004 -3.4999999999999996 4.5000000000000009 4.5000000000000009 13.500000000000002 9.0239506945936245 16.500000000000004 1.0000000180025095e-35 1.5000000000000002 1.0000000180025095e-35 -5.4999999999999991 4.5000000000000009 0.27514311725960572 0.21584201955084867 83.147873333427597 14.500000000000002 0.089799366890289681 5.5000000000000009 6.5000000000000009 0.20133451414436612 0.023921903646901121 8.5000000000000018 -1.4999999999999998 -74.452390274339777 0.20185149778879355 0.098744025744186711 0.035365383554755415 0.23044260503220657 0.087333554283683432
decision_type=2 2 2 2 2 2 2 2 2 2 2 2 2 2 2 2 2 2 2 2 2 2 2 2 2 2 2 2 2 2
left_child=2 4 7 -4 10 12 -6 11 13 15 14 -1 19 24 -2 20 23 -11 -7 -3 -8 -22 -13 -10 -5 -18 27 28 -27 -30
right_child=1 5 3 8 6 18 9 -9 16 17 -12 22 -14 -15 -16 -17 25 -19 -20 -21 21 -23 -24 -25 -26 26 -28 -29 29 -31
leaf_value=-0.031226618065276875 -0.0017935178388067065 0.025099021396857473 -0.013556543197512096 -0.013556543197512096 -0.0017935178388067065 0.011138969869716355 0.0037072818308347337 -0.013556543197512096 -0.013556543197512096 0.011138969869716355 0.011138969869716355 -0.025994030585130896 0.029711546928601871 -0.009572347002672045 0.007951327298659619 0.0058414221863382276 -0.0017935178388067065 0.0058414221863382276 0.025134218157079589 0.016370246760910465 0.0037072818308347337 0.00071410618376977625 -0.017009064501393834 -0.0069078629133164622 -0.0017935178388067065 -0.0019965853920215016 -0.010630983541972339 -0.0017935178388067065 -0.01307870112113598 -0.0030320964982344339
leaf_weight=2008.7268136665225 1258.7673946470022 1560.3160264566541 3543.985053665936 206.61062963306904 16406.122232377529 3085.524014800787 5610.3548011183739 1871.9248542562127 2753.0683075562119 2503.6812521666288 2305.1742251440883 1399.3156347721815 2459.7013907581568 1691.570528768003 2526.5655284821987 5485.4782336801291 1973.7163608521223 2121.0231160447001 415.49082256108522 2054.2082548514009 3371.066752448678 18099.539803057909 1855.4981485083699 2630.5584028512239 13178.009353138506 1615.0538957268 2315.0281018614769 1221.9739499241114 1651.0111794620752 1036.0592461377382
leaf_count=25268 5181 16927 21539 1082 70027 23143 24023 13791 16314 16064 14364 15548 30981 8284 10250 24713 8720 12966 4283 17179 14267 76353 15453 11737 61181 7196 10624 5465 7617 4777
internal_value=-6.61691e-05 0.00493135 -0.00851838 -0.00582223 0.00255841 0.0197195 0.00164986 -0.0212909 -0.00446005 0.00322173 0.0105506 -0.0248423 0.0242306 -0.00188152 0.00476368 0.00235394 -0.00701759 0.0093289 0.0118834 0.0204865 0.00157314 0.000714106 -0.0208855 -0.0103983 -0.00179352 -0.00516107 -0.0064292 -0.00466512 -0.0065043 -0.00921015
internal_weight=110215 69263 40952.1 33816.6 59687.8 9575.24 53597.3 7135.47 30272.7 37191.1 6090.51 5263.54 6074.23 15076.2 3785.33 32566.4 15196.5 4624.7 3501.01 3614.52 27081 21470.6 3254.81 5383.63 13384.6 9812.84 7839.13 5524.1 4302.12 2687.07
internal_count=595317 360721 234596 164536 268208 92513 238413 70060 142997 168386 29795 56269 65087 70547 15431 139356 72450 29030 27426 34106 114643 90620 31001 28051 62263 44399 35679 25055 19590 12394
is_linear=0
shrinkage=0.03


Tree=69
num_leaves=31
num_cat=0
split_feature=6 6 0 6 10 6 1 5 6 2 2 11 9 6 15 13 11 16 15 11 14 6 11 16 10 15 11 6 13 0
split_gain=4918.03 3126.16 950.435 659.585 403.716 376.654 328.62 306.577 234.787 181.793 178.017 159.003 143.545 137.539 100.748 104.297 95.395 92.3694 80.5163 76.8007 76.7807 72.455 70.8484 67.409 66.6505 63.9595 60.0663 63.6833 58.1888 56.1258
threshold=-1.4999999999999998 1.5000000000000002 6.5000000000000009 4.5000000000000009 7.5000000000000009 -4.4999999999999991 1.0000000180025095e-35 1.0000000180025095e-35 -3.4999999999999996 1.5000000000000002 1.0000000180025095e-35 47.265235762118557 4.5000000000000009 1.0000000180025095e-35 0.22985206984979828 0.086539007196467357 9.0239506945936245 0.083152366370782618 0.17102959293316927 56.976750840393954 0.045150344511471062 1.0000000180025095e-35 73.789928604755588 0.084754773995779048 14.500000000000002 0.22895650411436227 -12.349392446499449 -5.4999999999999991 0.092942709985358959 7.5000000000000009
decision_type=2 2 2 2 2 2 2 2 2 2 2 2 2 2 2 2 2 2 2 2 2 2 2 2 2 2 2 2 2 2
left_child=2 6 5 4 -3 26 7 10 -4 16 29 -6 -10 19 20 22 -8 -17 -18 28 -7 -11 -16 -13 -5 -25 -1 -28 -12 -2
right_child=1 3 8 24 11 14 9 -9 12 21 13 23 -14 -15 15 17 18 -19 -20 -21 -22 -23 -24 25 -26 -27 27 -29 -30 -31
leaf_value=-0.028692786461206057 0.0035622976063846611 0.019476900190019304 -0.027309218786754182 0.029386533313847784 0.0075831770777393722 -0.0045738511625084705 -0.0045738511625084705 0.0075831770777393722 -0.021989242717386216 0.00047690696773691516 -0.00090592195740542769 0.010932144426332878 -0.012622778749310235 0.0046838056620545267 -0.01298364451694963 -0.012212179809681123 0.0075831770777393722 -0.0045738511625084705 -0.0020080922621766736 0.0015294160242895561 -0.01298364451694963 0.0067109811660648871 -0.0045738511625084705 0.019476900190019304 0.019476900190019304 0.010932144426332878 -0.022776446488550296 -0.01298364451694963 -0.0045738511625084705 0.0075831770777393722
leaf_weight=521.27389234304428 10037.667204648256 3347.2232795134187 3067.9276139810681 2480.2289346978068 6781.0949498340487 6572.2634789273143 8049.390905842185 3023.7145174890757 1775.9019029587507 9268.5232798606157 6182.2810029238462 1302.299441203475 3033.9022283777595 3940.3461317420006 2454.6553031429648 1490.7024338245392 596.37225322425365 2156.5398967862129 16683.265565469861 3739.6946230828762 225.07258519530296 2046.9042120724916 282.62399936467409 1602.1484972760081 713.89525342732668 724.97439280897379 804.55739465355873 751.74902681261301 4809.3930892497301 1402.3312573432922
leaf_count=5295 42622 31274 36993 31849 41858 33637 34126 13128 12544 38628 25724 9750 19085 18800 13284 8026 2573 11363 70861 15814 1230 9758 1399 12283 7095 5441 8682 5875 20062 6435
internal_value=-6.88634e-05 0.00320946 -0.0123572 0.0147643 0.0119098 -0.00798666 0.00040206 0.002567 -0.0208188 -0.0015556 0.00151235 0.00895854 -0.0166693 -0.000293255 -0.00611357 -0.008944 -0.00296784 -0.00560976 -0.00161563 -0.00162497 -0.00457385 0.00160561 -0.0129836 0.0142811 0.027044 0.017538 -0.0198537 -0.0168601 -0.00290033 0.00445888
internal_weight=109869 86731.7 23137.2 16951.9 13757.7 15259.4 69779.9 33135.4 7877.73 36644.5 30111.7 10410.5 4809.8 18671.7 13181.9 6384.52 25329 3647.24 17279.6 14731.4 6797.34 11315.4 2737.28 3629.42 3194.12 2327.12 2077.58 1556.31 10991.7 11440
internal_count=595494 438081 157413 139550 100606 88791 298531 142585 68622 155946 129457 69332 31629 80400 68939 34072 107560 19389 73434 61600 34867 48386 14683 27474 38944 17724 19852 14557 45786 49057
is_linear=0
shrinkage=0.03


Tree=70
num_leaves=31
num_cat=0
split_feature=6 6 6 6 0 10 10 9 6 12 1 10 5 13 6 15 15 6 21 9 12 10 9 1 15 16 13 13 14 3
split_gain=4608.08 3020.1 666.809 662.627 573.144 369.451 277.265 264.887 255.847 154.516 143.683 130.24 115.366 99.4693 95.3469 89.2658 79.9098 74.2974 93.222 70.2397 69.7064 67.0251 66.5475 67.7347 66.4914 59.3747 58.9177 56.8643 52.967 50.6593
threshold=1.5000000000000002 -2.4999999999999996 4.5000000000000009 -1.0000000180025095e-35 6.5000000000000009 6.5000000000000009 4.5000000000000009 13.500000000000002 -5.4999999999999991 0.3168280324219514 1.0000000180025095e-35 16.500000000000004 1.0000000180025095e-35 0.090773937912477273 -4.4999999999999991 0.29234939425386608 0.24484023041117267 1.0000000180025095e-35 0.22702553978497317 4.5000000000000009 0.275765146537161 13.500000000000002 4.5000000000000009 1.0000000180025095e-35 0.1897131302834851 0.083978782737829313 0.073422256988720805 0.058605519976797978 0.045150344511471062 1.0000000180025095e-35
decision_type=2 2 2 2 2 2 2 2 2 2 2 2 2 2 2 2 2 2 2 2 2 2 2 2 2 2 2 2 2 2
left_child=1 4 5 7 8 -2 -5 22 -1 10 12 13 17 26 -6 28 -10 18 -8 -16 -15 -4 -3 29 25 -12 27 -7 -9 -24
right_child=2 3 21 6 14 11 9 15 16 -11 24 -13 -14 20 19 -17 -18 -19 -20 -21 -22 -23 23 -25 -26 -27 -28 -29 -30 -31
leaf_value=-0.024809441424735297 0.019223586613734869 -0.0084006454519362315 0.02941685975823315 0.0058717311904836512 -0.029501857957434631 0.019223586613734869 0.0023090253928839135 -0.0013853859618613411 -0.0084006454519362315 0.0058717311904836512 -0.0013853859618613411 0.0058717311904836512 0.0058717311904836512 0.0060493456030273713 -0.025188302552210724 -0.0084006454519362315 -0.014236527469752984 0.0043892965046163661 -0.0013853859618613411 -0.017091511890168373 0.019223586613734869 0.019223586613734869 -0.0058152039715427123 -0.0083284724132607294 -0.0013853859618613411 0.0058717311904836512 0.017568315778781214 0.0061491515995464119 -0.0084006454519362315 -0.0013853859618613411
leaf_weight=1079.9694869220257 3052.0778540596366 2840.0134010463953 2362.4232248850167 5191.3634157329798 1971.5758015066385 140.96486739814281 6786.2821180671453 15116.777019798756 4540.0125716626644 805.49653758108616 1374.7714961767197 4089.7143975123763 1856.1584315598011 2704.4251494109631 1069.8581268712878 914.32385958731174 2207.0789226293564 5325.6210636198521 7265.445998519659 1795.4227069616318 259.08827609568834 768.1894386857748 2887.3985942006111 4271.7137575149536 21923.756732031703 1601.774881541729 2445.1868109852076 949.79463306069374 448.84490925073624 1409.7519925683737
leaf_count=12115 29072 15990 31242 22944 25793 1025 28015 65365 28289 3509 5858 25924 8046 18472 10241 4140 14294 25179 29546 15275 1855 7794 13618 20785 91605 6825 17353 6841 2035 6614
internal_value=-5.35761e-05 -0.00267216 0.0144156 -0.000517643 -0.0162836 0.0115469 0.00147912 -0.00424989 -0.0112618 0.00070004 0.000373632 0.00886126 0.00218656 0.0115813 -0.024402 -0.00181686 -0.00908661 0.00137256 0.000228754 -0.0208747 0.00751919 0.0269003 -0.00776343 -0.00565383 -0.00117237 0.00313919 0.0149796 0.00915484 -0.00138539 -0.00299238
internal_weight=109455 92683.4 16771.9 80019.5 12663.9 13641.3 52130.7 27888.8 7827.06 46939.3 46133.8 10589.2 21233.5 6499.46 4836.86 16479.9 6747.09 19377.3 14051.7 2865.28 2963.51 3130.61 11408.9 8568.86 24900.3 2976.55 3535.95 1090.76 15565.6 4297.15
internal_count=595659 456081 139578 350074 106007 100542 221527 128547 54698 198583 195074 71470 90786 45546 51309 71540 42583 82740 57561 25516 20327 39036 57007 41017 104288 12683 25219 7866 67400 20232
is_linear=0
shrinkage=0.03


Tree=71
num_leaves=31
num_cat=0
split_feature=6 6 10 6 0 6 10 9 6 11 10 6 17 13 12 6 15 11 11 17 9 11 11 17 13 11 12 12 15 17
split_gain=4372.98 2856.09 652.509 648.591 583.728 311.894 271.772 268.437 268.296 223.809 172.45 166.001 133.368 121.398 137.174 96.5256 93.6897 85.3458 85.1417 77.8422 76.9977 73.9747 67.803 63.791 62.5669 61.6393 60.8622 60.5016 50.5215 46.928
threshold=1.5000000000000002 -2.4999999999999996 12.500000000000002 -1.0000000180025095e-35 6.5000000000000009 4.5000000000000009 4.5000000000000009 10.500000000000002 -5.4999999999999991 21.066316802066698 4.5000000000000009 3.5000000000000004 0.034676938109219672 0.085751922944720338 0.2424885698487694 -4.4999999999999991 0.29234939425386608 19.37686623159971 79.054508292268693 0.043456287772749257 4.5000000000000009 21.066316802066698 -74.452390274339777 0.029296644812658399 0.0694997121821712 25.940450322664109 0.28551534059993966 0.21511636385936242 0.19414813704276199 0.027384494453984411
decision_type=2 2 2 2 2 2 2 2 2 2 2 2 2 2 2 2 2 2 2 2 2 2 2 2 2 2 2 2 2 2
left_child=1 4 5 7 8 10 -5 24 -1 29 -2 -4 13 14 28 -6 19 27 23 22 -17 -13 -9 -12 -3 -25 -14 -10 -11 -8
right_child=2 3 11 6 15 -7 9 16 17 12 18 21 26 -15 -16 20 -18 -19 -20 -21 -22 -23 -24 25 -26 -27 -28 -29 -30 -31
leaf_value=-0.024821055004107199 0.022817522622214689 -0.0013081138225246895 0.0058304179372171173 0.0058304179372171173 -0.029324561087373018 0.029256368013747803 0.00059198517538857764 -0.0081560934954604675 -0.010736101442026994 0.0058304179372171173 0.016079914975473748 0.010854522485196763 0.0058304179372171173 0.00059198517538857764 0.0058304179372171173 -0.024947006674790977 -0.0081560934954604675 -0.0081560934954604675 0.022683630513455431 -0.0081560934954604675 -0.016542104263706003 0.020897941342362527 -0.0013081138225246895 0.0058304179372171173 -0.0081560934954604675 0.013592323157448131 0.00059198517538857764 -0.016686825068804697 0.00059198517538857764 -0.0013081138225246895
leaf_weight=1055.7035116329789 1712.8675181344151 945.16162452101707 5696.9881973415613 5190.8461094498634 1931.3330352008343 2241.5662487559021 6417.7594255059958 289.07490228116512 1403.1646013110876 838.67422525584698 1945.1358118578792 609.69041581451893 8203.2615657746792 10343.217978551984 3611.7028931826353 1063.2820279821754 1068.5973026752472 3756.5659402385354 792.03198362141848 820.23685899376869 1764.1104793548584 1084.92243899405 17483.047300815582 1221.4702284857631 7237.3343476951122 1296.9414034634829 795.27527837455273 1524.1559364572167 3981.3034286051989 12781.940846174955
leaf_count=12060 16621 4692 34739 22981 25886 30475 26409 1439 9560 3702 14981 5228 35678 44149 15677 10360 4882 22581 7202 3537 15221 10786 76180 8782 37814 10692 3478 10310 17046 52602
internal_value=1.44735e-05 -0.00252994 0.0141908 -0.000446332 -0.0158659 0.0195186 0.00152708 -0.0041433 -0.0107775 0.00075366 0.0163787 0.0075488 0.00249208 0.00105262 0.00425634 -0.0241335 -0.00223183 -0.0085526 0.0136151 -0.00170197 -0.0205695 0.0158786 -0.00130811 0.0119965 -0.00815609 0.00883244 0.00549453 -0.0133161 0.000591985 -0.00130811
internal_weight=109107 92505.7 16601.6 80007.4 12498.3 9210.01 52164 27843.5 7739.59 46973.1 6968.45 7391.6 27773.4 18774.9 8431.68 4758.73 19661 6683.89 5255.58 18592.4 2827.39 1694.61 17772.1 4463.55 8182.5 2518.41 8998.54 2927.32 4819.98 19199.7
internal_count=595750 456244 139506 350266 105978 88753 221722 128544 54511 198741 58278 50753 119730 80574 36425 51467 86038 42451 41657 81156 25581 16014 77619 34455 42506 19474 39156 19870 20748 79011
is_linear=0
shrinkage=0.03


Tree=72
num_leaves=31
num_cat=0
split_feature=6 6 9 6 6 1 4 10 4 6 10 6 6 2 15 5 2 11 11 0 21 6 6 12 11 14 12 17 0 13
split_gain=4160.87 2673.34 843.701 650.667 509.354 310.942 275.402 269.409 237.456 163 149.8 138.449 136.836 123.811 111.124 108.952 103.798 95.7443 94.409 90.3914 78.0303 67.6319 66.1276 55.4234 54.0752 52.8817 50.0658 47.6068 44.3112 43.2997
threshold=1.5000000000000002 -1.4999999999999998 7.5000000000000009 3.5000000000000004 -4.4999999999999991 1.0000000180025095e-35 1.0000000180025095e-35 12.500000000000002 1.0000000180025095e-35 1.0000000180025095e-35 10.500000000000002 -1.0000000180025095e-35 -3.4999999999999996 1.0000000180025095e-35 0.27292508243722707 1.0000000180025095e-35 1.0000000180025095e-35 11.280555318498957 -34.753533852282651 8.5000000000000018 0.23539265562224834 -6.4999999999999991 -1.0000000180025095e-35 0.275765146537161 47.265235762118557 0.032897298944921577 0.19998506798254354 0.030817337180128735 4.5000000000000009 0.070126330525460842
decision_type=2 2 2 2 2 2 2 2 2 2 2 2 2 2 2 2 2 2 2 2 2 2 2 2 2 2 2 2 2 2
left_child=1 2 12 7 21 6 9 17 11 13 -5 28 -1 -3 18 22 -13 27 -6 -14 -18 -4 -15 -9 -12 26 -23 -2 -7 -24
right_child=3 5 4 10 14 8 -8 23 -10 -11 24 16 19 15 -16 -17 20 -19 -20 -21 -22 25 29 -25 -26 -27 -28 -29 -30 -31
leaf_value=-0.027870956765265138 0.012404751984144102 0.0026688435523265367 -0.02837645757460823 0.027601063933582123 -0.013532198595441362 -0.0016909080984192132 0.0056810542147618433 0.0056810542147618433 -0.0055508295864794971 0.0056810542147618433 0.016349513287667036 -0.0016909080984192132 -0.01323090383138513 -0.0055508295864794971 -0.013335432019928165 0.0027796230969701747 0.00031787676865939669 0.016349513287667036 -0.0055508295864794971 -0.022939383812063334 0.0048013764623519176 -0.02295934931804168 0.0027796230969701747 0.015396147428792004 0.023753581990594318 -0.02295934931804168 -0.013532198595441362 0.0056810542147618433 -0.0055508295864794971 -0.0022401374667581626
leaf_weight=2108.4527978263795 976.18795578181744 8617.1951429098845 757.84399817883968 2730.8645670600235 1226.3861393555999 3324.9486059248447 5972.0938447862864 5079.0051690340042 6360.6790985614061 5350.4256397634745 1408.2184370234609 9183.2360155582428 1704.6760198324919 4002.5670913010836 1743.5930880978703 1102.5001344382763 7741.239488735795 3952.6122259348631 11879.545522093773 1519.3122996091843 6365.4243872761726 225.85785248875618 1037.9306520670652 540.35349670797586 927.61594769358635 651.86119739711285 829.36607926338911 720.73756191134453 3594.8783014714718 6912.9669278711081
leaf_count=27616 6890 35998 9395 37084 7176 14085 25891 30850 27122 25704 13355 38608 11721 17493 10125 4633 32357 32036 63733 11138 27216 2221 4289 3542 10131 6529 8119 5012 16424 28255
internal_value=-5.98562e-05 -0.00253207 -0.0114841 0.0138942 -0.00826899 0.000382475 0.00249393 0.00987649 -0.00152262 0.00103604 0.0228225 -0.000381835 -0.0219167 -0.000121808 -0.00617086 -0.00196382 0.000725253 0.0145138 -0.00555083 -0.0180078 0.00234138 -0.0208935 -0.00294561 0.00568105 0.017217 -0.0175422 -0.0135322 0.00845999 -0.00410707 -0.00134438
internal_weight=108549 92213 22646.9 16335.6 17314.5 69566.1 32995.7 11268.9 36570.4 27023.6 5066.7 30209.7 5332.44 21673.2 14849.5 13056 23289.9 5649.54 13105.9 3223.99 14106.7 2464.93 11953.5 5619.36 2335.83 1707.09 1055.22 1696.93 6919.83 7950.9
internal_count=594748 455848 157773 138900 107298 298075 142263 78330 155812 116372 60570 128690 50475 90668 81034 54670 98181 43938 70909 22859 59573 26264 50037 34392 23486 16869 10340 11902 30509 32544
is_linear=0
shrinkage=0.03


Tree=73
num_leaves=31
num_cat=0
split_feature=6 6 9 6 6 10 10 6 11 13 15 6 12 11 15 13 11 11 15 0 6 6 12 12 15 12 12 15 14 14
split_gain=3956.81 2661.49 861.489 538.538 507.733 358.371 331.232 185.074 183.752 167.912 174.057 144.36 129.429 109.046 102.371 100.997 99.945 94.1256 84.1524 84.0806 81.1179 72.4543 64.7574 62.7428 59.8329 43.5491 43.3211 39.5993 39.0786 58.4711
threshold=-1.4999999999999998 2.5000000000000004 7.5000000000000009 1.0000000180025095e-35 -4.4999999999999991 6.5000000000000009 7.5000000000000009 5.5000000000000009 56.976750840393954 0.092942709985358959 0.26622510358654372 -3.4999999999999996 0.21104346249751751 19.37686623159971 0.26622510358654372 0.10234650930078056 71.582417483985196 20.622377567180028 0.1897131302834851 8.5000000000000018 -2.4999999999999996 -5.4999999999999991 0.25399841043560312 0.21721247733024332 0.22807387343715591 0.20881364478427236 0.27430906658021775 0.27292508243722707 0.040505026154646621 0.045734706892143574
decision_type=2 2 2 2 2 2 2 2 2 2 2 2 2 2 2 2 2 2 2 2 2 2 2 2 2 2 2 2 2 2
left_child=2 3 11 8 21 -3 -5 12 9 10 -2 -1 -7 20 18 -16 26 -14 22 -13 25 -4 -11 -18 -10 -6 -8 -15 -20 -30
right_child=1 5 4 6 13 7 16 -9 24 14 -12 19 17 27 15 -17 23 -19 28 -21 -22 -23 -24 -25 -26 -27 -28 -29 29 -31
leaf_value=-0.028155898400880928 0.00045360419101780691 0.027649101496122073 -0.025585130991383286 0.0097224388125392632 -0.0097039364587346057 0.0097224388125392632 0.0023696921954486313 0.026185697383193443 0.0023696921954486313 0.00045360419101780691 -0.0042130344069927009 -0.013281268890113163 0.0097224388125392632 -0.0042130344069927009 0.00045360419101780691 -0.0042130344069927009 0.0052631772477210459 0.019189490443619842 -0.0042130344069927009 -0.023035351295951821 -0.0065970203660416721 -0.015097900696773374 -0.0042130344069927009 0.0097224388125392632 0.00045360419101780691 -0.013377553221079542 0.0052631772477210459 -0.0065970203660416721 0.00045360419101780691 -0.0042130344069927009
leaf_weight=2058.0169322490692 19124.168356388807 2642.0466264076531 1308.1450722590089 4356.6248108148575 1145.6990907117724 1438.093841612339 12115.094130650163 1016.0142771750689 9296.6288012266159 1459.7782354801893 4200.3170111775398 1677.0130619555712 1262.1186721399426 7765.4294859915972 1240.0187711417675 1502.4004026204348 789.51575956493616 2555.9577828459442 12684.572674512863 1486.9308283701539 3485.510946303606 1107.5312849134207 360.71208189427853 2140.7369461283088 5018.5815562307835 1673.6616764590144 1322.5380738899112 710.37938211113214 820.06965282559395 492.43337513506413
leaf_count=27584 79414 34622 16316 27755 7822 11721 59222 12985 39336 6083 17506 11640 9739 40503 5141 6279 4467 23396 52866 11085 17141 9856 1493 12556 20990 11525 6767 4013 3399 2068
internal_value=-6.74266e-05 0.00286369 -0.0112898 0.00106522 -0.00804735 0.0183797 0.00519851 0.0144675 -0.000459129 -0.00146248 0.000231958 -0.0219601 0.0121933 -0.00596166 -0.0035917 0.000453604 0.00307902 0.0159631 -0.00421303 -0.0179148 -0.00898101 -0.0207934 0.000453604 0.00815666 0.00236969 -0.0128109 0.00236969 -0.00421303 -0.00421303 0.000453604
internal_weight=108257 85838.4 22418.3 76924.2 17196.4 8914.23 20724.5 6272.18 56199.7 41884.5 23324.5 5221.96 5256.17 14780.7 18560 2742.42 16367.9 3818.08 15817.6 3163.94 6304.87 2415.68 1820.49 2930.25 14315.2 2819.36 13437.6 8475.81 13997.1 1312.5
internal_count=595290 437805 157485 345342 107176 92463 110767 57841 234575 174249 96920 50309 44856 81004 77329 11420 83012 33135 65909 22725 36488 26172 7576 17023 60326 19347 65989 44516 58333 5467
is_linear=0
shrinkage=0.03


Tree=74
num_leaves=31
num_cat=0
split_feature=6 6 9 6 10 10 6 6 6 13 11 9 16 13 12 12 15 13 11 15 11 11 14 11 16 12 12 11 16 6
split_gain=3685.94 2499.34 855.301 515.986 362.044 320.271 291.297 271.534 201.961 200.702 202.272 172.063 171.254 136.822 119.657 116.046 111.659 148.929 107.661 103.241 101.339 89.2721 86.4521 84.3235 74.0925 77.3928 61.8125 52.9673 52.3886 48.8849
threshold=-1.4999999999999998 2.5000000000000004 10.500000000000002 1.0000000180025095e-35 7.5000000000000009 6.5000000000000009 -5.4999999999999991 -4.4999999999999991 5.5000000000000009 0.070126330525460842 83.147873333427597 4.5000000000000009 0.083489245843319307 0.081771822726316182 0.21104346249751751 0.1871950358960853 0.22985206984979828 0.088715524689523609 71.582417483985196 0.22601696155059803 -38.783488054666115 20.622377567180028 0.045150344511471062 73.789928604755588 0.083152366370782618 0.2543436421947029 0.21721247733024332 101.92822852297662 0.063939976903660836 -2.4999999999999996
decision_type=2 2 2 2 2 2 2 2 2 2 2 2 2 2 2 2 2 2 2 2 2 2 2 2 2 2 2 2 2 2
left_child=2 3 7 9 -3 -5 -4 -1 14 -2 12 -9 15 19 -6 -11 22 23 -7 -14 -15 -16 -8 -18 25 -19 -20 29 -17 -13
right_child=1 4 6 5 8 18 16 11 -10 10 -12 27 13 20 21 28 17 24 26 -21 -22 -23 -24 -25 -26 -27 -28 -29 -30 -31
leaf_value=-0.028898520396237748 0.0023227865437476744 0.026922968013784184 -0.022710604430134073 0.0094833282448829517 0.0094833282448829517 0.0023227865437476744 -0.0040719029729966074 -0.022337159200169439 0.026439414443674539 0.00019514148241053762 0.0023227865437476744 -0.016567081587871298 0.00019514148241053762 -0.0040719029729966074 0.0094833282448829517 0.00019514148241053762 -0.014094877453092979 -0.014094877453092979 0.0053202286251379568 -0.0040719029729966074 0.00019514148241053762 0.018683093735239038 -0.014094877453092979 -0.0040719029729966074 -0.0040719029729966074 -0.0040719029729966074 0.0094833282448829517 -0.0040719029729966074 -0.0040719029729966074 -0.0096264588220781721
leaf_weight=1870.7741084247828 7047.6687474399805 2761.1712394282222 942.9270335957408 3983.9632911756635 1397.6849992014468 13721.31961145252 6768.1669096201658 2044.8618872091174 956.38069077953696 1753.4376449137926 5197.1633517295122 1797.001580581069 2502.7101943045855 1789.9846763312817 1234.2030641287565 1857.9959389418364 2809.9577769935131 1177.3076238632202 791.34596122056246 3312.3673136234283 20163.99165982008 2446.6093171015382 227.75065770000219 304.56330338865519 2029.7539660483599 210.25270989537239 2161.3279103413224 203.71067200601101 12467.751893445849 1882.3899417966604
leaf_count=26741 29409 36872 11352 25583 11342 67763 36235 17236 12395 7365 22159 15810 10421 7577 9489 7719 16039 6697 4503 13782 83804 22529 1295 1561 11259 1176 12792 1318 51925 10829
internal_value=-5.13705e-05 0.00277879 -0.0109226 0.00104265 0.017924 0.00509571 -0.00660496 -0.0189303 0.0137991 -0.000450134 -0.00120949 -0.0157758 -0.0019325 -0.000497232 0.0114092 -0.0040719 -0.00547915 -0.00848622 0.0030688 -0.0040719 0.000195141 0.0153491 -0.0040719 -0.0132296 -0.0041579 -0.0110023 0.00831767 -0.0120499 -0.0040719 -0.0130234
internal_weight=107816 85547.1 22269.4 76751 8796.05 20658 14470.7 7798.74 6034.88 56093.1 49045.4 5927.96 43848.2 27769.1 5078.5 16079.2 13527.8 6531.84 16674 5815.08 21954 3680.81 6995.92 3114.52 3417.31 1387.56 2952.67 3883.1 14325.7 3679.39
internal_count=594977 437429 157548 344802 92627 110641 85614 71934 55755 234161 204752 45193 182593 115584 43360 67009 74262 36732 85058 24203 91381 32018 37530 17600 19132 7873 17295 27957 59644 26639
is_linear=0
shrinkage=0.03


Tree=75
num_leaves=31
num_cat=0
split_feature=6 6 10 0 6 6 10 6 9 11 10 6 17 12 13 6 11 11 9 11 13 14 13 17 17 14 12 15 16 9
split_gain=3561.36 2379.3 617.991 551.376 504.732 312.613 256.764 239.672 230.557 210.547 178.004 139.082 129.007 123.466 124.752 99.6422 97.9569 85.4719 84.9052 82.3239 75.6046 73.5973 70.6926 68.7961 60.2261 56.2321 54.1461 48.3141 47.2087 42.5964
threshold=1.5000000000000002 -2.4999999999999996 12.500000000000002 6.5000000000000009 -1.0000000180025095e-35 4.5000000000000009 4.5000000000000009 -5.4999999999999991 13.500000000000002 21.066316802066698 3.5000000000000004 5.5000000000000009 0.034676938109219672 0.24723640675833675 0.092534965749127174 -5.4999999999999991 21.411399440340123 47.265235762118557 4.5000000000000009 -12.349392446499449 0.08963387841191145 0.045150344511471062 0.0694997121821712 0.043456287772749257 0.030073971235038976 0.03693197135729781 0.18653516526850805 0.29234939425386608 0.084279716355203357 17.500000000000004
decision_type=2 2 2 2 2 2 2 2 2 2 2 2 2 2 2 2 2 2 2 2 2 2 2 2 2 2 2 2 2 2
left_child=1 3 5 7 8 10 -6 29 22 -8 -2 17 13 -11 -15 -5 24 -4 -17 -9 -18 23 -3 27 -12 -14 -24 -10 -19 -1
right_child=2 4 11 15 6 -7 9 19 21 12 16 -13 25 14 -16 18 20 28 -20 -21 -22 -23 26 -25 -26 -27 -28 -29 -30 -31
leaf_value=-0.028517546548783544 0.02200101971418655 -0.0011990759337678779 0.0053923919185940705 -0.030841848675076319 0.0053923919185940705 0.028707139710767948 -0.0011990759337678779 -0.015049370131879174 -0.0011990759337678779 0.0005352320266786947 0.01174032475855295 0.023864953797466299 0.0053923919185940705 0.0053923919185940705 0.0005352320266786947 -0.025669424066406543 0.020131304472912823 0.0082495060123471547 -0.016714515184888288 -0.0076020860595634324 0.01174032475855295 -0.0076020860595634324 -0.0011990759337678779 -0.0076020860595634324 0.0053923919185940705 0.0005352320266786947 -0.0076020860595634324 -0.0076020860595634324 0.014622786955782721 -0.015701174835365622
leaf_weight=612.29351233690977 1395.2656727880239 1276.8581822961569 4414.2036557197571 1139.9373434707522 5175.5885125547647 2047.4278477877378 19175.33627179265 1338.6378644704819 14357.336533918977 12233.742338255048 1092.8381593376398 393.05182465910912 7577.9346333742142 4176.2095708400011 2317.4603157490492 1226.1314797587693 1769.9908819906414 838.42045935243368 2066.5603341460228 5206.2074954137206 1437.8330491110682 475.2918772995472 1041.8466742485762 665.53511217236519 973.80067489296198 1397.9281895905733 8874.4395400136709 867.18675066530704 1522.1756802424788 368.0849534869194
leaf_count=8218 14377 6219 27425 17545 23008 30435 78996 9497 62360 52460 8240 4626 33157 18143 9939 13710 15885 6452 20151 33000 12545 2194 5343 2849 7211 6029 45189 3954 11999 3908
internal_value=-2.61927e-05 -0.002301 0.0130858 -0.0147775 -0.000426709 0.0184509 0.00131133 -0.00982906 -0.00370948 0.000552527 0.0152949 0.00655765 0.00226954 0.000852036 0.0047061 -0.0231701 0.0126517 0.00554679 -0.020497 -0.00775214 0.0159337 -0.00143984 -0.00702704 -0.00119908 0.00754692 0.0052262 -0.00760209 -0.00119908 0.0111066 -0.0236502
internal_weight=107456 91570.5 15885 11957.9 79612.7 8717.16 52054.2 7525.22 27558.5 46878.6 6669.73 7167.85 27703.3 18727.4 6493.67 4432.63 5274.46 6774.8 3292.69 6544.85 3207.82 16365.4 11193.1 15890.1 2066.64 8975.86 9916.29 15224.5 2360.6 980.378
internal_count=595064 455869 139195 106029 349840 88693 221732 54623 128108 198724 58258 50502 119728 80542 28082 51406 43881 45876 33861 42497 28430 71357 56751 69163 15451 39186 50532 66314 18451 12126
is_linear=0
shrinkage=0.03


Tree=76
num_leaves=31
num_cat=0
split_feature=6 6 6 0 6 9 9 6 9 11 11 17 12 6 1 15 11 9 16 9 15 15 6 15 17 22 23 13 9 11
split_gain=3351.92 2285.1 594.654 539.362 512.87 315.144 229.544 228.698 198.555 189.721 169.066 142.297 108.168 102.372 91.8969 84.2569 82.1026 79.7312 79.1828 70.0813 69.1539 55.7477 71.0265 49.9426 49.8503 47.5084 46.9803 45.8093 45.229 43.6347
threshold=1.5000000000000002 -2.4999999999999996 4.5000000000000009 6.5000000000000009 -1.0000000180025095e-35 8.5000000000000018 10.500000000000002 -5.4999999999999991 8.5000000000000018 21.066316802066698 47.265235762118557 0.034676938109219672 0.275765146537161 -4.4999999999999991 1.0000000180025095e-35 0.24484023041117267 -12.349392446499449 4.5000000000000009 0.084754773995779048 14.500000000000002 0.22853728426889713 0.21378723855938986 1.0000000180025095e-35 0.1897131302834851 0.039431741436611399 0.069959878560306138 0.041985955381232516 0.0694997121821712 17.500000000000004 29.525582548008064
decision_type=2 2 2 2 2 2 2 2 2 2 2 2 2 2 2 2 2 2 2 2 2 2 2 2 2 2 2 2 2 2
left_child=1 3 5 7 6 -2 27 28 21 -10 -7 12 -11 -5 -8 -14 -9 -15 -12 -4 -20 22 -6 -16 -13 -25 -26 -3 -1 -19
right_child=2 4 19 13 8 10 14 16 9 11 18 24 15 17 23 -17 -18 29 20 -21 -22 -23 -24 25 26 -27 -28 -29 -30 -31
leaf_value=-0.028288409596906566 0.017830261914070219 -0.0011010972754482949 0.028623340192425559 -0.028570404290134285 -0.0011010972754482949 0.0053452142587547546 -0.0011010972754482949 -0.014874731357363058 -0.0011010972754482949 0.0006147527656975867 0.0092042536582035601 0.0053452142587547546 0.0053452142587547546 -0.023840398981621706 -0.0011010972754482949 0.0006147527656975867 -0.0073898367891977543 -0.019349757742835351 0.017830261914070219 0.018033133319803579 0.0092042536582035601 0.0053452142587547546 0.0053452142587547546 -0.0011010972754482949 0.0006147527656975867 -0.0059130475995579921 0.0053452142587547546 -0.0073898367891977543 -0.015351137521277952 -0.0095978857530696418
leaf_weight=597.46901251375675 2547.9801848344505 930.45984552800655 1937.5527028217912 1712.5390633642673 1590.8508381098509 6823.669909954071 9723.7136106342077 1321.0016373619437 18305.788625508547 15537.562413066626 1307.0973297022283 4743.9274917244911 1710.9226562380791 965.15692611038685 1119.2665906250477 603.96024179458618 5174.6477182134986 927.39789725840092 1573.2668670713902 813.24000548198819 729.94375562667847 4974.815720692277 730.97961682081223 877.42733606696129 2944.6354165077209 7860.9426330327988 924.19991183280945 7057.1659777313471 366.27245776355267 756.56373402476311
leaf_count=8215 26476 4662 29617 25821 6563 44475 42354 9461 75061 66461 10491 20643 7450 10340 4838 2594 32932 8759 13037 9274 5891 22241 3990 3827 12797 35093 4078 37551 3934 6581
internal_value=5.04541e-05 -0.00214993 0.0128404 -0.0144569 -0.000322797 0.0101527 -0.00363123 -0.00955256 0.00142904 0.000673137 0.00780151 0.0023306 0.000801225 -0.0228361 -0.00187222 0.00534521 -0.00752451 -0.0191104 0.0130633 0.0255078 0.0165748 0.00534521 0.000523863 -0.0041946 0.00534521 -0.00509336 0.00193076 -0.00738984 -0.0231778 -0.0149851
internal_weight=107190 91457.7 15732.8 11821 79636.6 12982 27569 7459.39 52067.6 44771 10434 26465.2 17852.4 4361.66 19581.4 2314.88 6495.65 2649.12 3610.31 2750.79 2303.21 7296.65 2321.83 9857.64 8612.76 8738.37 3868.84 7987.63 963.741 1683.96
internal_count=595507 456246 139261 106043 350203 100370 128325 54542 221878 189084 73894 114023 76505 51501 86112 10044 42393 25680 29419 38891 18928 32794 10553 43758 37518 38920 16875 42213 12149 15340
is_linear=0
shrinkage=0.03


Tree=77
num_leaves=31
num_cat=0
split_feature=6 6 0 6 6 10 10 6 11 17 17 6 11 15 15 11 12 12 15 6 0 11 11 12 12 0 14 16 11 13
split_gain=3215.56 2241.75 768.929 464.824 441.755 343.811 304.413 177.839 174.053 132.476 155.751 130.947 102.675 89.4817 87.9508 103.243 85.2656 84.5127 76.1311 74.5945 74.5773 57.7577 56.7149 49.6023 48.6982 39.8244 38.8749 38.2527 37.8635 37.7066
threshold=-1.4999999999999998 2.5000000000000004 7.5000000000000009 -4.4999999999999991 1.0000000180025095e-35 7.5000000000000009 12.500000000000002 4.5000000000000009 6.5405368118834994 0.034676938109219672 0.028109128409108449 -3.4999999999999996 25.940450322664109 0.2754975140169213 0.27292508243722707 -34.753533852282651 0.18519126382252996 0.21104346249751751 0.24070555759138473 -5.4999999999999991 8.5000000000000018 20.622377567180028 21.066316802066698 0.17736066974312367 0.18001336200680712 4.5000000000000009 0.03693197135729781 0.11170627670500309 63.061250662155096 0.05993532853468813
decision_type=2 2 2 2 2 2 2 2 2 2 2 2 2 2 2 2 2 2 2 2 2 2 2 2 2 2 2 2 2 2
left_child=2 4 3 19 8 -3 12 17 16 10 13 -4 18 -10 15 -5 -2 -7 -6 25 -13 -19 -9 -17 -16 -1 -11 -18 -26 -8
right_child=1 5 11 14 6 7 29 22 9 26 -12 20 -14 -15 24 23 27 21 -20 -21 -22 -23 -24 -25 28 -27 -28 -29 -30 -31
leaf_value=-0.019366770228983306 -0.0010868659318759631 0.026370029970109728 -0.027591621376923718 -0.01253221372576202 0.0022435395974787771 0.009189474596540164 0.009189474596540164 0.016099656136860051 0.0022435395974787771 0.0022435395974787771 -0.0010868659318759631 -0.01218586236207261 0.009189474596540164 -0.0010868659318759631 -0.0037869570398215147 -0.0081595853827917675 -0.0037869570398215147 0.009189474596540164 0.0068503803136007414 -0.01400010623579181 -0.02199768609139938 0.016099656136860051 0.026341238366524168 -0.0037869570398215147 -0.01253221372576202 -0.028723156470210742 -0.0010868659318759631 -0.0010868659318759631 -0.0037869570398215147 0.0022435395974787771
leaf_weight=421.79403993487358 2430.127395093441 2614.0583953335881 1764.8470170497894 1218.861502699554 2439.8295014500618 1211.9487090185285 323.672935962677 524.10286585241556 11911.602220445871 10153.844459995627 13645.18345810473 1397.1982617601752 4996.519411355257 1625.3691348731518 147.40633472055197 678.02981901913881 12909.509469822049 1058.9848385080695 1824.849426291883 1112.3197029829025 1411.9979102239013 2042.9566713050008 1007.7805279120803 11207.080615781248 1436.0367138832808 827.74949971213937 2284.8645464777946 1080.2512867748737 156.87244330346584 10983.729224562645
leaf_count=4647 10274 37058 25918 7398 13461 9412 1700 6242 49473 42530 56818 10088 31195 6732 866 3768 54377 7808 10059 10395 11058 18274 13911 61466 8673 12391 9478 4543 910 54652
internal_value=3.87487e-05 0.00267214 -0.0102461 -0.00733816 0.0010536 0.0173254 0.00481365 0.0132732 -0.000326575 0.000749737 -0.000520298 -0.0211767 0.00889531 0.00222948 -0.00536973 -0.00452686 -0.00292347 0.0101469 0.00451129 -0.0196947 -0.0171298 0.0142722 0.0220524 -0.00378696 -0.0117038 -0.0247334 0.00224354 -0.00378696 -0.0125322 0.00224354
internal_weight=106849 85069.2 21780.2 17206.2 76609.4 8459.83 20568.6 5845.77 56040.8 39620.9 27182.2 4574.04 9261.2 13537 14844.3 13104 16419.9 4313.89 4264.68 2361.86 2809.2 3101.94 1531.88 11885.1 1740.32 1249.54 12438.7 13989.8 1592.91 11307.4
internal_count=595575 437997 157578 110514 345292 92705 111067 55647 234225 165031 113023 47064 54715 56205 83081 72632 69194 35494 23520 27433 21146 26082 20153 65234 10449 17038 52008 58920 9583 56352
is_linear=0
shrinkage=0.03


Tree=78
num_leaves=31
num_cat=0
split_feature=6 6 6 0 6 10 10 9 6 11 11 17 15 6 9 11 10 12 15 13 17 17 14 12 11 14 9 11 15 11
split_gain=3060.34 2107.95 582.694 501.526 432.97 346.466 237.785 217.954 213.096 170.472 159.229 116.062 103.527 102.3 84.0142 74.4791 72.8496 69.0446 66.6715 66.6181 65.0021 61.6932 58.3405 70.0276 53.0294 52.1166 45.5119 39.7869 39.0014 37.2116
threshold=1.5000000000000002 -2.4999999999999996 4.5000000000000009 6.5000000000000009 -1.0000000180025095e-35 6.5000000000000009 4.5000000000000009 13.500000000000002 -5.4999999999999991 47.265235762118557 21.066316802066698 0.034676938109219672 0.1897131302834851 -5.4999999999999991 4.5000000000000009 -12.349392446499449 13.500000000000002 0.3168280324219514 0.29234939425386608 0.0694997121821712 0.039431741436611399 0.043456287772749257 0.023504986818035305 0.19333323793277743 101.92822852297662 0.024003680292973232 16.500000000000004 -74.452390274339777 0.23871410645412314 28.847091765807367
decision_type=2 2 2 2 2 2 2 2 2 2 2 2 2 2 2 2 2 2 2 2 2 2 2 2 2 2 2 2 2 2
left_child=1 3 5 8 7 -2 -6 19 26 -7 28 12 29 -5 -15 -10 -4 -14 21 -3 -13 27 -11 -24 -21 -22 -1 -9 -8 -12
right_child=2 4 16 13 6 9 10 18 15 22 11 20 17 14 -16 -17 -18 -19 -20 24 25 -23 23 -25 -26 -27 -28 -29 -30 -31
leaf_value=-0.028648039000537653 0.017375538180658099 -0.0011130582328044362 0.028067269521217634 -0.030480482561056867 0.0050805124685896676 0.0050805124685896676 -0.0011130582328044362 -0.0072499364487045364 -0.014442920639554968 0.0088091524636022493 0.00042470255737243998 0.0050805124685896676 0.00042470255737243998 -0.025057689517903887 -0.01584103331284973 -0.0072499364487045364 0.017375538180658099 0.0050805124685896676 -0.0072499364487045364 -0.0072499364487045364 0.0050805124685896676 -0.0072499364487045364 0.0088091524636022493 0.016705713897865276 -0.0011130582328044362 0.00042470255737243998 -0.015154102525451544 -0.0011130582328044362 0.00042470255737243998 0.0050805124685896676
leaf_weight=526.78797610476613 2720.8379910178483 1286.8259901851416 1961.324786067009 1054.306408777833 5167.1542489230633 6650.778390429914 10662.046553000808 232.87471298873425 1299.939630150795 528.57189433276653 264.5182488411665 4930.9885260313749 15849.692413285375 1156.6297967098653 1994.417850330472 5129.1787210777402 686.44785571098328 419.36931550502777 886.78397142887115 9326.2434942573309 588.18893921375275 672.12140433490276 304.38305804878473 2627.8117374032736 521.4458419084549 3466.3096801787615 392.45089902728796 14562.315467134118 8508.8068784028292 2223.6584239751101
leaf_count=7715 28957 6267 31173 17503 23033 43201 43908 1171 9464 4337 1115 21575 67985 13736 20171 32917 7871 1849 4086 48118 2568 2890 2374 21696 2494 15196 4345 63311 35079 9822
internal_value=-3.76803e-05 -0.0021328 0.0122938 -0.0141059 -0.000393962 0.00964716 0.00121377 -0.00343989 -0.00937333 0.00704655 0.0004804 0.00196246 0.000619284 -0.0223671 -0.0196349 -0.00743687 0.0251039 0.000424703 -0.00123541 -0.00667697 0.00476559 -0.00111306 0.0125378 0.0146704 -0.00724994 0.00125243 -0.0228713 -0.00111306 -0.00111306 0.00508051
internal_weight=106603 91123.1 15480.2 11553.7 79569.3 12832.4 52080.7 27488.6 7348.36 10111.5 46913.6 27742.7 18757.2 4205.35 3151.05 6429.12 2647.77 16269.1 16354.1 11134.5 8985.49 15467.3 3460.77 2932.19 9847.69 4054.5 919.239 14795.2 19170.9 2488.18
internal_count=595927 456318 139609 105851 350467 100565 222130 128337 54441 71608 199097 120110 80771 51410 33907 42381 39044 69834 71458 56879 39339 67372 28407 24070 50612 17764 12060 64482 78987 10937
is_linear=0
shrinkage=0.03


Tree=79
num_leaves=31
num_cat=0
split_feature=6 6 6 0 6 9 9 6 1 11 0 6 3 0 11 9 16 13 15 17 4 11 21 15 13 21 16 11 12 16
split_gain=2875.22 1979.54 577.842 487.55 454.1 319.673 224.3 220.509 172.025 152.723 137.135 111.256 95.0685 84.8147 79.0937 78.1501 73.3728 70.8442 69.5362 65.904 65.8087 65.3285 61.1032 59.0612 55.7834 53.4249 55.033 45.5733 43.1304 42.2929
threshold=1.5000000000000002 -2.4999999999999996 4.5000000000000009 6.5000000000000009 -1.0000000180025095e-35 8.5000000000000018 13.500000000000002 -5.4999999999999991 1.0000000180025095e-35 46.79971808462745 4.5000000000000009 -5.4999999999999991 1.0000000180025095e-35 8.5000000000000018 82.36114706545915 14.500000000000002 0.084754773995779048 0.0694997121821712 0.22853728426889713 0.043456287772749257 1.0000000180025095e-35 -12.349392446499449 0.24239564589314061 0.29234939425386608 0.092534965749127174 0.22702553978497317 0.083626311430677752 101.92822852297662 0.24146723672527351 0.092360385889420235
decision_type=2 2 2 2 2 2 2 2 2 2 2 2 2 2 2 2 2 2 2 2 2 2 2 2 2 2 2 2 2 2
left_child=1 3 5 7 6 -2 17 -1 10 -7 14 -5 20 -13 25 -4 -11 -3 -18 23 22 29 -10 -8 -24 26 -6 -19 -26 -9
right_child=2 4 15 11 8 9 19 21 12 16 -12 13 -14 -15 -16 -17 18 27 -20 -21 -22 -23 24 -25 28 -27 -28 -29 -30 -31
leaf_value=-0.022882049607462852 0.017191012182851392 -0.0010674241288066626 0.028410234701104306 -0.030495663231538687 -0.0010674241288066626 0.0050181070092617033 -0.0010674241288066626 -0.014977951744685754 0.00061930297329974219 0.0085744094614494375 0.0050181070092617033 -0.015571049771497068 -0.0010674241288066626 -0.024777659627567297 0.0050181070092617033 0.017191012182851392 0.017191012182851392 -0.0070017240478278137 0.0085744094614494375 -0.0070017240478278137 -0.0010674241288066626 -0.0070017240478278137 0.0050181070092617033 -0.0070017240478278137 0.0050181070092617033 -0.0010674241288066626 0.0027840713582537703 -0.0010674241288066626 -0.0010674241288066626 -0.010369071244073109
leaf_weight=904.81509810313582 2444.1755901649594 1293.9191268533468 1805.8024432733655 1028.3983545564115 2234.7809699326754 6702.5283395722508 14775.638811066747 851.48735236376524 10636.883593037724 1281.7567663043737 8324.8296786397696 2106.5291412249207 8436.1893336325884 985.50936504080892 1950.2422107458115 781.38865850493312 1535.3430483154953 9340.2450049966574 726.82773577421904 677.36496433615685 2331.1850457191467 5135.4181025549769 3735.6498940587044 885.18547835946083 448.94781544804573 7256.6565070450306 4410.2528605163097 514.72965176403522 2199.5498416423798 445.72406264394522
leaf_count=12119 26404 6303 29620 17525 9374 44090 64414 6287 44583 10533 37194 21778 35698 12007 8911 9342 13084 48300 6022 2918 9810 33087 16093 4083 2031 30134 18651 2464 9247 3241
internal_value=9.48765e-06 -0.00201427 0.0120505 -0.0136704 -0.000333027 0.00941339 -0.00345132 -0.00902894 0.00131647 0.00703972 0.00316688 -0.0219273 -0.000293556 -0.0190597 0.00141052 0.0249686 0.0121307 -0.00673156 0.0155771 -0.00121239 0.00123059 -0.00707385 0.00201209 -0.00106742 0.00433176 0.000550036 0.00249717 -0.00700172 0.000535279 -0.0137364
internal_weight=106188 90910.1 15277.8 11457.9 79452.3 12690.6 27487.1 7337.44 51965.2 10246.5 24176.8 4120.44 27788.4 3092.04 15851.9 2587.19 3543.93 11148.9 2262.17 16338.2 19352.2 6432.63 17021 15660.8 6384.15 13901.7 6645.03 9854.97 2648.5 1297.21
internal_count=595347 456252 139095 106044 350208 100133 128482 54734 221726 73729 104264 51310 117462 33785 67070 38962 29639 57067 19106 71415 81764 42615 71954 68497 27371 58159 28025 50764 11278 9528
is_linear=0
shrinkage=0.03


Tree=80
num_leaves=31
num_cat=0
split_feature=6 6 9 6 20 6 9 6 1 0 2 11 2 14 11 6 6 11 15 15 13 11 5 17 12 12 11 11 16 9
split_gain=2703.62 2000.65 747.373 345.587 318.869 275.909 262.262 260.635 186.46 164.812 133.907 109.985 108.26 104.429 105.233 95.1661 91.7666 78.4131 73.9339 73.4221 91.4396 64.64 60.543 59.2168 53.4305 50.029 48.8389 48.7558 48.3964 45.8404
threshold=-1.4999999999999998 2.5000000000000004 10.500000000000002 1.0000000180025095e-35 1.0000000180025095e-35 -5.4999999999999991 14.500000000000002 -4.4999999999999991 1.0000000180025095e-35 8.5000000000000018 1.5000000000000002 25.940450322664109 1.5000000000000002 0.045150344511471062 -74.452390274339777 5.5000000000000009 5.5000000000000009 21.822066163622257 0.24070555759138473 0.22985206984979828 0.090261613119736864 99.143032179048319 1.0000000180025095e-35 0.028858418764761952 0.27430906658021775 0.21104346249751751 20.622377567180028 101.92822852297662 0.083152366370782618 17.500000000000004
decision_type=2 2 2 2 2 2 2 2 2 2 2 2 2 2 2 2 2 2 2 2 2 2 2 2 2 2 2 2 2 2
left_child=2 3 7 8 15 29 11 -1 10 27 -2 18 21 14 -7 17 25 23 -5 -16 -21 -10 -12 -3 -8 -6 -27 -9 -22 -4
right_child=1 4 5 6 16 13 24 9 12 -11 22 -13 -14 -15 19 -17 -18 -19 -20 20 28 -23 -24 -25 -26 26 -28 -29 -30 -31
leaf_value=-0.027914794941187409 0.001940074700692061 0.018107053664181708 -0.027778872003197431 0.001940074700692061 0.008706865534766144 -0.013280474773074381 0.001940074700692061 -0.011900351744747328 -0.0035926324666572707 -0.021109660382968239 -0.0031964051533453258 0.008706865534766144 0.00073694085564198809 -0.013280474773074381 -0.0035926324666572707 0.029398575066724459 0.023798917831374888 0.02306255298207226 0.0061904463719010989 -0.0084365536198658247 -0.0084365536198658247 0.001940074700692061 0.001940074700692061 0.008706865534766144 0.0084312625455002718 0.008706865534766144 0.016088517931755475 -0.0035926324666572707 -0.0035926324666572707 -0.013413073816645464
leaf_weight=1636.5717060156167 18414.231373161077 505.86344781890512 510.29627514258027 2274.9698034450412 937.17097831144929 231.15015108883381 10471.894024334848 3773.6076543927193 19233.034312143922 1650.9374733753502 6824.2639808654785 4650.1693768873811 9210.8353535234928 455.57703950256109 6529.0876244753599 1189.2076974436641 400.9180852137506 1937.1727311126888 1713.9887801781297 3167.0715229585767 1133.2470736280084 1339.5558282881975 1050.9330475628376 652.79932919517159 1265.3076757341623 856.45117181912065 1636.8286976404488 211.13887036591768 1731.0057602077723 338.7232186421752
leaf_count=26885 77212 5620 7638 12749 7558 1513 52195 28840 80018 15106 28694 29615 38547 2715 35358 19775 5605 24806 9597 18275 6534 5729 4431 7201 6674 6527 15431 1419 9689 3856
internal_value=-3.03586e-05 0.00237884 -0.00956411 0.000875144 0.0165386 -0.00553293 0.00422094 -0.0173743 -0.000340795 -0.0143045 0.00150049 0.00823173 -0.00196606 -0.00446844 -0.00391078 0.0221613 0.0102418 0.0193641 0.00367403 -0.00359263 -0.00691088 -0.00317621 -0.00205308 0.0131516 0.00194007 0.00870687 0.0129625 -0.0109649 -0.00359263 -0.0220925
internal_weight=105934 84565.6 21368.4 76449.2 8116.41 14096.2 20376.3 7272.26 56072.9 5635.68 26289.4 8639.13 29783.4 13247.1 12791.6 4285.04 3831.37 3095.84 3988.96 12560.4 6031.32 20572.6 7875.2 1158.66 11737.2 3430.45 2493.28 3984.75 2864.25 849.019
internal_count=595812 437984 157828 345461 92523 85578 110830 72250 234631 45365 110337 51961 124294 74084 71369 57402 35121 37627 22346 69856 34498 85747 33125 12821 58869 29516 21958 30259 16223 11494
is_linear=0
shrinkage=0.03


Tree=81
num_leaves=31
num_cat=0
split_feature=11 12 15 17 16 16 11 17 12 11 15 12 14 17 15 17 16 14 16 17 16 15 15 13 12 16 11 13 17 11
split_gain=633.38 472.789 339.125 331.07 297.307 340.334 270.335 280.596 263.404 258.667 236.381 232.872 222.948 218.524 204.71 261.828 252.607 195.668 195.619 173.133 166.542 189.394 266.636 173.417 160.203 159.674 182.293 158.461 156.312 153.36
threshold=21.066316802066698 0.3168280324219514 0.17102959293316927 0.034676938109219672 0.093663628124736623 0.071042147140111728 -68.910543978746759 0.032741798698029539 0.24566435591684657 112.2720216547939 0.17800843344022407 0.19277588917132946 0.024411773394292548 0.033892931397051095 0.20603036097229235 0.048812969513891753 0.10369856243219634 0.021280648130550344 0.09963090795694117 0.022292451883402249 0.09636592536254697 0.20288253653768396 0.26622510358654372 0.093896031989453357 0.25901650212964061 0.13696017927960544 69.489448519786734 0.078532507801734527 0.0365511283843033 31.027748941665894
decision_type=2 2 2 2 2 2 2 2 2 2 2 2 2 2 2 2 2 2 2 2 2 2 2 2 2 2 2 2 2 2
left_child=6 2 8 25 5 -3 10 -8 12 20 -1 -9 17 -10 16 -16 -11 -2 -13 -6 21 23 29 28 -15 -4 -27 -14 -5 -23
right_child=1 4 3 9 19 -7 7 11 13 14 -12 18 27 24 15 -17 -18 -19 -20 -21 -22 22 -24 -25 -26 26 -28 -29 -30 -31
leaf_value=-0.072194379358083663 -0.00039221616880283805 0.047175823142986746 -0.00039221616880283805 -0.00039221616880283805 -0.00039221616880283805 -0.00039221616880283805 -0.00048750628443990443 -0.00039221616880283805 0.040043586846253081 0.0096002184106216502 -0.011540984827684545 -0.0077540551311372106 0.017992951074239788 0.043028948607606941 0.040428178473365953 0.0096002184106216502 0.041782246532163531 0.057088936873470671 -0.00039221616880283805 0.043111852172436085 -0.00039221616880283805 -0.00039221616880283805 -0.00039221616880283805 -0.00039221616880283805 -0.00039221616880283805 0.0027779540883289579 0.043037934544902429 -0.00039221616880283805 0.0096002184106216502 0.0096002184106216502
leaf_weight=57.62542974576354 59.634839456528425 155.33320150524378 38575.561882335693 500.49052016809583 57.993340454995632 595.16644841060042 27942.23603797704 2631.5203825086355 466.88661859557033 760.44552818313241 2028.7983945645392 9127.3593305498362 441.72032455354929 76.103668257594109 507.15132401511073 120.95179875567555 223.2769900970161 130.25781467184424 2238.3838784135878 477.03492978587747 5561.1811054982245 1309.7790733613074 1011.2607826814055 1546.9603337235749 137.23125434666872 271.23330356925726 159.76933158189058 918.25729994848371 1743.0498841479421 5671.3532031998038
leaf_count=272 360 836 218216 2718 358 3310 155555 14917 2724 4655 11639 50616 2672 520 3062 723 1468 665 12465 2776 31288 7320 5616 8978 778 1451 946 5514 10103 32595
internal_value=-2.36527e-06 0.00196465 0.00157983 0.00113791 0.0199527 0.00773468 -0.00274908 -0.00222439 0.0130545 0.00439063 -0.0132837 -0.00569111 0.006208 0.0285903 0.0158792 0.0294412 0.00960022 0.0364799 -0.00767335 0.0369986 0.00332127 0.00535374 0.00797251 -0.000169308 0.00338548 -0.000392216 0.0178319 0.00193378 0.00794976 0.00960022
internal_weight=105504 61478.1 60192.6 57962.5 1285.53 750.5 44025.9 41939.5 2230.09 18955.9 2086.42 13997.3 1549.87 680.222 1611.83 628.103 983.723 189.893 11365.7 535.028 17344.1 11782.9 7992.39 3790.5 213.335 39006.6 431.003 1359.98 2243.54 6981.13
internal_count=595116 349652 342372 329139 7280 4146 245464 233553 13233 108526 11911 77998 9211 4022 9908 3785 6123 1025 63081 3134 98618 67330 45531 21799 1298 220613 2397 8186 12821 39915
is_linear=0
shrinkage=0.03


Tree=82
num_leaves=31
num_cat=0
split_feature=6 6 6 9 6 10 10 6 9 11 11 17 6 15 1 2 10 9 15 17 11 17 21 15 11 14 14 9 11 16
split_gain=2567.34 1774.72 546.457 498.324 366.632 325.367 220.48 212.505 207.938 140.631 132.452 108.719 105.325 96.9102 85.8798 93.0135 76.7165 72.7831 71.3383 64.0111 56.3759 56.2569 50.7539 46.6963 46.6692 45.2666 44.8007 42.7744 41.5773 35.7497
threshold=1.5000000000000002 -2.4999999999999996 4.5000000000000009 9.5000000000000018 -1.0000000180025095e-35 7.5000000000000009 4.5000000000000009 -5.4999999999999991 16.500000000000004 21.066316802066698 79.868749167444108 0.034676938109219672 -4.4999999999999991 0.1897131302834851 1.0000000180025095e-35 1.5000000000000002 13.500000000000002 4.5000000000000009 0.27292508243722707 0.039431741436611399 -12.349392446499449 0.027548196694093346 0.2778520041798262 0.22925917354919764 90.547142058344448 0.045150344511471062 0.024003680292973232 16.500000000000004 29.525582548008064 0.083626311430677752
decision_type=2 2 2 2 2 2 2 2 2 2 2 2 2 2 2 2 2 2 2 2 2 2 2 2 2 2 2 2 2 2
left_child=1 3 5 12 8 -2 -6 27 14 -8 21 13 -1 29 15 22 -4 -14 20 -13 -9 23 -3 -7 -15 -10 -21 -5 -19 -11
right_child=2 4 16 7 6 10 9 18 25 11 -12 19 17 24 -16 -17 -18 28 -20 26 -22 -23 -24 -25 -26 -27 -28 -29 -30 -31
leaf_value=-0.027788347878619418 0.016701053198577221 -0.00095100378798437086 0.027602111759056913 -0.028172387587233762 0.004837335729946819 0.0099450673143919848 -0.00095100378798437086 -0.01448597972882487 -0.00095100378798437086 0.00046901706037356548 0.01498826384464075 0.004837335729946819 -0.022746507798498281 0.00046901706037356548 -0.0066733338384494367 -0.0066733338384494367 0.016701053198577221 -0.018167338108528306 -0.01449445821930666 0.004837335729946819 -0.0066733338384494367 0.004837335729946819 -0.0066733338384494367 0.004837335729946819 0.004837335729946819 -0.0066733338384494367 0.00046901706037356548 -0.014543996241842301 -0.0083873017089706198 0.004837335729946819
leaf_weight=1521.2881827577949 2855.864756565541 4117.4861512333155 1824.1896384358406 488.43649434670806 5128.5970406830311 1227.6389195472002 19203.694328695536 1051.5233163461089 12465.962484151125 938.50568075478077 1363.9642317071557 4882.3215068131685 872.72758915647864 14302.055899992585 7171.1736623197794 2621.4276391416788 651.88533801957965 867.03913953155279 764.17884872853756 581.50802117586136 4519.7758841812611 5652.8098181337118 712.07415978610516 1396.9696147292852 1920.518377289176 361.13936479389668 3415.4416981190443 373.34448394924402 722.6714640930295 1526.4650267213583
leaf_count=25797 31293 19932 31166 7658 22938 8627 79145 7807 54125 4140 11964 21447 10257 60996 36099 13073 7822 8674 5515 2546 29044 38805 3837 9410 8709 1674 15022 4315 6572 6739
internal_value=3.58652e-05 -0.00186745 0.0115421 -0.0130561 -0.000290572 0.00898838 0.00119246 -0.00834036 -0.00309447 0.000480124 0.0063316 0.00188904 -0.0215674 0.000590219 -0.00557933 -0.00310528 0.0244137 -0.0177047 -0.00667333 0.00462182 -0.00667333 0.00490187 -0.000951004 0.00923133 0.000469017 -0.000951004 0.00102667 -0.0223156 -0.0137375 0.00483734
internal_weight=105503 90529.4 14973.3 11181 79348.4 12497.2 51899.1 7197.26 27449.3 46770.5 9641.38 27566.8 3983.73 18687.5 14622.2 7450.99 2476.07 2462.44 6335.48 8879.27 5571.3 8277.42 4829.56 2624.61 16222.6 12827.1 3996.95 861.781 1589.71 2464.97
internal_count=595148 456061 139087 105639 350422 100099 221682 54339 128740 198744 68806 119599 51300 80584 72941 36842 38988 25503 42366 39015 36851 56842 23769 18037 69705 55799 17568 11973 15246 10879
is_linear=0
shrinkage=0.03


Tree=83
num_leaves=31
num_cat=0
split_feature=6 6 0 6 10 6 10 6 1 2 6 12 2 12 15 11 22 10 11 6 0 14 5 15 13 12 12 12 0 17
split_gain=2439.27 1797.45 701.019 399.722 360.243 320.099 279.223 175.467 164.02 123.13 118.121 102.487 100.28 94.6905 91.0866 95.164 72.08 72.0397 69.9198 68.201 58.349 57.17 52.0755 52.007 47.3522 46.54 44.5526 44.1518 43.667 43.5554
threshold=-1.4999999999999998 2.5000000000000004 7.5000000000000009 -4.4999999999999991 6.5000000000000009 1.0000000180025095e-35 7.5000000000000009 5.5000000000000009 1.0000000180025095e-35 1.5000000000000002 -3.4999999999999996 0.21104346249751751 1.5000000000000002 0.27430906658021775 0.27292508243722707 -34.753533852282651 0.069959878560306138 16.500000000000004 88.519493416430478 -6.4999999999999991 8.5000000000000018 0.035269657801755082 1.0000000180025095e-35 0.1897131302834851 0.070126330525460842 0.18001336200680712 0.19998506798254354 0.17736066974312367 6.5000000000000009 0.040774252776616095
decision_type=2 2 2 2 2 2 2 2 2 2 2 2 2 2 2 2 2 2 2 2 2 2 2 2 2 2 2 2 2 2
left_child=2 5 3 19 -3 8 -7 11 9 -2 -4 -6 16 18 15 -5 -10 -13 -8 -1 -12 26 24 28 -11 -16 -21 -17 -18 -9
right_child=1 4 10 14 7 6 13 29 12 22 20 17 -14 -15 25 27 23 -19 -20 21 -22 -23 -24 -25 -26 -27 -28 -29 -30 -31
leaf_value=-0.02656504316998929 0.0018796419715603877 0.026202298286525916 -0.02654625475211897 -0.011466222540374441 0.0083635413805767615 0.0083635413805767615 0.0018796419715603877 0.027787073392316581 0.0018796419715603877 0.0018796419715603877 -0.011705523415867941 0.016880610971261589 0.00075923221003197324 0.0083635413805767615 -0.0034420632744548048 -0.007454142907414623 0.0018796419715603877 0.0083635413805767615 0.0083635413805767615 -0.020728966473748906 -0.020590709416715688 -0.020728966473748906 0.0018796419715603877 -0.0034420632744548048 -0.0034420632744548048 -0.011466222540374441 -0.011466222540374441 -0.0034420632744548048 -0.0034420632744548048 0.017095159765998375
leaf_weight=642.07701351493597 18326.897308722138 2196.2362156435847 1576.1596959643066 1189.9995889812708 1352.1836229376495 4148.8191664516926 12969.857693515718 752.36321920901537 2097.093535721302 858.76804879307747 1339.9679603651166 2285.9309464171529 9173.399259313941 1697.9063701480627 143.04325949400663 668.48203482478857 1688.0212691426277 1220.7721078246832 1394.1830706745386 237.39056979864836 1343.2414101287723 434.30026269331574 1047.7501362711191 16316.1161352247 5906.3993023335934 1554.0857107043266 881.63795932382345 11091.503596402705 430.47663395106792 93.820212207734585
leaf_count=9917 76919 34582 25817 7419 11738 27668 65118 11599 8693 3600 10021 22918 38410 9249 860 3771 6982 10256 8461 2718 11148 5051 4425 68106 24867 9576 9814 61677 1889 1492
internal_value=-2.91776e-05 0.00226261 -0.00914673 -0.00639552 0.0158795 0.00084759 0.00408256 0.0118978 -0.00032328 0.00140983 -0.0200175 0.00969471 -0.00184837 0.0021416 -0.0046048 -0.00374719 -0.00301339 0.0137285 0.00187964 -0.0183276 -0.0161656 -0.0148929 -0.00198292 -0.00344206 -0.00303525 -0.0111367 -0.0114662 -0.00344206 0.00128562 0.0244956
internal_weight=105059 83957 21101.9 16842.5 7901.31 76055.7 20210.8 5705.07 55844.9 26139.8 4259.37 4858.89 29705.1 16061.9 14647.1 12950 20531.7 3506.7 14364 2195.41 2683.21 1553.33 7812.92 18434.6 6765.17 1697.13 1119.03 11760 2118.5 846.183
internal_count=594761 436972 157789 110803 92585 344387 110496 58003 233891 109811 46986 44912 124080 82828 83303 72867 85670 33174 73579 27500 21169 17583 32892 76977 28467 10436 12532 65448 8871 13091
is_linear=0
shrinkage=0.03


Tree=84
num_leaves=31
num_cat=0
split_feature=6 6 9 6 10 10 1 6 4 6 2 6 6 12 9 0 11 15 11 15 5 12 16 11 9 15 14 0 16 15
split_gain=2268.38 1780.46 475.194 410.796 357.68 253.099 206.354 180.326 170.138 161.871 134.333 133.815 120.559 116.067 88.3539 76.92 75.6346 64.8005 60.9306 72.3587 57.117 49.5855 47.9627 47.8134 44.9198 40.7179 40.0836 40.0263 38.5377 37.5099
threshold=2.5000000000000004 -2.4999999999999996 10.500000000000002 1.0000000180025095e-35 7.5000000000000009 12.500000000000002 1.0000000180025095e-35 -5.4999999999999991 1.0000000180025095e-35 5.5000000000000009 1.5000000000000002 -1.0000000180025095e-35 -5.4999999999999991 0.21104346249751751 4.5000000000000009 5.5000000000000009 20.622377567180028 0.24484023041117267 25.940450322664109 0.24070555759138473 1.0000000180025095e-35 0.23573062549851148 0.09835541708961866 29.525582548008064 17.500000000000004 0.29234939425386608 0.034347324894103318 6.5000000000000009 0.084912013066054864 0.19700246810339397
decision_type=2 2 2 2 2 2 2 2 2 2 2 2 2 2 2 2 2 2 2 2 2 2 2 2 2 2 2 2 2 2
left_child=1 2 12 6 -2 18 10 24 11 13 25 15 -1 -6 -14 -8 -15 -9 19 -5 27 29 -19 -16 -4 -3 -25 28 -12 -13
right_child=4 3 7 5 9 -7 8 17 -10 -11 20 21 14 16 23 -17 -18 22 -20 -21 -22 -23 -24 26 -26 -27 -28 -29 -30 -31
leaf_value=-0.030026013594399697 0.025484240365059627 0.0015034819973498835 -0.027167159896479963 0.0015034819973498835 0.0071719434609628747 0.0015034819973498835 -0.0020406131662033533 -0.0062085859331471758 -0.0062085859331471758 0.024015644564788736 -0.0050285021333852644 0.0015034819973498835 -0.023934095267470593 0.0071719434609628747 -0.018337120627573311 -0.0062085859331471758 0.016520302043082802 -0.013703859772264231 0.0071719434609628747 0.005313478544241251 0.0015034819973498835 0.0015034819973498835 -0.0062085859331471758 -0.0062085859331471758 -0.013703859772264231 -0.0047998657181424591 -0.013754127380294377 -0.0062085859331471758 -0.00029234595378056332 -0.0020406131662033533
leaf_weight=961.22108710929751 2310.5915661156178 20703.73098808527 471.36045893654227 2406.2793115153909 1306.0051759593189 11184.32605163753 6487.9395652264357 4113.5564971640706 6311.8041090816259 782.9511567056179 2566.1759164333344 1719.199302136898 1046.5422879308462 1164.8277580663562 1144.7736563496292 4290.4670183286071 2213.4129584804177 1409.5209008529782 4811.2251419126987 1787.0443463996053 1240.1958116889 7165.2737534940243 566.0614607706666 679.95623955130577 327.61455852538347 1161.4163688868284 259.46711181849241 1648.3301111906767 3886.4392149746418 8760.7758228331804
leaf_count=18043 36943 89858 7540 13441 11284 56233 28702 27081 27503 12290 10881 7047 13664 9499 12603 22392 22485 9867 30935 10006 5442 29244 3882 6701 3882 5113 2591 8195 16404 35483
internal_value=2.81186e-06 -0.00124587 -0.0126218 0.000204605 0.0155898 0.00394876 -0.0009418 -0.00780781 -0.00253241 0.0114003 0.000828746 -0.00152835 -0.0207175 0.00928233 -0.0178422 -0.00416174 0.0132636 -0.00620859 0.00717194 0.00345501 -0.00229929 8.05156e-05 -0.0116504 -0.0142184 -0.0211991 0.00150348 -0.00917113 -0.00329433 -0.00217687 -0.00126543
internal_weight=104888 97110.7 10980.1 86130.6 7777.79 20188.9 65941.7 6888.11 34735.5 5467.2 31206.3 28423.7 4091.96 4684.25 3130.74 10778.4 3378.24 6089.14 9004.55 4193.32 9341.14 17645.2 1975.58 2084.2 798.975 21865.1 939.423 8100.95 6452.62 10480
internal_count=595234 502733 105854 396879 92501 110615 286264 52252 150371 55558 135893 122868 53602 43268 35559 51094 31984 40830 54382 23447 40922 71774 13749 21895 11422 94971 9292 35480 27285 42530
is_linear=0
shrinkage=0.03


Tree=85
num_leaves=31
num_cat=0
split_feature=6 6 6 0 6 10 10 9 6 12 12 15 6 13 10 13 9 12 13 12 15 13 15 6 15 12 13 9 15 12
split_gain=2234.98 1554.76 524.161 492.259 316.176 313.351 201.258 195.562 185.877 113.876 110.145 101.877 97.8239 88.8815 85.0104 73.9038 73.5059 71.1393 84.2603 65.0176 61.5193 60.717 57.42 51.3244 107.712 47.2329 44.8107 42.7758 41.088 52.3885
threshold=1.5000000000000002 -2.4999999999999996 4.5000000000000009 6.5000000000000009 -1.0000000180025095e-35 7.5000000000000009 4.5000000000000009 16.500000000000004 -5.4999999999999991 0.3168280324219514 0.275765146537161 0.1897131302834851 -5.4999999999999991 0.070126330525460842 11.500000000000002 0.058605519976797978 4.5000000000000009 0.19156753957525657 0.0694997121821712 0.22552051319227137 0.17800843344022407 0.074768085264235326 0.27292508243722707 1.0000000180025095e-35 0.24119882883712843 0.17311087603922146 0.082472014344963443 17.500000000000004 0.1765063519940919 0.23326815695194425
decision_type=2 2 2 2 2 2 2 2 2 2 2 2 2 2 2 2 2 2 2 2 2 2 2 2 2 2 2 2 2 2
left_child=1 3 5 8 7 -2 -6 17 27 11 15 21 -5 19 -4 -7 -14 26 -19 25 -12 -8 -10 -15 -25 -13 -3 -1 29 -17
right_child=2 4 14 12 6 10 9 -9 22 -11 20 13 16 23 -16 28 -18 18 -20 -21 -22 -23 -24 24 -26 -27 -28 -29 -30 -31
leaf_value=-0.026789257980879399 0.016143027500897567 -0.0063623078256766167 0.028486641751312845 -0.029757670617796432 0.0045406824753823436 0.016143027500897567 -0.00093561768435628022 -0.00093561768435628022 -0.0063623078256766167 0.0045406824753823436 0.0045406824753823436 0.0045406824753823436 -0.024082382247421999 -0.00093561768435628022 0.016663175274642384 0.0045406824753823436 -0.014793136049944774 -0.00093561768435628022 -0.0063623078256766167 0.0045406824753823436 0.016143027500897567 0.0045406824753823436 -0.013785008859510717 0.00020388486704087366 0.0045406824753823436 -0.00093561768435628022 -0.00093561768435628022 -0.013785008859510717 0.0045406824753823436 0.016143027500897567
leaf_weight=495.16103459522128 2765.0712460651994 948.08128970861435 1423.2217342481017 904.74233417212963 5117.5902097076178 167.54578374698758 1020.1398251205683 12811.699182167649 5520.5857934653759 784.42316915094852 76.641387619078159 303.38670448958874 1032.2190338969231 26632.767129465938 908.20602578669786 357.8718916028738 1857.4608264937997 1340.1831645667553 11009.63192088902 2881.0673758983612 855.03670351952314 4478.6135457754135 751.06087655574083 5641.9183643907309 3253.2454663664103 1685.4625799804926 1142.496716350317 323.16150245815516 7905.4449290633202 176.17965316772461
leaf_count=8167 31462 4783 26639 17485 22954 1269 4498 55810 37017 3472 636 1265 13747 108396 12340 2668 20115 6408 55513 12505 6693 19402 5562 26715 15118 7217 5727 3874 56361 1364
internal_value=-1.03617e-05 -0.00177968 0.010861 -0.0124087 -0.000315902 0.00838701 0.00106027 -0.00293151 -0.00773779 0.000378698 0.00578909 8.51255e-05 -0.0211278 -0.0004364 0.023899 0.0047261 -0.0184071 -0.00537456 -0.00624814 0.00336395 0.0155781 0.0039154 -0.00636231 -0.000935618 0.00134339 -0.000935618 -0.000935618 -0.0212077 0.00454068 0.0129197
internal_weight=104570 89935.1 14635.2 10884.4 79050.7 12303.8 51798.6 27252.1 7089.97 46681 9538.72 45896.6 3794.42 40397.8 2331.43 8607.04 2889.68 14440.4 12349.8 4869.92 931.678 5498.75 6271.65 35527.9 8895.16 1988.85 2090.58 818.323 8439.5 534.052
internal_count=595182 455750 139432 105967 349783 100453 221542 128241 54620 198588 68991 195116 51347 171216 38979 61662 33862 72431 61921 20987 7329 23900 42579 150229 41833 8482 10510 12041 60393 4032
is_linear=0
shrinkage=0.03


Tree=86
num_leaves=31
num_cat=0
split_feature=6 6 9 6 10 1 4 3 6 6 6 6 10 3 11 6 11 0 21 0 11 11 2 22 15 9 2 16 3 15
split_gain=2124.75 1541.3 644.57 340.529 338.204 304.811 330.054 213.386 210.553 168.272 130.255 112.208 139.44 109.958 108.006 93.021 91.7951 91.3461 81.1579 75.7645 70.865 62.1502 58.8492 56.9099 52.4673 45.9597 43.2857 41.4494 38.5346 36.814
threshold=-1.4999999999999998 2.5000000000000004 7.5000000000000009 -5.4999999999999991 6.5000000000000009 1.0000000180025095e-35 1.0000000180025095e-35 1.0000000180025095e-35 1.0000000180025095e-35 5.5000000000000009 -3.4999999999999996 -1.0000000180025095e-35 2.5000000000000004 1.0000000180025095e-35 -74.452390274339777 -3.4999999999999996 47.265235762118557 4.5000000000000009 0.2279610474880239 8.5000000000000018 34.527997425208135 56.976750840393954 1.5000000000000002 0.087933969445962046 0.26536968281998535 16.500000000000004 1.5000000000000002 0.086495951348515787 1.0000000180025095e-35 0.27292508243722707
decision_type=2 2 2 2 2 2 2 2 2 2 2 2 2 2 2 2 2 2 2 2 2 2 2 2 2 2 2 2 2 2
left_child=2 5 10 25 -3 6 8 11 13 16 -1 -7 -13 18 -5 -16 -6 -10 21 28 -14 27 -8 24 -22 -4 -9 -2 -12 -17
right_child=1 4 3 14 9 7 22 26 17 -11 19 12 20 -15 15 29 -18 -19 -20 -21 23 -23 -24 -25 -26 -27 -28 -29 -30 -31
leaf_value=-0.025636736096618682 -0.0032658154595607584 0.025336586686015784 -0.027218556201740265 -0.013662058775976576 0.0079022548146068343 -0.0032416786061952663 0.0079022548146068343 -0.0032658154595607584 0.00274545116960999 0.023924182964247503 -0.013777970091412932 0.0079022548146068343 -0.00064592467100430548 0.00274545116960999 -0.0089826841154307651 -0.0032658154595607584 0.015192144588618136 0.0079022548146068343 -0.0032658154595607584 -0.020266575713946057 0.0067279776839934214 0.00274545116960999 0.0033027037720443856 0.0011160758221915759 0.0011160758221915759 -0.013740834973589295 0.00010472509933410951 0.00070112863088509219 -0.0037552655767644307 -0.0061242497874957613
leaf_weight=1595.6507118046284 2088.6883603930473 2067.7365176863968 670.22066662088037 273.29432161524892 3080.4705669023097 5589.7071047574282 3835.6278353482485 7742.5159056335688 4231.2000931948423 788.97943076118827 1023.8195450231433 931.07730147242546 11451.562006421387 6054.7600169032812 2908.1532639712095 10697.385286197066 1655.5548833794892 3749.3574820160866 8327.9274803698063 1290.119233071804 4041.7551689594984 2381.3377516269684 2824.3972591608763 4802.20485316962 465.04361771047115 355.34675010293722 4766.0150868445635 2775.6656644046307 523.27428828179836 1354.5706855505705
leaf_count=27752 8669 34659 12013 1951 26553 24918 17595 34772 21523 12990 7736 4774 49655 25449 25398 55862 18214 22802 35056 11063 18889 10129 13194 22480 2110 4333 21625 11534 3959 7707
internal_value=-2.68661e-05 0.00210231 -0.00863394 -0.00586784 0.014989 0.000815512 0.00280465 -0.000997658 0.00143185 0.0111086 -0.0187723 0.000547702 0.00152439 -0.000105007 -0.0047396 -0.00430331 0.00896449 0.00559591 -0.00145434 -0.0148964 0.000934357 0.000873377 0.00790225 0.00287808 0.00533172 -0.0225845 -0.00326582 -0.00134319 -0.0103972 -0.00326582
internal_weight=104343 83651.6 20691.8 16259 7592.74 76058.8 36269 39789.9 29608.9 5525 4432.86 27281.4 21691.6 21628.4 15233.4 14960.1 4736.03 7980.56 15573.6 2837.21 20760.6 7245.69 6660.03 9309 4506.8 1025.57 12508.5 4864.35 1547.09 12052
internal_count=595364 437590 157774 107264 92416 345174 165951 179223 135162 57757 50510 122826 97908 90837 90918 88967 44767 44325 65388 22758 93134 30332 30789 43479 20999 16346 56397 20203 11695 63569
is_linear=0
shrinkage=0.03


Tree=87
num_leaves=31
num_cat=0
split_feature=11 12 15 16 16 17 11 17 11 12 17 14 15 12 12 12 12 14 16 17 13 17 17 14 14 15 15 14 12 16
split_gain=559.318 472.245 312.855 276.918 319.548 266.286 264.379 266.377 257.569 233.787 233.633 222.123 216.72 204.19 204.92 200.309 251.45 197.622 186.509 176.071 175.475 198.692 171.642 166.727 162.578 161.937 218.572 158.816 139.957 138.005
threshold=21.066316802066698 0.3168280324219514 0.17102959293316927 0.093663628124736623 0.071042147140111728 0.034676938109219672 -68.910543978746759 0.032741798698029539 112.2720216547939 0.24566435591684657 0.033892931397051095 0.024411773394292548 0.17800843344022407 0.19277588917132946 0.24766770882827008 0.24211232834013732 0.22615660007145752 0.021280648130550344 0.10574614849159464 0.039588703076332325 0.081771822726316182 0.021796137765327146 0.022292451883402249 0.02682225791729137 0.034347324894103318 0.21584201955084867 0.26622510358654372 0.037168249076246898 0.25901650212964061 0.13696017927960544
decision_type=2 2 2 2 2 2 2 2 2 2 2 2 2 2 2 2 2 2 2 2 2 2 2 2 2 2 2 2 2 2
left_child=6 2 9 4 -3 29 12 20 25 11 -11 17 -1 -9 18 16 19 -2 -15 24 21 -8 -5 -24 -10 -7 27 -27 -12 -4
right_child=1 3 5 22 -6 8 7 13 15 10 28 -13 -14 14 -16 -17 -18 -19 -20 -21 -22 -23 23 -25 -26 26 -28 -29 -30 -31
leaf_value=-0.069915930530330114 -0.00035570587011886059 0.046617847880912 -0.00035570587011886059 -0.00035570587011886059 -0.00035570587011886059 -0.00017586183464493379 -0.00035570587011886059 -0.00035570587011886059 0.051595566759016234 0.039492430206452551 0.042177371721038061 0.0018436897715247722 -0.011386555298330416 -0.00756191221128346 -0.00035570587011886059 0.0093071347166588641 0.046083692578879815 0.057515759912745976 -0.00035570587011886059 0.0093071347166588641 -0.00035570587011886059 -0.0075536737443398245 0.055979476553389369 0.018998799965973413 0.0093071347166588641 0.0093071347166588641 -0.00035570587011886059 -0.00035570587011886059 -0.00035570587011886059 0.016886818646689755
leaf_weight=56.703374307602644 60.067298021167517 151.79689278453588 38105.6459919177 58.065424796193838 588.38173781335354 8007.3710291273892 1183.3279183506966 2592.1749078407884 171.56046004593372 453.71250499784946 67.747993092983961 1332.7032197825611 2006.4154614880681 7494.3437006287277 2659.814623516053 722.60907939076424 341.74190155789256 128.27285659685731 1008.1827774271369 256.75988603383303 19949.981569502503 6497.6708195358515 300.58277636021376 176.68879209831357 63.632521569728851 6576.8756046555936 1359.5073223263025 1177.0023758485913 133.52135239169002 415.77991173788905
leaf_count=270 370 829 218508 366 3325 46576 6585 14898 1034 2689 488 8158 11698 42305 14858 4639 2159 669 5656 1599 112564 36695 1780 1065 387 37741 7575 6822 762 2344
internal_value=1.27059e-05 0.00187391 0.00148556 0.0199208 0.00799549 0.00106059 -0.00258533 -0.00206248 0.00400008 0.0126452 0.0276031 0.00617626 -0.0130613 -0.00547346 -0.00733662 0.0156774 0.0263834 0.0364922 -0.00756191 0.0125671 -0.000364241 -0.00488955 0.036318 0.0424254 0.0355929 0.00293689 0.00567131 0.00789387 0.00067679 -0.000355706
internal_weight=104099 60650 59374.5 1275.52 740.179 57198.5 43448.6 41385.5 18677.1 2176.03 654.982 1521.04 2063.12 13754.5 11162.3 1556.3 833.695 188.34 8502.53 491.953 27631 7681 535.337 477.272 235.193 17120.8 9113.39 7753.88 201.269 38521.4
internal_count=595414 349885 342520 7365 4154 329384 245529 233561 108532 13136 3939 9197 11968 77717 62819 9818 5179 1039 47961 3020 155844 43280 3211 2845 1421 98714 52138 44563 1250 220852
is_linear=0
shrinkage=0.03


Tree=88
num_leaves=31
num_cat=0
split_feature=6 6 9 6 10 1 5 4 2 6 2 6 6 6 3 12 10 9 11 0 11 4 4 6 6 14 15 3 15 12
split_gain=1936.53 1455.43 658.541 343.184 342.03 275.787 292.984 214.19 186.541 164.102 157.444 139.371 130.546 105.57 96.0631 95.2057 95.1964 83.586 75.4627 73.7981 73.0625 69.9791 66.9859 75.8398 66.1171 62.2968 56.2294 51.9679 48.9747 45.6004
threshold=-1.4999999999999998 2.5000000000000004 7.5000000000000009 -4.4999999999999991 6.5000000000000009 1.0000000180025095e-35 1.0000000180025095e-35 1.0000000180025095e-35 1.0000000180025095e-35 5.5000000000000009 1.0000000180025095e-35 -3.4999999999999996 1.0000000180025095e-35 1.0000000180025095e-35 1.0000000180025095e-35 0.21104346249751751 13.500000000000002 16.500000000000004 -74.452390274339777 8.5000000000000018 20.622377567180028 1.0000000180025095e-35 1.0000000180025095e-35 1.0000000180025095e-35 -6.4999999999999991 0.035269657801755082 0.27292508243722707 1.0000000180025095e-35 0.2754975140169213 0.19998506798254354
decision_type=2 2 2 2 2 2 2 2 2 2 2 2 2 2 2 2 2 2 2 2 2 2 2 2 2 2 2 2 2 2
left_child=2 5 11 24 -3 6 8 10 14 15 27 -1 21 28 22 -6 -15 -14 -5 -13 -17 -10 23 -2 -4 29 -20 -7 -12 -26
right_child=1 4 3 18 9 7 -8 -9 12 -11 13 19 17 16 -16 20 -18 -19 26 -21 -22 -23 -24 -25 25 -27 -28 -29 -30 -31
leaf_value=-0.025779349679666382 0.00072835737457352878 0.025216200594059567 -0.025767896450601159 -0.010444357588805075 0.0077196727778257417 -0.00077783811965751088 0.0077196727778257417 -0.0030926883620678346 -0.0026260244837526805 0.023554110411088441 0.0012706419557707597 -0.010110816968226634 0.0072559850153658904 0.0077196727778257417 0.0077196727778257417 0.0077196727778257417 0.0031567594003967061 0.0010998860145235623 -0.0030926883620678346 -0.019889679749716695 0.016103433550854387 0.0010998860145235623 0.0077196727778257417 0.0071536637214755939 -0.019691329898266743 -0.019691329898266743 -0.0069202604528317479 -0.0030926883620678346 -0.0030926883620678346 -0.010444357588805075
leaf_weight=1554.0793507993221 6817.5170481652021 2013.3866618685424 566.0957804620266 239.64956192672253 1330.981313534081 10151.085000813007 3385.0530970394611 6874.0111706256866 11922.783027812839 773.55152049288154 13575.922510847449 1536.9601646512747 3069.1955333054066 2584.7908103615046 2764.5937978252769 1176.8335081525147 2591.4986338689923 2798.7529111132026 12373.060458146036 1278.6752720251679 2213.4882217645645 2701.4069146513939 652.62457871437073 2180.8336400836706 215.67933671176434 397.43709438666701 1621.6408706977963 2539.4981362298131 1527.6033827215433 818.043964587152
leaf_count=27678 28576 34561 9450 1619 11823 45684 15823 30858 50133 13017 56825 11702 18366 15500 12550 9801 12963 14220 69527 11135 23425 11387 2962 12212 2578 4803 10061 11379 6404 9365
internal_value=1.19693e-05 0.00204122 -0.0082266 -0.0054423 0.014641 0.000798349 0.00269011 -0.000924836 0.00172681 0.0107583 0.000302361 -0.0185618 -3.14004e-05 0.00194225 0.0046283 0.00865276 0.0056387 0.00374793 -0.00380698 -0.0145627 0.0128681 -0.00154816 0.00310855 0.00228683 -0.0170817 -0.0136148 -0.00339616 -0.0023181 0.000674814 -0.0104444
internal_weight=104247 83645.4 20601.3 16231.6 7508.24 76137.2 36292.8 39844.4 32907.7 5494.85 32970.4 4369.71 20492.1 20279.8 12415.6 4721.3 5176.29 5867.95 14234.4 2815.64 3390.32 14624.2 9650.98 8998.35 1997.26 1431.16 13994.7 12690.6 15103.5 1033.72
internal_count=596387 438469 157918 107403 92627 345842 166229 179613 150406 58066 148755 50515 94106 91692 56300 45049 28463 32586 81207 22837 33226 61520 43750 40788 26196 16746 79588 57063 63229 11943
is_linear=0
shrinkage=0.03


Tree=89
num_leaves=31
num_cat=0
split_feature=6 6 0 6 20 9 6 9 12 11 6 12 15 6 6 1 14 16 11 0 11 17 14 12 13 12 13 9 6 16
split_gain=1908.47 1503.69 432.4 360.394 309.04 241.247 182.267 180.524 165.165 147.502 107.402 106.743 99.6662 95.8165 92.7428 87.3298 82.1443 81.7914 80.5251 75.3465 65.9649 58.4769 56.38 54.6581 53.5394 50.3034 48.3326 42.1955 41.7451 41.5574
threshold=2.5000000000000004 -2.4999999999999996 6.5000000000000009 -1.0000000180025095e-35 1.0000000180025095e-35 8.5000000000000018 -5.4999999999999991 13.500000000000002 0.3168280324219514 83.147873333427597 -5.4999999999999991 0.23263776530552557 0.20133451414436612 5.5000000000000009 1.0000000180025095e-35 1.0000000180025095e-35 0.03905303467656171 0.086495951348515787 49.985247704028104 8.5000000000000018 -12.349392446499449 0.043456287772749257 0.045150344511471062 0.26061636280019124 0.0694997121821712 0.19156753957525657 0.058605519976797978 8.5000000000000018 5.5000000000000009 0.095297745371005868
decision_type=2 2 2 2 2 2 2 2 2 2 2 2 2 2 2 2 2 2 2 2 2 2 2 2 2 2 2 2 2 2
left_child=1 2 6 7 13 14 -1 24 9 12 -4 -11 17 16 15 -5 27 -7 -6 -12 29 22 -9 28 -3 -26 -14 -2 -20 -8
right_child=4 3 10 5 18 8 20 21 -10 11 19 -13 26 -15 -16 -17 -18 -19 23 -21 -22 -23 -24 -25 25 -27 -28 -29 -30 -31
leaf_value=-0.02116961368388838 0.023089874667356004 -0.00062075521337515106 -0.029651484805331609 0.00464859405712084 0.0067243634418780503 -0.00062075521337515106 -0.013509847137087833 -0.00062075521337515106 0.0067243634418780503 0.0023770348959521407 -0.014058110690401242 0.0067243634418780503 0.0023770348959521407 0.028494146348118629 0.0067243634418780503 -0.00062075521337515106 0.0067243634418780503 0.0023770348959521407 0.010821275226833437 -0.023516756624004178 -0.005850080590287284 -0.005850080590287284 -0.005850080590287284 0.02643777620284047 -0.00062075521337515106 -0.005850080590287284 -0.00062075521337515106 0.016047836015221948 0.029718970847811322 -0.0093321303262899318
leaf_weight=774.64567968994379 1085.0770735405385 1279.9698644727468 842.28066041320562 2666.8469348996878 2387.0383932366967 3831.9620227590203 867.65770894289017 15163.493342101574 820.07500781863928 2595.8351692035794 1937.3246164135635 3047.2530091702938 686.74332167208195 1013.6075020320714 3390.5517263710499 2323.5690530240536 351.42250951379538 4359.5656134337187 826.06484999507666 839.63135799765587 4957.9159969687462 669.2771770209074 444.05486388504505 283.23375504091382 1295.9603352025151 8343.3594891875982 34862.723358668387 1363.150599502027 104.6265694797039 357.36186715960503
leaf_count=12036 17690 6317 17519 10994 21176 17087 6783 66553 3874 12841 21945 15278 3052 19860 23220 9449 4518 19773 8815 11963 32968 2896 2080 3379 6834 43819 152809 15482 1811 2730
internal_value=-4.36541e-05 -0.0011723 -0.0118439 0.000143754 0.014621 0.00146862 -0.00746547 -0.00271013 0.00068194 0.000389625 -0.0202522 0.00495343 -0.000199357 0.0205721 0.00617972 0.00257282 0.0176856 0.00237703 0.00831122 -0.017382 -0.00585008 -0.000708 -0.000620755 0.0149182 -0.00569392 -0.00585008 -0.000620755 0.01967 0.0113633 -0.0128142
internal_weight=103772 96358.1 10576.8 85781.2 7414.22 58585.1 6957.58 27196.1 50204.2 49384.1 3619.24 5643.09 43741 3813.26 8380.97 4990.42 2799.65 8191.53 3600.96 2776.96 6182.94 16276.8 15607.5 1213.93 10919.3 9639.32 35549.5 2448.23 930.691 1225.02
internal_count=595551 502820 105944 396876 92731 268377 54517 128499 224714 220840 51427 28119 192721 57550 43663 20443 37690 36860 35181 33908 42481 71529 68633 14005 56970 50653 155861 33172 10626 9513
is_linear=0
shrinkage=0.03


Tree=90
num_leaves=31
num_cat=0
split_feature=12 11 15 12 17 11 11 17 14 15 12 17 15 15 14 16 16 12 17 16 13 14 13 13 17 12 12 12 16 11
split_gain=515.411 422.349 320.02 309.904 293.708 247.364 231.802 251.777 214.188 200.391 198.136 189.443 188.921 207.526 182.534 176.714 165.696 198.342 154.666 152.104 182.587 146.321 142.836 137.407 182.229 134.238 124.098 133.37 121.49 191.455
threshold=0.34356646944828623 21.066316802066698 0.17102959293316927 0.24566435591684657 0.034676938109219672 112.2720216547939 -68.910543978746759 0.032741798698029539 0.024411773394292548 0.17800843344022407 0.19277588917132946 0.037505513252837727 0.21584201955084867 0.26622510358654372 0.021280648130550344 0.09835541708961866 0.10574614849159464 0.24802366450821281 0.033892931397051095 0.070192098184067866 0.096436074544498387 0.037168249076246898 0.078532507801734527 0.081771822726316182 0.021796137765327146 0.24328963801728856 0.29821909300264482 0.25901650212964061 0.13696017927960544 69.489448519786734
decision_type=2 2 2 2 2 2 2 2 2 2 2 2 2 2 2 2 2 2 2 2 2 2 2 2 2 2 2 2 2 2
left_child=1 6 3 8 28 12 9 23 14 -1 -9 15 19 21 -3 -7 17 -12 -5 20 -6 -14 -10 24 -8 -23 27 -20 -4 -30
right_child=-2 2 4 18 5 11 7 10 22 -11 16 -13 13 -15 -16 -17 -18 -19 26 -21 -22 25 -24 -25 -26 -27 -28 -29 29 -31
leaf_value=-0.067440992004940289 0.036262972654929761 -0.00043175989664480429 -0.00043175989664480429 0.039004916303101163 0.0093033594784439587 0.017808458582885836 -0.00043175989664480429 -0.00043175989664480429 0.016778146499448785 -0.010639500793752664 -0.0070725011156079843 0.0093033594784439587 0.0093033594784439587 -0.00043175989664480429 0.056328085205339794 0.056341513928654906 -0.00043175989664480429 -0.00043175989664480429 0.041799297958335063 -0.00043175989664480429 -0.00043175989664480429 -0.00043175989664480429 -0.00043175989664480429 -0.00043175989664480429 -0.0070725011156079843 0.0093033594784439587 0.044565934037997246 -0.00043175989664480429 0.00037460196519364437 0.042824018167689104
leaf_weight=55.620728757232428 349.72980749979615 60.205712914466858 38520.103442490101 470.51670547574759 675.60668243467808 309.34761419892311 1158.6465864852071 2600.7581511624157 440.36051766574383 1978.555707924068 7528.4195500575006 1109.8058531880379 6678.9989593103528 1380.0712572559714 122.54031416028738 164.37820480018854 1331.1311300173402 2273.2710533961654 67.654898274689913 7093.4118710495532 317.7027408182621 862.82474378868937 900.27742139995098 19920.842966977507 6357.4105397537351 311.53143622726202 62.487189337611198 94.830790713429451 262.49594226107001 148.45205832645297
leaf_count=262 2065 374 221918 2814 3755 2020 6490 14951 2728 11612 42741 7049 38576 7719 654 1043 7541 12672 493 41756 1836 4868 5514 112779 36126 1951 342 555 1418 921
internal_value=9.03277e-06 -0.000114457 0.00151291 0.0126884 0.00108373 0.00415155 -0.00237643 -0.00188765 0.00509808 -0.0122573 -0.00521202 0.0154938 0.00311288 0.00604458 0.0353811 0.0313597 -0.0070725 -0.0070725 0.0292518 -0.000235193 0.00930336 0.00811741 0.000923564 -0.00043176 -0.00450703 -0.00043176 0.0086898 -0.00043176 -0.000406043 0.0158423
internal_weight=103608 103258 60053.6 2218.87 57834.7 18903.7 43204.7 41170.5 1523.38 2034.18 13733.6 1583.53 17320.1 9233.43 182.746 473.726 11132.8 9801.69 695.49 8086.72 993.309 7853.36 1340.64 27436.9 7516.06 1174.36 224.973 162.486 38931.1 410.948
internal_count=595543 593478 348304 13474 334830 110573 245174 233300 9270 11874 77905 10112 100461 53114 1028 3063 62954 55413 4204 47347 5591 45395 8242 155395 42616 6819 1390 1048 224257 2339
is_linear=0
shrinkage=0.03


Tree=91
num_leaves=31
num_cat=0
split_feature=12 11 15 1 5 14 11 15 4 17 17 12 16 16 14 12 12 12 14 14 14 12 2 2 2 17 14 11 16 14
split_gain=521.548 405.588 280.21 258.575 375.052 242.438 216.087 202.349 196.467 191.813 234.509 217.009 191.271 183.026 168.794 168.249 168.152 189.638 134.729 119.234 165.889 137.45 119.117 113.866 109.024 96.8929 128.995 95.7265 91.137 157.546
threshold=0.34356646944828623 10.006833685843278 0.17102959293316927 1.0000000180025095e-35 1.0000000180025095e-35 0.023060858401804111 -68.910543978746759 0.18223695970833351 1.0000000180025095e-35 0.037226504497978929 0.034554255147819839 0.24566435591684657 0.080479792829384916 0.080125732545749714 0.019653356562301116 0.25901650212964061 0.19277588917132946 0.24394233602516049 0.03264037195810051 0.031356673815006141 0.028183957248590345 0.19980707659952937 1.0000000180025095e-35 1.0000000180025095e-35 1.5000000000000002 0.037929259762363492 0.036087557309572561 31.027748941665894 0.10162544299346278 0.039179653518428212
decision_type=2 2 2 2 2 2 2 2 2 2 2 2 2 2 2 2 2 2 2 2 2 2 2 2 2 2 2 2 2 2
left_child=1 6 5 4 8 13 7 -1 23 10 11 18 16 -3 -15 25 -8 -18 -7 20 21 -9 -10 -4 -6 -14 -27 -13 29 -20
right_child=-2 2 3 -5 24 9 12 19 22 -11 -12 27 15 14 -16 -17 17 -19 28 -21 -22 -23 -24 -25 -26 26 -28 -29 -30 -31
leaf_value=-0.063213822315621102 0.036219616189471608 0.060144074864725297 0.003179105268913482 -0.00077595683330152572 0.018297396898347033 -0.00077595683330152572 -0.00077595683330152572 -0.037250967766153241 0.016162329805068352 -0.00077595683330152572 0.040082649223327327 -0.00077595683330152572 -0.00077595683330152572 0.058294306200477514 -0.00077595683330152572 -0.0071870816772656001 -0.0071870816772656001 -0.00077595683330152572 0.04008272272856965 -0.0071870816772656001 -0.035339348880660475 -0.0071870816772656001 0.0047781680377164759 -0.00077595683330152572 0.0069546495719121368 -0.0071870816772656001 -0.00077595683330152572 0.031154274509494088 -0.00077595683330152572 -0.00077595683330152572
leaf_weight=65.771061591804028 355.69609195366502 144.18844069167972 10076.014207363129 34576.15174536407 1570.6475285626948 524.9633949175477 1984.875415019691 135.73924244940281 1077.4595755152404 433.72856297716498 243.21369582787156 56.90252785384655 15468.381546486169 56.438248708844185 138.03072840347886 2224.9889258891344 6733.6983813755214 2576.2605017572641 205.19155671074986 1141.5929469577968 348.04430197551847 363.51382508128881 3553.5200368799269 14979.064734656364 1488.3394128084183 1684.5539972707629 688.08018424734473 384.35919565334916 160.61197882518172 58.857815686613321
leaf_count=337 2122 769 57448 196823 9265 3019 11728 951 6134 2726 1709 308 87472 434 734 12588 38543 14648 1358 6476 2140 2114 21309 87654 9104 9634 4228 2286 897 317
internal_value=5.70084e-05 -6.84006e-05 0.00123391 0.000874172 0.00278838 0.0112884 -0.00278582 -0.0122063 0.00175731 0.007417 0.0130238 0.00824149 -0.00216788 0.0347446 0.0154916 -0.000775957 -0.00531658 -0.00718708 0.000151018 -0.0104577 -0.0194976 -0.00835688 0.00743268 0.000707807 0.0127868 -0.000775957 -0.00718708 0.0255735 0.016139 0.0269215
internal_weight=103499 103143 69727.7 67321.2 32745 2406.49 33415.5 2054.66 29686.1 2067.83 1634.1 1390.89 31360.8 338.657 194.469 20066 11294.8 9309.96 949.625 1988.89 847.297 499.253 4630.98 25055.1 3058.99 17841 2372.63 441.262 424.661 264.049
internal_count=595275 593153 402294 387737 190914 14557 190859 12018 172545 12620 9894 8185 178841 1937 1168 113922 64919 53191 5591 11681 5205 3065 27443 145102 18369 101334 13862 2594 2572 1675
is_linear=0
shrinkage=0.03


Tree=92
num_leaves=31
num_cat=0
split_feature=6 6 10 6 9 6 9 10 10 1 16 11 6 6 17 13 11 17 12 21 14 0 12 16 16 15 11 16 15 12
split_gain=1768.82 1278.53 486.753 421.345 304.295 286.294 231.736 170.386 168.549 140.602 110.216 142.806 109.637 97.6159 91.901 130.367 83.977 78.8034 76.6358 99.6976 63.4363 61.2958 59.9498 52.3932 46.0713 60.7415 42.3793 42.3044 41.4012 41.3354
threshold=1.5000000000000002 -3.4999999999999996 12.500000000000002 -1.0000000180025095e-35 4.5000000000000009 4.5000000000000009 13.500000000000002 4.5000000000000009 3.5000000000000004 1.0000000180025095e-35 0.083152366370782618 -28.452712220560326 -5.4999999999999991 5.5000000000000009 0.027501268788154155 0.085422020660599798 79.054508292268693 0.025148183628271561 0.19333323793277743 0.22941288678309338 0.037498791736314409 3.5000000000000004 0.27508481738869722 0.089358162948736664 0.098583821318967771 0.22985206984979828 101.92822852297662 0.10234087394256457 0.22961779924247402 0.3168280324219514
decision_type=2 2 2 2 2 2 2 2 2 2 2 2 2 2 2 2 2 2 2 2 2 2 2 2 2 2 2 2 2 2
left_child=1 6 5 4 -3 8 12 -5 -2 -6 14 -12 -1 -4 15 -9 22 -17 -13 -20 -8 28 24 -22 -10 -26 -23 -14 -11 -21
right_child=2 3 13 7 9 -7 20 10 16 21 11 18 27 -15 -16 17 -18 -19 19 29 23 26 -24 -25 25 -27 -28 -29 -30 -31
leaf_value=-0.029011667594801786 0.019497063871242483 -0.0081516698654737554 0.0042040178884821498 0.0042040178884821498 -0.0011023370727174752 0.026793491462677035 -0.0081516698654737554 0.0042040178884821498 0.0045071047112283311 -0.0011023370727174752 -0.0011023370727174752 0.00065046329662166212 -0.019285101060355098 0.020892885868538089 -0.0011023370727174752 -0.0011023370727174752 0.019311948763491071 0.0042040178884821498 0.0042040178884821498 0.000671093375196019 -0.028780583083133922 -0.0064491179494549234 0.013632811032716909 -0.0088691681996494916 0.013632811032716909 0.0042040178884821498 -0.0011023370727174752 -0.0084126574270843163 -0.0051350125297561413 0.0042040178884821498
leaf_weight=1061.0991098619998 1166.1697982214391 3106.753842189908 6374.30588606745 5059.8994727730751 14585.969008415937 1520.9047832414508 1885.9720376729965 1967.0900986790657 2711.1939381286502 2720.0225863456726 2750.1654628068209 3567.3840340971947 1518.7540148645639 314.26082573458552 11528.088459953666 1642.1056884080172 683.72161607444286 991.86577276885509 11508.208299025893 12205.100353777409 244.84454737231135 8793.8750805780292 414.1626114398241 234.46623646467924 539.94767536222935 422.76454880461097 547.34531773626804 414.49565831571817 2447.5487558692694 384.13033729791641
leaf_count=22122 14256 21556 45932 22804 70442 30439 17213 8336 23701 12138 11336 15164 20706 4680 49034 6855 7648 4153 49625 52288 2339 46013 3970 2139 4921 3634 2590 5488 11346 1720
internal_value=5.88747e-05 -0.00150479 0.00991283 -0.000596153 -0.00328887 0.0151826 -0.0157072 0.00108419 0.0122006 -0.00218606 0.000450797 0.00153444 -0.0212505 0.00420402 -0.00110234 0.00323488 0.00958854 -0.00110234 0.00240326 0.00317813 -0.00867752 -0.00443035 0.00795367 -0.0191178 0.00651484 0.0121479 -0.0058805 -0.0169651 -0.00180772 0.00118022
internal_weight=103313 89165.2 14147.4 83805.6 32201.5 7458.86 5359.63 51604 5937.96 29094.8 46544.1 30415 2994.35 6688.57 16129.2 4601.06 4771.79 2633.97 27664.8 24097.4 2365.28 14508.8 4088.07 479.311 3673.91 962.712 9341.22 1933.25 5167.57 12589.2
internal_count=594588 455407 139181 385400 164085 88569 70007 221315 58130 142529 198511 130133 48316 50612 68378 19344 43874 11008 118797 103633 21691 72087 36226 4478 32256 8555 48603 26194 23484 54008
is_linear=0
shrinkage=0.03


Tree=93
num_leaves=31
num_cat=0
split_feature=6 6 9 10 1 5 5 2 2 6 6 6 3 6 10 11 21 3 6 9 15 6 6 0 9 3 21 3 0 6
split_gain=1647.83 1281.21 431.795 335.751 327.479 313.66 230.013 228.597 214.518 199.813 162.894 150.532 112.041 111.635 115.053 99.4333 85.8349 84.0866 77.8486 72.6889 70.9506 69.5921 68.9564 51.5436 51.3146 50.3702 49.2109 44.2004 43.6129 40.774
threshold=2.5000000000000004 -2.4999999999999996 8.5000000000000018 7.5000000000000009 1.0000000180025095e-35 1.0000000180025095e-35 1.0000000180025095e-35 1.0000000180025095e-35 1.0000000180025095e-35 -5.4999999999999991 1.0000000180025095e-35 5.5000000000000009 1.0000000180025095e-35 -1.0000000180025095e-35 4.5000000000000009 49.985247704028104 0.22730316880013876 1.0000000180025095e-35 -1.0000000180025095e-35 16.500000000000004 0.24484023041117267 -5.4999999999999991 1.0000000180025095e-35 8.5000000000000018 16.500000000000004 1.0000000180025095e-35 0.29288087598533835 1.0000000180025095e-35 5.5000000000000009 4.5000000000000009
decision_type=2 2 2 2 2 2 2 2 2 2 2 2 2 2 2 2 2 2 2 2 2 2 2 2 2 2 2 2 2 2
left_child=1 2 21 29 5 7 8 12 17 24 16 15 22 28 -15 -5 -9 18 -6 -12 -11 -1 26 -23 -4 -16 -3 -18 -10 -2
right_child=3 4 9 11 6 -7 -8 10 13 20 19 -13 -14 14 25 -17 27 -19 -20 -21 -22 23 -24 -25 -26 -27 -28 -29 -30 -31
leaf_value=-0.030184323360083615 0.020344771254113277 0.0017641442413460409 -0.026241420818824978 0.0063563507607383935 -0.0054435203329167275 0.0063563507607383935 -0.0054435203329167275 0.00014287939976915414 -0.00038952845724493814 -0.0054435203329167275 0.0063563507607383935 0.022711898098275177 0.0063563507607383935 0.0063563507607383935 0.0025566373068263422 0.014527922456091243 -0.0054435203329167275 -0.0054435203329167275 -0.00078843868069289054 0.00070045820513899004 -0.010825965485561289 -0.014672597778972065 0.0063563507607383935 -0.024451066172200237 -0.013194381887333408 -9.9496446515291718e-06 -0.0054435203329167275 -0.0012686942805905346 -0.004977826960579656 0.029044131201872918
leaf_weight=634.64480509236455 1165.2338714040816 8102.0139288976789 570.56420271471143 3026.1531549915671 3086.7106839716434 3763.8610922470689 3946.3468739911914 7805.31240131706 4833.2015008628368 4625.3595933541656 3033.7832522317767 693.71261765062809 3096.4154066294432 1660.9393387064338 10669.754578016698 1461.5891688652337 6339.9164323583245 3172.1504268497229 8836.4385623335838 2794.0722410604358 2218.928287230432 1185.94528670609 2314.5320375859737 820.08867783099413 332.65571577847004 5237.1900566294789 559.38782156258821 3298.3153959289193 3033.7992817163467 873.38274012878537
leaf_count=14011 18066 35139 11087 26450 14857 17897 18223 33637 21469 33015 18316 12325 14331 8937 47639 16798 28107 14543 39731 14234 16916 14543 13044 12034 4286 23321 2590 14676 16102 18808
internal_value=-3.34372e-05 -0.00107335 -0.0110214 0.0137861 0.000134369 0.0020646 -0.00164967 0.00108031 -0.000871486 -0.00744716 -0.000744948 0.00972171 0.00409841 0.000809923 0.00213986 0.00770447 -0.0021957 -0.00370431 -0.00225283 0.00359662 -0.00569328 -0.0214944 0.00239036 -0.0187178 -0.0206955 0.00124276 0.00115018 -0.00408919 -0.00215976 0.0240966
internal_weight=103192 95972.3 10388.2 7220.07 85584.1 41107.6 44476.5 37343.7 40530.2 7747.51 23271.4 5181.45 14072.3 25434.9 17567.9 4487.74 17443.5 15095.3 11923.1 5827.86 6844.29 2640.68 10975.9 2006.03 903.22 15906.9 8661.4 9638.23 7867 2038.62
internal_count=595132 502685 105892 92447 396793 191971 204822 174074 186599 65304 108970 55573 65104 117468 79897 43248 76420 69131 54588 32550 49931 40588 50773 26577 15373 70960 37729 42783 37571 36874
is_linear=0
shrinkage=0.03


Tree=94
num_leaves=31
num_cat=0
split_feature=6 6 10 6 6 9 9 10 11 1 13 6 16 16 11 16 11 16 15 0 6 11 16 13 17 17 15 16 15 6
split_gain=1640.91 1175.45 482.474 337.589 331.849 285.017 219.541 185.308 129.884 119.078 107.662 105.951 102.343 105.327 117.611 85.6447 79.6134 75.8003 71.7838 63.231 62.7373 47.2989 47.2213 42.8428 60.2376 44.234 41.0814 38.4871 36.7667 33.9431
threshold=1.5000000000000002 -3.4999999999999996 4.5000000000000009 -1.0000000180025095e-35 4.5000000000000009 4.5000000000000009 13.500000000000002 4.5000000000000009 46.79971808462745 1.0000000180025095e-35 0.070126330525460842 -5.4999999999999991 0.088200443372480744 0.091113301219882634 65.054507210339935 0.068618792067243056 21.066316802066698 0.084754773995779048 0.19700246810339397 3.5000000000000004 -7.4999999999999991 -23.298200680903388 0.10208665406598953 0.098759188132145445 0.034460705244934053 0.021796137765327146 0.22853728426889713 0.10965315181231929 0.17456992868999435 2.5000000000000004
decision_type=2 2 2 2 2 2 2 2 2 2 2 2 2 2 2 2 2 2 2 2 2 2 2 2 2 2 2 2 2 2
left_child=1 6 29 5 8 -3 11 -5 -4 -7 15 -1 -12 -14 18 -9 -6 -10 -15 -11 -8 -22 -13 24 25 -21 -19 -17 -27 -2
right_child=2 3 4 7 16 9 20 10 17 19 12 22 13 14 -16 27 -18 26 -20 23 21 -23 -24 -25 -26 28 -28 -29 -30 -31
leaf_value=-0.02872857434417379 0.018758121788062014 -0.0080033309043780042 0.0040008022405141185 0.0040008022405141185 0.012835781196437357 -0.0011246506904275522 -0.027820052832844191 -0.0011246506904275522 0.0071137121488061162 -0.001483493084325089 -0.0011246506904275522 -0.019176552679581901 0.0040008022405141185 0.0014721418443549364 0.0040008022405141185 0.0040008022405141185 0.025273783495686864 0.012835781196437357 -0.0011246506904275522 -0.0011246506904275522 -0.017911691868611097 -0.0080033309043780042 -0.0080033309043780042 -0.0080033309043780042 -0.0011246506904275522 -0.0011246506904275522 0.0071137121488061162 -0.0011246506904275522 -0.0079770990924383847 0.027271838893323474
leaf_weight=1008.8601677641273 723.18851257860661 3079.1676391065121 6982.9465604647994 5102.1124025583267 554.49501958861947 14573.273034758866 143.55913503840566 631.12535519897938 1307.9771853387356 5204.393920570612 19232.882458984852 1455.8496841229498 2798.3194882273674 1874.2569684386253 4193.1340132653713 4489.6355334371328 1017.9832968190312 1540.3715597055852 12653.130516037345 497.87590286880732 336.46016790345311 1858.1348503828049 417.342838332057 2581.4549112096429 1914.9812880977988 157.11321939527988 741.79769079759717 737.77482302486897 4157.7533749416471 1099.0880661047995
leaf_count=22149 6856 21532 50149 23046 8714 70527 2168 2718 12107 23694 81449 20365 11929 7967 18971 19535 19229 14789 53057 2628 3500 16091 5626 13641 9772 767 6842 3248 21858 20696
internal_value=-2.95956e-05 -0.00152842 0.00953003 -0.000668631 0.00736782 -0.00308171 -0.015338 0.000832406 0.00545317 -0.00203599 0.000164631 -0.0208785 -0.000382113 0.00118278 0.000233442 0.00396659 0.0202184 0.0102266 -0.00105652 -0.00413258 -0.00849675 -0.00800333 -0.0166245 -0.00561295 -0.00430815 -0.00616708 0.0128358 0.0040008 -0.007255 0.0239174
internal_weight=103066 89098.6 13967.8 83878.4 12145.6 32166 5220.21 51712.4 10573.1 29086.8 46610.3 2882.05 40751.7 21518.8 18720.5 5858.54 1572.48 3590.15 14527.4 14513.6 2338.15 2194.6 1873.19 9309.18 6727.72 4812.74 2282.17 5227.41 4314.87 1822.28
internal_count=595620 456238 139382 386339 111830 164419 69899 221920 83887 142887 198874 48140 173373 91924 79995 25501 27943 33738 61024 72360 21759 19591 25991 48666 35025 25253 21631 22783 22625 27552
is_linear=0
shrinkage=0.03


Tree=95
num_leaves=31
num_cat=0
split_feature=6 6 9 10 6 10 13 6 11 16 16 12 6 6 11 12 12 9 10 13 12 17 11 10 12 16 11 9 11 17
split_gain=1521.46 1212.44 410.505 328.199 305.367 214.38 155.911 153.877 141.048 146.61 148.75 155.002 137.322 125.471 102.777 97.1076 92.1915 74.1919 72.8046 70.9007 90.6097 58.205 49.5867 48.6136 45.7074 147.458 44.5446 42.8681 40.8082 38.9211
threshold=2.5000000000000004 -2.4999999999999996 10.500000000000002 6.5000000000000009 1.0000000180025095e-35 13.500000000000002 0.070126330525460842 5.5000000000000009 99.143032179048319 0.084912013066054864 0.066927255083167422 0.197275729730025 -5.4999999999999991 -4.4999999999999991 -39.784765227880136 0.258050753758025 0.21104346249751751 4.5000000000000009 16.500000000000004 0.092942709985358959 0.23722606758203554 0.037929259762363492 25.665165777362407 3.5000000000000004 0.21104346249751751 0.10486793288122796 -12.349392446499449 16.500000000000004 29.525582548008064 0.040774252776616095
decision_type=2 2 2 2 2 2 2 2 2 2 2 2 2 2 2 2 2 2 2 2 2 2 2 2 2 2 2 2 2 2
left_child=1 2 13 -2 6 22 24 16 9 10 19 21 27 -1 -11 -16 -5 -15 -18 -8 -21 -12 23 -6 25 -3 -14 -4 -19 -9
right_child=3 4 12 7 5 -7 8 29 -10 14 11 -13 26 17 15 -17 18 28 -20 20 -22 -23 -24 -25 -26 -27 -28 -29 -30 -31
leaf_value=-0.026472744556998485 0.024393339473008091 -0.0052904692181916435 -0.026005857095673109 0.0062217176339022908 0.0045480388379262214 0.0013098875012574666 -0.00030251890445207687 0.026219476118307834 0.0013098875012574666 -0.0052904692181916435 -0.00030251890445207687 -0.0052904692181916435 -0.01127637018263559 -0.020607052360753445 -0.00030251890445207687 -0.0027964940613218604 0.014857908192363194 -0.015469832587018477 0.0062217176339022908 -0.0052904692181916435 -0.00030251890445207687 -0.0052904692181916435 0.0062217176339022908 0.0013098875012574666 0.0013098875012574666 0.0013098875012574666 -0.0052904692181916435 -0.012132138727748241 -0.0058643624889592808 0.01518422616752897
leaf_weight=1271.6350654996932 1823.39009937644 1888.9207370057702 369.34899691492319 1297.0342246778309 791.56393597275019 10587.328460797668 2409.1090176105499 617.61059525609016 3448.2595667541027 2315.2161480113864 2455.286553055048 14347.316570542753 1157.0750398263335 739.84571092948318 24682.925200909376 5205.8368868157268 2106.9801181256771 856.42238423228264 1142.8262258470058 1318.3705371022224 802.79233880341053 529.62547387927771 4988.1441370770335 3529.0457128956914 5560.5730330720544 572.43446655571461 4748.319422185421 325.14040790125728 749.42340578883886 75.214088287204504
leaf_count=26778 34589 8268 7148 11845 5273 53676 10557 11493 15211 10450 10827 62771 9188 10290 107126 22665 22908 9344 10209 5864 3507 2345 32768 18978 23982 2475 31844 4289 7132 1442
internal_value=6.51457e-07 -0.000991644 -0.0107574 0.0134351 0.000176508 0.00343152 -0.000811746 0.00961378 -0.00144126 -0.00191493 -0.00381083 -0.00512415 -0.00630242 -0.0188778 -0.000627683 -0.000302519 0.00760025 -0.0147414 0.0115319 -0.000302519 -0.00529047 -0.000302519 0.00622172 0.00287436 0.00130989 -0.00463345 -0.00529047 -0.0189738 -0.011 0.0227682
internal_weight=102713 95650 10217.2 7063.06 85432.7 19896.1 65536.7 5239.67 57514.7 54066.5 21862.5 17332.2 6599.88 3617.33 32204 29888.8 4546.84 2345.69 3249.81 4530.27 2121.16 2984.91 9308.75 4320.61 8021.93 2461.36 5905.39 694.489 1605.85 692.825
internal_count=595242 502756 106013 92486 396743 110695 286048 57897 251323 236112 95871 75943 52469 53544 140241 129791 44962 26766 33117 19928 9371 13172 57019 24251 34725 10743 41032 11437 16476 12935
is_linear=0
shrinkage=0.03


Tree=96
num_leaves=31
num_cat=0
split_feature=12 26 5 5 9 7 4 2 2 2 11 4 2 13 4 21 3 11 0 17 14 17 0 16 14 12 12 17 14 15
split_gain=475.903 402.014 478.499 403.463 305.814 279.938 242.383 203.151 190.131 189.577 166.669 162.778 159.74 127.824 113.577 104.967 94.0016 86.7128 82.4913 77.5817 84.8537 84.0733 71.9511 68.0692 108.556 117.161 148.478 147.219 105.168 90.7332
threshold=0.34356646944828623 1.0000000180025095e-35 1.0000000180025095e-35 1.0000000180025095e-35 2.5000000000000004 1.0000000180025095e-35 1.0000000180025095e-35 1.5000000000000002 1.0000000180025095e-35 1.5000000000000002 26.779111194354986 1.0000000180025095e-35 1.0000000180025095e-35 0.087856220609525609 1.0000000180025095e-35 0.24527214974634995 1.0000000180025095e-35 9.0239506945936245 9.5000000000000018 0.028495944051732006 0.046189505838202333 0.022954179582427427 7.5000000000000009 0.086641037888124092 0.036385459276618286 0.23464919088815003 0.20881364478427236 0.038797098986297802 0.037498791736314409 0.22396457944673256
decision_type=2 2 2 2 2 2 2 2 2 2 2 2 2 2 2 2 2 2 2 2 2 2 2 2 2 2 2 2 2 2
left_child=1 2 4 8 5 -1 10 -5 11 22 19 16 -8 15 17 -12 -3 -10 -16 20 -6 -22 -4 24 29 26 -26 -28 -27 -21
right_child=-2 3 9 7 6 -7 12 -9 14 -11 13 -13 -14 -15 18 -17 -18 -19 -20 23 21 -23 -24 -25 25 28 27 -29 -30 -31
leaf_value=0.0041285133503948411 0.035053797800131667 -0.0014692888127151014 0.014642735686611251 -0.016130817290659349 0.00034759642669734367 -0.023190093720409713 0.014910861831871638 -0.003845036965071475 -0.0013679327723904293 0.0048348637431021085 0.0067141131901194313 -0.012369104041309569 0.0040398629992983576 0.00034759642669734367 -0.004182248875954149 0.00034759642669734367 -0.007333418685435941 0.0024901295196311495 0.013516433876713311 -0.0083763896573694555 0.00034759642669734367 -0.030637982020725506 0.028453877343791577 -0.00086155846691095544 -0.0079578015594251351 -0.034385912424509814 -0.040990381149590818 -0.00019975334290308792 0.00034759642669734367 0.00034759642669734367
leaf_weight=546.70848707854748 346.57750734686852 13023.605159088969 1922.7921846956015 2476.9307979084551 6989.8580434285104 878.33058239519596 1605.3169204220176 2372.0098535679281 7605.0482111088932 2195.0120782479644 7111.3675774820149 1686.9848989769816 5014.1736242286861 9672.0133549943566 5444.7963024489582 2513.9637476876378 3031.6582015678287 16872.179211132228 245.87475652620196 1678.65983325243 65.38392785936594 157.45766504481435 414.71681668236852 5036.6040677018464 538.21482560038567 76.494122885167599 337.96681362390518 104.01532225683331 364.40423161163926 2168.6807267032564
leaf_count=2252 2083 73851 10902 14210 39629 9037 9231 14033 43724 13521 42360 9331 29874 56488 31864 14381 17368 97529 1159 9374 422 1007 2965 28520 3106 399 1936 597 2015 12275
internal_value=6.00004e-05 -5.94101e-05 0.00188564 -0.00188034 0.000946821 -0.0127184 0.00139573 -0.0101249 -0.00104552 0.0111729 0.000445293 -0.00350968 0.00667994 0.00236838 0.000403829 0.00483487 -0.00257737 0.00129142 -0.00341307 -0.00167319 0.000347596 -0.0182098 0.0171153 -0.00335586 -0.00573917 -0.0128191 -0.0185864 -0.0314349 2.84494e-05 -0.00311873
internal_weight=102498 102151 49392.1 52759.1 44859.6 1425.04 43434.6 4848.94 47910.1 4532.52 36815.1 17742.2 6619.49 19297.3 30167.9 9625.33 16055.3 24477.2 5690.67 17517.7 7212.7 222.842 2337.51 10305 5268.44 1421.1 980.197 441.982 440.898 3847.34
internal_count=595443 593360 290291 303069 262903 11289 251614 28243 274826 27388 212509 100550 39105 113229 174276 56741 91219 141253 33023 99280 41058 1429 13867 58222 29702 8053 5639 2533 2414 21649
is_linear=0
shrinkage=0.03


Tree=97
num_leaves=31
num_cat=0
split_feature=6 6 9 6 10 6 10 12 13 6 16 12 12 12 15 15 0 12 16 13 14 17 16 13 6 13 14 13 12 16
split_gain=1457.22 1095.45 556.095 317.058 341.433 270.195 144.427 130.181 126.307 125.672 122.248 98.4427 89.1165 109.57 85.639 85.0167 80.8143 74.3555 72.6174 97.0914 69.0128 71.4155 68.3956 84.6062 68.2447 66.1986 61.264 56.8338 55.7807 67.6445
threshold=-1.4999999999999998 3.5000000000000004 7.5000000000000009 1.0000000180025095e-35 4.5000000000000009 -4.4999999999999991 10.500000000000002 0.27508481738869722 0.070126330525460842 -5.4999999999999991 0.084912013066054864 0.1871950358960853 0.258050753758025 0.19980707659952937 0.2099393680336529 0.23913086926274743 8.5000000000000018 0.27508481738869722 0.083489245843319307 0.11539268489154882 0.045150344511471062 0.044610796766958193 0.06625689211721851 0.098989905815499143 -6.4999999999999991 0.073422256988720805 0.03230085039418925 0.10213783024448315 0.21104346249751751 0.10547876660360044
decision_type=2 2 2 2 2 2 2 2 2 2 2 2 2 2 2 2 2 2 2 2 2 2 2 2 2 2 2 2 2 2
left_child=2 3 9 8 -5 24 -3 15 28 -1 11 -10 13 14 -12 -6 -11 -14 27 -20 21 -7 23 -13 -4 -15 -26 -17 29 -2
right_child=1 6 5 4 7 20 -8 -9 10 16 12 22 17 25 -16 18 -18 -19 19 -21 -22 -23 -24 -25 26 -27 -28 -29 -30 -31
leaf_value=-0.030497776535921742 -0.0026821488654175931 0.023822625066189967 -0.024980983219086178 0.0094692572452936431 0.0019537646007807274 -0.0026821488654175931 0.011905367725929896 0.0094692572452936431 0.0019537646007807274 -0.010896583089611864 0.0019537646007807274 0.0019537646007807274 -0.0026821488654175931 -0.0026821488654175931 -0.0026821488654175931 0.0094692572452936431 -0.020075665653152639 0.0019537646007807274 0.0019537646007807274 0.0094692572452936431 -0.0093651926763264424 -0.0093651926763264424 -0.0026821488654175931 -0.0026821488654175931 -0.0093651926763264424 0.0019537646007807274 -0.018455143165573385 0.0019537646007807274 0.0019537646007807274 0.0019537646007807274
leaf_weight=546.28364707529545 1610.649078130722 1828.6748709715903 496.4850942119956 2379.2665833495557 12510.246534734964 13168.986814983189 1846.3301943875849 2141.8589679598808 2080.3297295570374 1938.2749900966883 1605.3408169448376 2069.3965029418468 2569.7491420209408 830.49819694459438 3916.4034634083509 1858.599314276129 1570.5698427855968 2482.4847941100597 3561.9805021174252 279.55217381194234 462.17183864116669 381.14788556843996 14115.122156754136 1040.7356591969728 811.31932290270925 18037.056932538748 527.31182641535997 463.93498927354813 4915.7685833573341 467.65655153989792
leaf_count=13099 6767 37280 9369 19698 74406 76216 23669 13683 8810 19083 6777 8711 10797 3491 16460 10533 18087 10448 20194 1578 2866 2095 59402 4379 9916 75741 6868 2439 20669 1958
internal_value=8.34012e-05 0.00183903 -0.00720333 0.00109341 0.00404064 -0.00466546 0.0178451 0.00256946 -0.000133111 -0.0171141 -0.000750287 -0.00260542 0.00046627 0.00122356 -0.00254161 0.00195376 -0.0150143 -0.00268215 0.0054922 0.00295577 -0.00324664 -0.0027842 -0.00268215 0.00195376 -0.0154837 0.00195376 -0.0119293 0.00946926 0.00195376 -0.00268215
internal_weight=102514 82611.6 19902.6 78936.6 23195.4 15847.4 3675.01 20816.2 55741.2 4055.13 48747.1 19305.6 29441.5 24389.3 5521.74 18674.3 3508.84 5052.23 6164.07 3841.53 14012.3 13550.1 17225.3 3110.13 1835.12 18867.6 1338.63 2322.53 6994.07 2078.31
internal_count=595489 437890 157599 376941 142531 107330 60949 122833 234410 50269 205016 81302 123714 102469 23237 109150 37170 21245 34744 21772 81177 78311 72492 13090 26153 79232 16784 12972 29394 8725
is_linear=0
shrinkage=0.03


Tree=98
num_leaves=31
num_cat=0
split_feature=6 6 6 10 10 0 0 12 11 12 15 11 6 6 6 15 11 11 10 12 6 15 15 15 12 12 14 11 12 14
split_gain=1415.33 1063.01 384.383 301.592 296.883 256.688 231.8 152.202 116.891 108.63 108.104 103.425 94.3363 93.5259 84.0447 77.0668 69.6318 53.0621 52.6476 51.0991 51.5299 41.9195 131.444 41.7062 48.5873 36.7277 35.5294 33.5939 31.6074 30.373
threshold=2.5000000000000004 -3.4999999999999996 -1.0000000180025095e-35 9.5000000000000018 4.5000000000000009 5.5000000000000009 5.5000000000000009 0.3168280324219514 83.147873333427597 0.23263776530552557 0.20133451414436612 47.265235762118557 4.5000000000000009 -5.4999999999999991 -1.4999999999999998 0.29234939425386608 -23.298200680903388 -74.452390274339777 4.5000000000000009 0.27223233144453551 5.5000000000000009 0.23913086926274743 0.2638666867191472 0.22270855314785712 0.25752731697955794 0.21104346249751751 0.03459782142952534 93.196143366175093 0.28551534059993966 0.026013735816350986
decision_type=2 2 2 2 2 2 2 2 2 2 2 2 2 2 2 2 2 2 2 2 2 2 2 2 2 2 2 2 2 2
left_child=1 6 5 12 -4 15 16 8 10 -10 -6 29 18 -8 -7 17 -1 -3 -2 20 -13 -12 -23 -16 -25 -20 -18 -15 -11 -5
right_child=3 2 4 11 7 14 13 -9 9 28 21 19 -14 27 23 -17 26 -19 25 -21 -22 22 -24 24 -26 -27 -28 -29 -30 -31
leaf_value=-0.020362683227758416 0.022046379410583638 -0.0072656048558322524 0.0060982792392017442 0.010445816280671105 0.0019789667288589974 -0.0072656048558322524 -0.028265802166101625 0.0060982792392017442 0.0019789667288589974 0.0060982792392017442 -0.00078825877985889319 0.010445816280671105 0.027737759562320809 -0.017565229295171954 -0.0054047388407928382 -0.0072656048558322524 -0.0072656048558322524 -0.00078825877985889319 0.0060982792392017442 0.027811844984524128 0.028313612467654643 0.0019789667288589974 -0.00078825877985889319 -0.00078825877985889319 -0.0054047388407928382 0.016058737444722825 -0.013814144041795335 -0.0072656048558322524 0.0019789667288589974 0.0060982792392017442
leaf_weight=365.25020082294941 563.07208532094955 277.41609296947718 5762.6971601322293 522.49865428358316 8626.9784849658608 5946.7269861735404 909.61763583123684 845.83994174748659 2719.6773519143462 2776.3562055155635 20050.648661024868 1031.657902713865 1069.9278900139034 1634.5941030234098 2786.5910791456699 1057.68249553442 1428.7607854157686 18210.016508638859 337.68348785489798 226.98945681750774 156.25823882594705 9939.3228799402714 7296.9005386605859 3038.0424060225487 643.16965651512146 827.66048612445593 600.46859709173441 102.06005317345262 409.3497449606657 2161.2682557143271
leaf_count=4138 9644 1571 29789 4955 39366 42728 21619 4104 13672 14218 89643 11590 24801 24084 13173 5289 13243 83802 4165 2989 3051 43993 31985 14593 3052 11246 5652 1303 2053 19972
internal_value=1.16039e-05 -0.000937036 -0.00018916 0.0131336 0.00125774 -0.00283426 -0.014342 0.000524298 0.000248392 0.0042206 -0.000262671 0.00794383 0.0207238 -0.0204597 -0.00620872 -0.000788259 -0.00756961 -0.000788259 0.016355 0.0147934 0.0122632 -0.000788259 0.000721823 -0.00354387 -0.00136871 0.0125892 -0.0072656 -0.0163433 0.00609828 0.00609828
internal_weight=102325 95428.2 90387.4 6897.02 58427.8 31959.6 5040.75 52665.1 51819.2 5905.38 45913.9 4098.67 2798.34 2646.27 12414.5 19545.1 2394.48 18487.4 1728.42 1414.91 1187.92 37286.9 17236.2 6467.8 3681.21 1165.34 2029.23 1736.65 3185.71 2683.77
internal_count=595483 503070 433031 92413 268823 164208 70039 239034 234930 29943 204987 42557 49856 47006 73546 90662 23033 85373 25055 17630 14641 165621 75978 30818 17645 15411 18895 25387 16271 24927
is_linear=0
shrinkage=0.03


Tree=99
num_leaves=31
num_cat=0
split_feature=6 6 0 10 1 4 4 6 6 6 6 3 6 10 12 13 11 12 0 11 0 3 0 11 15 10 9 6 17 6
split_gain=1347.38 1074.17 390.928 295.125 262.236 349.451 259.942 204.725 150.74 134.245 132.345 116.161 108.783 94.0625 90.681 81.8599 79.8154 77.3445 73.5485 69.2369 65.3522 63.3284 61.4701 54.7115 50.6438 50.2078 46.4853 43.5831 42.3847 41.4549
threshold=2.5000000000000004 -2.4999999999999996 6.5000000000000009 7.5000000000000009 1.0000000180025095e-35 1.0000000180025095e-35 1.0000000180025095e-35 1.0000000180025095e-35 -1.0000000180025095e-35 5.5000000000000009 -5.4999999999999991 1.0000000180025095e-35 -5.4999999999999991 2.5000000000000004 0.21104346249751751 0.070126330525460842 20.622377567180028 0.3168280324219514 8.5000000000000018 99.143032179048319 4.5000000000000009 1.0000000180025095e-35 4.5000000000000009 34.527997425208135 0.24484023041117267 17.500000000000004 23.500000000000004 -1.0000000180025095e-35 0.040774252776616095 4.5000000000000009
decision_type=2 2 2 2 2 2 2 2 2 2 2 2 2 2 2 2 2 2 2 2 2 2 2 2 2 2 2 2 2 2
left_child=1 2 10 29 5 7 8 11 20 14 25 15 -4 -10 -5 -3 -16 21 -14 26 -6 23 -9 -15 -12 -1 27 -17 -11 -2
right_child=3 4 12 9 6 -7 -8 22 13 28 24 -13 18 17 16 19 -18 -19 -20 -21 -22 -23 -24 -25 -26 -27 -28 -29 -30 -31
leaf_value=-0.024278762985372522 0.019241750529110029 0.0020307127490689436 -0.029255773020964698 0.0060037042375509983 -0.0012004857212036728 0.0060037042375509983 -0.005027651643514962 0.0020307127490689436 0.0060037042375509983 0.025997535776362685 -0.005027651643514962 0.0020307127490689436 -0.012528762822220856 -0.00024913276263809178 0.0060037042375509983 -0.005027651643514962 0.014595895376688071 0.0060037042375509983 -0.022562437922940302 0.0020307127490689436 -0.005027651643514962 -0.0012004857212036728 0.0060037042375509983 0.0030784890768897496 -0.0099440707862627105 -0.011802394417756355 -0.00073806376206795427 -0.0021300931603100508 0.014595895376688071 0.028464171113857743
leaf_weight=493.32605175673962 1073.2992564700544 2285.6187042966485 698.94473621621728 1231.8298671431839 5008.531059846282 7389.2909271940589 7820.041031755507 4167.5729436129332 975.44737979024649 561.43406635709107 4064.9331091232598 7185.2588113769889 1804.668928951025 10046.376519203186 1107.7592332735658 5634.3477683439851 1986.773675121367 401.35657502710819 752.97664309479296 972.24578119814396 5585.8686147928238 6523.0293560922146 3629.6364368498325 7975.9319793507457 1923.1790530979633 193.96955281868577 4433.777949616313 5210.5331588387489 69.984768971800804 775.50286708213389
leaf_count=9383 18030 9925 17503 11297 22156 35109 36108 21456 5323 10912 28142 31476 21803 43655 9503 27190 22408 1932 12009 4304 28918 29270 22643 37541 14293 2632 18427 21301 1384 18790
internal_value=1.86181e-05 -0.000903637 -0.0102396 0.012911 0.000184327 0.00191652 -0.00141394 0.000547332 -0.000309285 0.00908998 -0.00607938 -0.000743604 -0.0187584 0.000922969 0.00719732 -0.00200906 0.0113301 0.0005065 -0.0158691 -0.00278055 -0.00332394 0.000211293 0.00480503 0.00122371 -0.00502765 -0.0185771 -0.00332648 -0.00438439 0.0219945 0.0231368
internal_weight=101983 95176.9 9932 6806.58 85244.9 40908.3 44336.6 33519 36516.5 4957.78 6675.41 25721.8 3256.59 25922.1 4326.36 18536.5 3094.53 24946.7 2557.65 16250.9 10594.4 24545.3 7797.21 18022.3 5988.11 687.296 15278.7 10844.9 631.419 1848.8
internal_count=594823 502499 105765 92324 396734 191831 204903 156722 168795 55504 54450 112623 51315 117721 43208 81147 31911 112398 33812 71222 51074 110466 44099 81196 42435 12015 66918 48491 12296 36820
is_linear=0
shrinkage=0.03


Tree=100
num_leaves=31
num_cat=0
split_feature=6 6 6 6 0 20 0 1 11 15 0 2 11 0 11 12 6 6 11 17 3 12 15 16 13 16 15 16 0 21
split_gain=1303.15 954.605 392.206 274.486 269.941 203.055 201.68 126.559 122.213 104.704 102.569 92.5095 86.5296 84.5628 79.454 78.883 67.1232 56.8884 56.2686 47.0114 46.1934 45.6688 44.1325 41.5762 88.7712 78.9707 33.4854 30.8155 29.3212 29.1502
threshold=1.5000000000000002 -3.4999999999999996 4.5000000000000009 -1.0000000180025095e-35 7.5000000000000009 1.0000000180025095e-35 6.5000000000000009 1.0000000180025095e-35 8.5159193889921898 0.29234939425386608 4.5000000000000009 1.5000000000000002 79.868749167444108 5.5000000000000009 -74.452390274339777 0.1871950358960853 -7.4999999999999991 -5.4999999999999991 82.36114706545915 0.028858418764761952 1.0000000180025095e-35 0.20801795358534322 0.24484023041117267 0.084754773995779048 0.092942709985358959 0.081158548669436767 0.26874842803088256 0.10234087394256457 2.5000000000000004 0.19684279677902489
decision_type=2 2 2 2 2 2 2 2 2 2 2 2 2 2 2 2 2 2 2 2 2 2 2 2 2 2 2 2 2 2
left_child=1 6 5 4 9 8 15 10 19 14 18 -9 -7 -4 -3 28 -17 -8 20 -2 29 -14 -18 24 25 -16 -10 -19 -1 -5
right_child=2 3 13 7 -6 12 17 11 26 -11 -12 -13 21 -15 23 16 22 27 -20 -21 -22 -23 -24 -25 -26 -27 -28 -29 -30 -31
leaf_value=-0.0074097120856911215 0.0088963629011858635 -0.0074097120856911215 0.013954692642932807 0.0018309207039683543 -0.0074097120856911215 0.0036506206330887917 -0.029029494590179838 -0.0010139765494673585 0.013954692642932807 -0.0074097120856911215 0.0036506206330887917 0.0022651956743465055 0.0081653485179744006 0.026315394416870405 -0.0010139765494673585 -0.025843598846102291 -0.0074097120856911215 -0.0206011370257012 0.0036506206330887917 0.0036506206330887917 0.0018309207039683543 0.013954692642932807 -0.014830311397513991 -0.0010139765494673585 -0.00421184431757924 -0.00421184431757924 0.0088963629011858635 -0.0086129437525851674 -0.025121150943787265 -0.0010139765494673585
leaf_weight=68.025049392133951 597.72672751545906 382.25492952764034 719.51779665797949 1411.6443000733852 5309.3035901598632 6067.7236086502671 680.04589731805027 19498.917123839259 2976.8929981589317 1433.1016641706228 8174.6845379918814 8124.5772512555122 178.63365942984819 1170.7052066083997 4588.0792993381619 176.40297697857022 1702.5250898525119 889.77108780108392 1911.5586921721697 745.63264119997621 4439.6839696764946 781.19114258140326 777.94078034162521 14899.120027080178 4188.8479412198067 1133.4834625050426 255.69321966171265 251.62797885015607 352.89072782173753 7984.8048938959837
leaf_count=607 5622 2231 11259 6019 36196 42534 17486 82556 33816 7429 37151 34816 1551 27829 21998 3294 16686 15497 8924 6749 18758 7477 8096 70809 20522 5370 2678 4157 4124 33372
internal_value=-2.78738e-05 -0.00135373 0.00865498 -0.000598255 -0.00278371 0.00658834 -0.0142212 0.000755753 0.0115121 -0.00151096 0.00235304 -0.000627595 0.00365062 0.021321 -0.00104424 -0.00952852 -0.00760568 -0.0221314 0.000748804 0.00383803 1.12208e-05 0.0126801 -0.00740971 -0.00101398 -0.00299501 -0.00101398 0.0139547 -0.017978 -0.0215724 -0.00101398
internal_weight=101873 88379.3 13493.7 83480.1 31934.2 11603.5 4899.23 51545.9 4575.95 26624.9 23922.4 27623.5 7027.55 1890.22 25191.8 3077.78 2656.87 1821.44 15747.7 1343.36 13836.1 959.825 2480.47 24809.5 9910.41 5721.56 3232.59 1141.4 420.916 9396.45
internal_count=595613 456098 139515 386151 164555 100427 69947 221596 48865 128359 104224 117372 51562 39088 120930 32807 28076 37140 67073 12371 58149 9028 24782 118699 47890 27368 36494 19654 4731 39391
is_linear=0
shrinkage=0.03


Tree=101
num_leaves=31
num_cat=0
split_feature=6 6 1 4 10 4 9 6 6 2 2 6 21 2 6 6 14 10 21 0 5 10 0 0 11 12 13 16 14 13
split_gain=1192.23 928.385 317.9 365.305 313.297 294.109 212.028 200.67 180.357 153.369 133.398 131.189 105.639 101.815 100.008 94.1949 65.9186 64.1166 61.7717 60.6601 60.2926 54.7676 54.0059 53.9118 53.8269 50.1074 49.83 48.0211 45.1727 40.6114
threshold=2.5000000000000004 -3.4999999999999996 1.0000000180025095e-35 1.0000000180025095e-35 13.500000000000002 1.0000000180025095e-35 13.500000000000002 1.0000000180025095e-35 -1.4999999999999998 1.0000000180025095e-35 1.0000000180025095e-35 4.5000000000000009 0.2279610474880239 1.5000000000000002 -5.4999999999999991 1.0000000180025095e-35 0.037498791736314409 4.5000000000000009 0.29288087598533835 3.5000000000000004 1.0000000180025095e-35 13.500000000000002 6.5000000000000009 6.5000000000000009 100.41498684734496 0.21104346249751751 0.078325505017673117 0.089358162948736664 0.046189505838202333 0.081771822726316182
decision_type=2 2 2 2 2 2 2 2 2 2 2 2 2 2 2 2 2 2 2 2 2 2 2 2 2 2 2 2 2 2
left_child=1 6 3 7 11 8 14 9 22 18 -10 17 28 -7 -1 26 -8 -2 -3 -9 23 -17 -4 -14 -6 -19 -12 -18 -11 -28
right_child=4 2 5 -5 24 13 16 19 10 12 15 -13 20 -15 -16 21 27 25 -20 -21 -22 -23 -24 -25 -26 -27 29 -29 -30 -31
leaf_value=-0.027892983253177871 0.019601747358827495 0.0018055406666551859 -0.0032274014864409764 0.0056519112207741341 0.0056519112207741341 -0.0069748626691236663 -0.0069748626691236663 0.0018055406666551859 -0.0023842623974082333 0.00033466129598501415 0.0027247413105276246 0.025425983227347064 -0.0037899580916765973 -0.0018864083983428405 -0.015360259524632 0.0056519112207741341 -0.028411635353342127 0.0056519112207741341 -0.0069748626691236663 0.0056519112207741341 0.0018055406666551859 0.0027247413105276246 -0.0069748626691236663 -0.0069748626691236663 0.02122169789250717 0.014196969957799089 -0.0028440947313883858 -0.0083972174191584634 -0.0069748626691236663 0.00012958673170914561
leaf_weight=863.92949795164168 542.58735216408968 10312.176152296364 4098.8257955238223 7808.8788703009486 2566.3859566599131 4794.5268026292324 1775.4906749837101 2949.8093193024397 12563.152018129826 7473.7485281005502 3830.5397329628468 1317.6412311643362 6220.9160886779428 3541.9580478593707 1735.4308778848499 2521.5381301119924 220.65325117111206 583.29585050791502 686.86783057451248 4840.1370179280639 746.787612862885 2557.6184590905905 1628.1203037053347 2121.7611467763782 214.82976903766394 1467.1706553921103 1053.7570539712906 213.92719725891948 178.0873232036829 10163.475167661905
leaf_count=22074 9734 46708 21700 38167 24667 22742 17193 15125 56745 33498 16102 31186 27370 17196 25965 15463 2291 6403 3447 29138 3512 12879 12929 12047 2765 18028 4428 2094 829 42708
internal_value=-3.48423e-05 -0.00089793 -0.000212224 0.00163866 0.0122018 -0.00192794 -0.0137375 0.000276 -0.000819317 -0.000918801 4.11668e-05 0.0177133 -0.0027268 -0.00697486 -0.0195439 0.0015552 -0.00697486 0.0137775 0.00180554 0.00452988 -0.00491295 0.00508687 -0.00572936 -0.00565644 0.00565191 0.0111532 0.000362615 -0.0186429 -0.000129318 -0.000663965
internal_weight=101594 94902.1 90092.7 43339.2 6691.91 46753.5 4809.43 35530.3 38417 27740.3 32690.1 3910.7 16741.3 8336.48 2599.36 20126.9 2210.07 2593.05 10999 7789.95 9089.46 5079.16 5726.95 8342.68 2781.22 2050.47 15047.8 434.58 7651.84 11217.2
internal_count=595133 502350 432733 209841 92783 222892 69617 171674 182954 127411 148325 65351 77256 39938 48039 91580 21578 34165 50155 44263 42929 28342 34629 39417 27432 24431 63238 4385 34327 47136
is_linear=0
shrinkage=0.03


Tree=102
num_leaves=31
num_cat=0
split_feature=6 6 9 1 5 6 3 6 10 20 2 6 14 11 4 6 10 4 0 11 17 11 9 11 0 13 6 11 2 14
split_gain=1151.03 889.984 541.12 242.71 282.247 240.41 175.253 167.536 148.397 136.925 128.209 107.911 100.763 98.2301 97.1927 92.577 169.95 72.3396 70.8173 69.0086 54.0893 49.0857 47.0535 44.0925 41.3462 38.138 37.8406 46.6553 37.8232 34.465
threshold=-1.4999999999999998 3.5000000000000004 7.5000000000000009 1.0000000180025095e-35 1.0000000180025095e-35 -5.4999999999999991 1.0000000180025095e-35 1.0000000180025095e-35 9.5000000000000018 1.0000000180025095e-35 1.0000000180025095e-35 -5.4999999999999991 0.045150344511471062 -74.452390274339777 1.0000000180025095e-35 1.0000000180025095e-35 11.500000000000002 1.0000000180025095e-35 8.5000000000000018 47.265235762118557 0.044610796766958193 3.8384054805717374 17.500000000000004 9.0239506945936245 2.5000000000000004 0.070126330525460842 6.5000000000000009 21.822066163622257 1.5000000000000002 0.034347324894103318
decision_type=2 2 2 2 2 2 2 2 2 2 2 2 2 2 2 2 2 2 2 2 2 2 2 2 2 2 2 2 2 2
left_child=2 3 11 4 7 22 14 10 26 23 -2 -1 13 -7 15 21 -17 25 29 -10 -15 -5 -4 -9 -23 -12 27 -3 -8 -13
right_child=1 8 5 6 -6 12 28 9 19 -11 17 18 -14 20 -16 16 -18 -19 -20 -21 -22 24 -24 -25 -26 -27 -28 -29 -30 -31
leaf_value=-0.029944851888443764 0.0027068442795923123 0.012280830512645191 -0.025057559085588321 -0.0023576982485020393 0.0087220874401185335 -0.0115423182074335 -0.0025208479487821471 0.0027068442795923123 0.0087220874401185335 0.0027068442795923123 0.0022360997751128156 -0.0080754789605380038 -0.0115423182074335 -0.0025208479487821471 -0.0025208479487821471 0.0087220874401185335 0.002272743598912563 0.0027068442795923123 -0.019606147635462017 0.018812337460070213 -0.0070315830781078233 0.002272743598912563 -0.0115423182074335 0.0087220874401185335 -0.00040147356175407187 -0.0025208479487821471 0.03091123070495996 0.024980843759859196 0.00078434619091464239 -0.016895209102143517
leaf_weight=480.79448578506708 9308.5842812508345 417.10967185348272 543.99226516112685 4757.8819751441479 3525.1073066331446 244.91241599991918 8027.0559983924031 1050.5967634618282 1148.0623009391129 6674.0669953748584 1525.5219530463219 1291.103804204613 482.29568403959274 13633.297114860266 3528.8306463807821 2627.3256546184421 4476.6972950622439 2701.2530483007431 1496.4132243972272 681.79899836704135 391.50711049884558 5584.6683274954557 276.72759354487062 2338.698534719646 7225.9740550965071 10353.873334944248 434.4336760789156 722.15637620352209 4947.9766505584121 580.86829166486859
leaf_count=13166 39199 8006 12403 20235 17660 1900 37872 6969 14178 37713 6430 12964 3237 83621 16438 19190 24496 11429 18025 10743 2281 22889 3891 18684 30566 43715 11304 16443 23673 6099
internal_value=-1.45873e-05 0.00153984 -0.00658154 0.000889716 0.00263645 -0.00409084 -0.000700165 0.00176755 0.0165545 0.00501403 0.000399656 -0.0166509 -0.00321015 -0.0027024 0.000709147 0.00141241 0.00430178 -0.00137173 -0.0147367 0.0107265 -0.00252085 0.000243708 -0.0198745 0.00872209 0.00121009 -0.00238212 0.0233089 0.0203608 -0.00252085 -0.0108273
internal_weight=101480 82057.7 19421.9 78654.1 37477.7 15572.7 41176.4 33952.6 3403.56 10063.4 23889.2 3849.18 14752 14269.7 28201.4 24672.5 7104.02 14580.6 3368.39 1829.86 14024.8 17568.5 820.72 3389.3 12810.6 11879.4 1573.7 1139.27 12975 1871.97
internal_count=595419 437832 157587 377158 181799 107333 195359 164139 60674 63366 100773 50254 91039 87802 133814 117376 43686 61574 37088 24921 85902 73690 16294 25653 53455 50145 35753 24449 61545 19063
is_linear=0
shrinkage=0.03


Tree=103
num_leaves=31
num_cat=0
split_feature=6 6 9 10 1 3 3 2 6 6 6 6 2 6 21 10 15 12 11 21 9 0 12 0 11 15 16 9 17 17
split_gain=1089.51 876.219 359.969 292.8 265.666 225.32 196.752 162.477 125.138 122.348 117.957 116.75 107.749 104.457 96.4987 85.8294 74.6305 73.3304 66.6388 65.9201 62.6438 57.7419 56.6498 47.5741 46.5689 44.7449 43.2552 42.2189 41.4605 40.6156
threshold=2.5000000000000004 -2.4999999999999996 10.500000000000002 7.5000000000000009 1.0000000180025095e-35 1.0000000180025095e-35 1.0000000180025095e-35 1.5000000000000002 5.5000000000000009 1.0000000180025095e-35 -1.0000000180025095e-35 -4.4999999999999991 1.5000000000000002 -5.4999999999999991 0.22941288678309338 2.5000000000000004 0.23913086926274743 0.21104346249751751 20.622377567180028 0.29288087598533835 4.5000000000000009 3.5000000000000004 0.3168280324219514 5.5000000000000009 29.525582548008064 0.24484023041117267 0.09835541708961866 16.500000000000004 0.035738501783780935 0.028544756975185503
decision_type=2 2 2 2 2 2 2 2 2 2 2 2 2 2 2 2 2 2 2 2 2 2 2 2 2 2 2 2 2 2
left_child=1 2 11 -2 5 9 10 -7 17 14 23 -1 -8 27 -3 -12 -16 -5 -19 -18 -13 -11 29 -6 -22 -15 -27 -4 -10 -17
right_child=3 4 13 8 6 7 12 -9 28 21 15 20 -14 25 16 22 19 18 -20 -21 24 -23 -24 -25 -26 26 -28 -29 -30 -31
leaf_value=-0.025457148511008418 0.022433359094443332 0.0013498199265329805 -0.02471604484051463 0.0055122955816382969 -0.0011320561825578824 0.0055122955816382969 -0.0046184390974229848 0.00014062326339637525 0.026650669999882675 0.001610115086075955 0.0055122955816382969 -0.019445153295308767 -0.00038685236986027937 -0.0046184390974229848 -0.0046184390974229848 0.0020384768442459605 0.00064185018436382381 0.0055122955816382969 0.013625902972969039 -0.0046184390974229848 -0.014891329044894029 0.0055122955816382969 0.0055122955816382969 -0.0046184390974229848 -0.0046184390974229848 -0.010820671833069093 -0.0046184390974229848 -0.010820671833069093 0.013625902972969039 -0.000731377610794039
leaf_weight=1093.0222405735403 1727.2756672147661 10132.929886259139 320.73000252246857 1217.8652546219528 5277.5568210631609 8221.5735372453928 8636.8236089646816 5150.8009420111775 409.35817240923643 2411.8882360011339 905.46797231584787 670.62644710764289 5459.0059822425246 3907.6818834766746 3835.4487295597792 7654.4812457561493 6012.501542173326 1084.664297901094 1918.728810865432 1108.1049480736256 813.42454597353935 3968.5102607607841 339.23730405420065 3375.3113589137793 712.75332443416119 1302.0241916552186 523.6432426944375 303.30137563869357 174.54679951444268 12612.408703282475
leaf_count=26808 36890 43765 7112 11409 23630 38632 39845 24575 8498 12411 4760 10275 25503 27115 17623 34259 26133 9500 22453 5021 9372 24028 1632 18280 7081 9874 3841 4334 3686 57104
internal_value=-3.25088e-06 -0.000820351 -0.00938795 0.0118449 0.000151074 0.00189594 -0.00145904 0.00508929 0.00803105 0.000341129 -9.1642e-05 -0.0174411 -0.00438478 -0.00521643 -0.000760202 0.00109818 -0.00271159 0.0062242 0.0102759 -0.000741556 -0.0134332 0.00398043 0.000603956 -0.00304919 -0.00999033 -0.00461844 -0.00947253 -0.0170229 0.0210276 0.00031485
internal_weight=101282 94749.3 9647.21 6532.44 85102.1 40841.8 44260.3 13372.4 4805.16 27469.4 30164.5 3289.83 14095.8 6357.38 21089 21511.6 10956.1 4221.26 3003.39 7120.61 2196.8 6380.4 20606.1 8652.87 1526.18 5733.35 1825.67 624.031 583.905 20266.9
internal_count=595449 503013 105812 92436 397201 192188 205013 63207 55546 128981 139665 53536 65348 52276 92542 97755 48777 43362 31953 31154 26728 36439 92995 41910 16453 40830 13715 11446 12184 91363
is_linear=0
shrinkage=0.03


Tree=104
num_leaves=31
num_cat=0
split_feature=6 6 10 6 10 9 9 6 13 11 15 6 14 11 17 13 11 15 11 14 17 9 11 6 14 15 11 10 13 11
split_gain=1012.59 789.638 302.537 284.583 273.42 223.895 208.041 126.05 115.747 114.148 104.864 96.9443 87.2212 63.0582 58.8176 58.361 54.6819 53.5761 51.2082 47.6952 46.1313 40.9092 35.3393 33.2757 28.1512 45.4612 27.0235 26.9793 26.03 23.5182
threshold=2.5000000000000004 -3.4999999999999996 6.5000000000000009 -1.0000000180025095e-35 4.5000000000000009 10.500000000000002 13.500000000000002 5.5000000000000009 0.058605519976797978 82.36114706545915 0.20133451414436612 -5.4999999999999991 0.045150344511471062 49.985247704028104 0.044610796766958193 0.069849350354847531 -23.298200680903388 0.21082066093955951 -74.452390274339777 0.021116726575332433 0.040774252776616095 4.5000000000000009 101.92822852297662 5.5000000000000009 0.039283876182447906 0.23495168771396682 93.196143366175093 16.500000000000004 0.11029479626358729 21.066316802066698
decision_type=2 2 2 2 2 2 2 2 2 2 2 2 2 2 2 2 2 2 2 2 2 2 2 2 2 2 2 2 2 2
left_child=1 6 23 5 -5 15 11 13 -6 10 -10 -1 14 -4 18 -3 -8 28 -7 -12 29 -13 -17 24 -2 -26 -23 -15 -11 -9
right_child=2 3 7 4 8 12 16 20 9 17 19 21 -14 27 -16 22 -18 -19 -20 -21 -22 26 -24 -25 25 -27 -28 -29 -30 -31
leaf_value=-0.027259067641379493 0.021832153333050195 -0.00066445974117886758 0.0053676469532568044 0.0053676469532568044 0.0053676469532568044 -0.0064646568627090674 -0.018700408004306172 0.016623130245946655 0.0018204395045838088 0.0018204395045838088 0.0018204395045838088 -0.020922122970924398 -0.0064646568627090674 0.013328044272703794 -0.0064646568627090674 -0.0064646568627090674 -0.0064646568627090674 0.0053676469532568044 -0.00066445974117886758 -0.00066445974117886758 0.013328044272703794 -0.013657704282476028 -0.00066445974117886758 0.02991806704604176 0.025013718964409948 0.0053676469532568044 -0.0064646568627090674 0.0086341204876653425 0.0053676469532568044 0.029960572226870548
leaf_weight=807.24260993301868 990.56053444184363 1086.1082741469145 2914.5348394028842 5745.5998279601336 1059.0794145017862 330.71084410697222 330.47820173576474 198.8467871658504 8491.7956811711192 2723.672173589468 2309.9725859761238 377.81139398366213 664.7377999573946 884.3575704973191 640.19718004763126 7550.7139089256525 1850.1957930065691 2990.4773924425244 21070.956072725356 34618.572715349495 67.08803366497159 1236.8256552964449 418.42931658029556 449.93184753879905 75.971080360934138 54.067145682871342 76.395188212394714 485.71870781108737 270.15159495919943 336.37612405978143
leaf_count=22216 19688 6316 27383 29892 4938 1908 3912 3747 38872 14067 10353 8014 3380 12115 2941 48629 17726 15076 98894 154013 1443 17200 2411 12388 1515 955 897 5395 1421 7791
internal_value=1.36626e-05 -0.000770616 0.0115059 -0.000145605 0.00110071 -0.00242963 -0.0127837 0.00781894 0.000378463 0.000130057 -0.000383142 -0.0186989 -0.000838814 0.00600647 -0.00066446 -0.00641764 -0.00646466 0.00402402 -0.00066446 -0.00066446 0.0206496 -0.0145852 -0.00646466 0.0229539 0.0201094 0.00685424 -0.0119582 0.0119006 0.00182044 0.0250858
internal_weight=101108 94650.1 6457.45 89971.2 58209.3 31761.9 4678.95 4886.92 52463.7 51404.6 45420.3 2498.27 22706.6 4284.61 22041.9 9055.25 2180.67 5984.3 21401.7 36928.5 602.311 1691.03 7969.14 1570.53 1120.6 130.038 1313.22 1370.08 2993.82 535.223
internal_count=595496 503076 92420 433111 268632 164479 69965 57874 238740 233802 203238 48327 107123 44893 103743 57356 21638 30564 100802 164366 12981 26111 51040 34546 22158 2470 18097 17510 15488 11538
is_linear=0
shrinkage=0.03


Tree=105
num_leaves=31
num_cat=0
split_feature=6 6 10 6 13 6 6 16 16 15 9 9 16 14 12 14 12 16 13 10 13 13 13 14 13 17 17 16 12 15
split_gain=912.402 718.206 410.783 249.583 247.252 204.317 197.633 147.372 143.597 136.829 135.389 118.111 113.057 135.315 114.465 114.016 104.125 122.734 124.75 97.7435 108.387 75.443 74.5448 69.7516 56.4826 55.6465 54.4134 51.8782 50.7687 50.3987
threshold=1.5000000000000002 -3.4999999999999996 4.5000000000000009 5.5000000000000009 0.070126330525460842 -1.4999999999999998 -6.4999999999999991 0.085066921959308275 0.063939976903660836 0.1897131302834851 10.500000000000002 10.500000000000002 0.095956243107101213 0.038223203387332878 0.25901650212964061 0.020937163443550798 0.17552787574294706 0.06625689211721851 0.098989905815499143 16.500000000000004 0.090773937912477273 0.073422256988720805 0.073422256988720805 0.041471531219918763 0.058605519976797978 0.040774252776616095 0.038797098986297802 0.064847045370592285 0.1871950358960853 0.27452996098736698
decision_type=2 2 2 2 2 2 2 2 2 2 2 2 2 2 2 2 2 2 2 2 2 2 2 2 2 2 2 2 2 2
left_child=1 6 -2 19 8 10 -1 16 -3 -9 -6 -8 14 15 21 -14 -7 18 -18 20 22 -11 24 -10 -4 -5 -16 -13 -24 -23
right_child=2 4 3 25 5 7 11 9 23 12 -12 27 13 -15 26 -17 17 -19 -20 -21 -22 29 28 -25 -26 -27 -28 -29 -30 -31
leaf_value=-0.02684696199815995 0.021785524939398497 -0.0065044412296911156 0.013171075788347218 0.025925274279501382 -0.0065044412296911156 0.0031814579638155768 -0.017052821074124442 0.0031814579638155768 0.0031814579638155768 -0.0023835417474927438 -0.0023835417474927438 -0.018360517380565135 0.0031814579638155768 0.0031814579638155768 -0.0023835417474927438 -0.0023835417474927438 0.0031814579638155768 -0.0023835417474927438 -0.0023835417474927438 0.0031814579638155768 0.0031814579638155768 0.0031814579638155768 0.0031814579638155768 -0.0065044412296911156 0.0031814579638155768 0.013171075788347218 0.0031814579638155768 -0.0065044412296911156 0.013171075788347218 -0.0023835417474927438
leaf_weight=733.57694067060947 1575.7501973472536 604.54296534508467 146.77825102396309 677.81227530911565 3746.6977118998766 1314.7668008506298 1350.7748728785664 3554.6281967386603 9132.1776999458671 472.0509599596262 9257.5575818195939 159.72712176293135 939.26029574871063 2772.0952567458153 2053.3953907042742 14149.349683344364 2727.6647730618715 18375.302321344614 1394.7142113447189 3798.4882025867701 3175.4915721081197 11180.547858640552 304.20787834562361 418.30021283775568 1021.536521917209 80.894591622054577 304.50544793903828 2374.655375149101 2274.4181001540273 746.25846238434315
leaf_count=18474 27369 2795 1571 15884 30045 5715 26564 15643 42002 2045 48657 1666 4099 11935 8895 61512 11818 79622 6019 27806 29358 48465 2665 1968 10258 1874 1367 23221 22511 3250
internal_value=3.23942e-05 -0.0010684 0.00743131 0.00545753 -0.000428613 -0.00104876 -0.0125803 -0.000309667 0.00318146 0.000896812 -0.00445742 -0.00987407 8.88455e-05 -0.00151651 0.00203181 -0.00238354 -0.00214228 -0.00238354 0.00283515 0.00427844 0.0069986 0.00318146 0.0104573 0.00318146 0.00415917 0.0220637 -0.00238354 -0.00650444 0.0131711 0.00318146
internal_weight=100818 87762.6 13055.4 11479.6 83143.8 72988.8 4618.73 59984.5 10155 36172.1 13004.3 3885.16 32617.5 17860.7 14756.8 15088.6 23812.4 22497.7 4122.38 10720.9 6922.43 12398.9 3746.94 9550.48 1168.31 758.707 2357.9 2534.38 2578.63 11926.8
internal_count=595073 455777 139296 111927 385852 339087 69925 260385 46765 157211 78702 51451 141568 77546 64022 65611 103174 97459 17837 94169 66363 53760 37005 43970 11829 17758 10262 24887 25176 51715
is_linear=0
shrinkage=0.03


Tree=106
num_leaves=31
num_cat=0
split_feature=6 6 12 6 10 15 9 9 12 10 6 15 12 6 9 11 15 10 1 11 14 12 15 15 16 6 14 12 14 16
split_gain=903.587 785.093 295.555 275.823 307.489 213.893 198.46 148.075 157.375 142.617 135.926 106.587 102.536 95.2342 86.2407 82.7326 64.1802 64.0895 67.4604 61.7648 61.1597 93.6093 55.4747 47.6624 42.3126 41.5616 38.0076 33.7631 31.4599 31.2556
threshold=3.5000000000000004 -3.4999999999999996 0.3168280324219514 1.0000000180025095e-35 6.5000000000000009 0.2754975140169213 13.500000000000002 19.500000000000004 0.25752731697955794 9.5000000000000018 -1.4999999999999998 0.22293996438092828 0.17736066974312367 -5.4999999999999991 10.500000000000002 -34.753533852282651 0.18667109551467861 16.500000000000004 1.0000000180025095e-35 21.066316802066698 0.032815597873557589 0.27134593105625143 0.2444303088595369 0.21477898188331057 0.10208665406598953 4.5000000000000009 0.032897298944921577 0.2543436421947029 0.02278644966753008 0.084912013066054864
decision_type=2 2 2 2 2 2 2 2 2 2 2 2 2 2 2 2 2 2 2 2 2 2 2 2 2 2 2 2 2 2
left_child=1 6 3 5 -5 7 13 8 10 25 14 16 -7 -1 -3 23 -12 18 29 -11 -10 -22 -8 -9 -15 -2 28 -26 -24 -6
right_child=9 2 -4 4 17 12 22 15 20 19 11 -13 -14 24 -16 -17 -18 -19 -20 -21 21 -23 26 -25 27 -27 -28 -29 -30 -31
leaf_value=-0.027285490415479036 0.016117158646754622 -0.006311739650636472 0.0075224698364862851 0.0075224698364862851 0.0027329233466074788 0.0007725120179089477 -0.006311739650636472 -0.0019818384096493991 -0.006311739650636472 0.0075224698364862851 0.0007725120179089477 0.0007725120179089477 -0.006311739650636472 -0.017070375744534398 -0.0020508177290486937 0.0007725120179089477 -0.0020508177290486937 0.0007725120179089477 0.00081221932589923575 0.015300209917321958 -0.006311739650636472 0.0007725120179089477 -0.025869972774693304 -0.006311739650636472 -0.006311739650636472 0.026600889766750197 -0.024531942207030859 -0.020879709925874446 -0.006311739650636472 0.0075224698364862851
leaf_weight=770.2599617280066 573.21136864647269 3038.7661570198834 1368.2354616671801 4081.300818067044 1869.0980145707726 461.10553002357483 1495.5215645730495 682.26604175567627 3874.8254930377007 681.45677208527923 2249.6731539964676 10273.377672225237 6551.8886070325971 1279.3191612269729 4652.7681111991405 27095.076744392514 6782.3083321452141 8409.0207015350461 5149.6104842685163 1070.9513313621283 868.76198180764914 799.98556803911924 84.528565868735313 1803.8115620538592 310.73750595748425 888.98642131127417 238.13703323155642 61.308574724942446 351.91786484792829 2890.0674603879452
leaf_count=22200 11052 24358 7198 34303 11299 2128 14796 2991 18664 8052 9705 44145 30877 20496 25155 114261 29300 45516 30811 16828 4244 3760 839 7899 4714 24693 2541 919 3662 17911
internal_value=-4.16575e-05 -0.000557801 4.08294e-05 -0.000205326 0.00268773 -0.0011427 -0.0126643 -0.000581951 -0.00198383 0.0156027 -0.00103673 0.000307005 -0.00610833 -0.0185681 -0.00440864 0.000772512 -0.00205082 0.000912296 0.00319247 0.00981303 -0.00631174 -0.000544772 -0.00631174 -0.00473619 -0.0144739 0.0225187 -0.0149202 -0.00631174 -0.00958783 0.00576658
internal_weight=100708 97493.7 92901.9 91533.7 22399.1 69134.6 4591.73 62121.6 32540.5 3214.61 26996.9 19305.4 7012.99 2421.63 7691.53 29581.2 9031.98 18317.8 9908.78 1752.41 5543.57 1668.75 2170.11 2486.08 1651.37 1462.2 674.583 372.046 436.446 4759.17
internal_count=595317 534692 464525 457327 139840 317487 70167 284482 159331 60625 132663 83150 33005 48329 49513 125151 39005 105537 60021 24880 26668 8004 21838 10890 26129 35745 7042 5633 4501 29210
is_linear=0
shrinkage=0.03


Tree=107
num_leaves=31
num_cat=0
split_feature=6 6 9 6 1 4 2 6 10 6 2 20 14 11 3 11 3 13 0 4 6 21 0 13 15 9 11 17 11 13
split_gain=885.124 694.258 449.334 207.695 206.317 273.293 176.357 165.052 150.221 113.924 106.733 96.6378 94.5046 91.2479 90.1138 82.5042 77.017 70.2054 69.7855 64.1465 60.6703 58.798 52.8326 49.0498 49.0524 47.6572 46.5962 46.4913 42.0268 38.4572
threshold=-1.4999999999999998 3.5000000000000004 7.5000000000000009 -5.4999999999999991 1.0000000180025095e-35 1.0000000180025095e-35 1.5000000000000002 1.0000000180025095e-35 7.5000000000000009 -5.4999999999999991 1.5000000000000002 1.0000000180025095e-35 0.045150344511471062 -74.452390274339777 1.0000000180025095e-35 21.066316802066698 1.0000000180025095e-35 0.070126330525460842 8.5000000000000018 1.0000000180025095e-35 1.0000000180025095e-35 0.23574657314095396 7.5000000000000009 0.095606383202185036 0.26321760996031679 16.500000000000004 99.143032179048319 0.044610796766958193 9.0239506945936245 0.092534965749127174
decision_type=2 2 2 2 2 2 2 2 2 2 2 2 2 2 2 2 2 2 2 2 2 2 2 2 2 2 2 2 2 2
left_child=2 4 9 25 5 7 14 16 -3 -1 -7 28 13 -5 19 -10 17 -2 -11 21 -8 -6 -22 24 -17 -4 -19 -15 -9 -23
right_child=1 8 3 12 6 10 20 11 15 18 -12 -13 -14 27 -16 23 -18 26 -20 -21 22 29 -24 -25 -26 -27 -28 -29 -30 -31
leaf_value=-0.029844325673735267 0.0021917609178339109 0.024624149771330359 -0.024885997040828042 -0.010849745519330191 -0.0009686398844629266 0.0079330630959965759 0.0010097510516306511 0.0021917609178339109 0.0079330630959965759 -0.0094116320121893308 0.0022112587164989936 0.002364433477088479 -0.010849745519330191 -0.0022457080182548095 -0.0022457080182548095 0.023734627887813733 0.0021917609178339109 -0.0022457080182548095 -0.018281446191088072 -0.0022457080182548095 0.0033509863530244758 0.0042032530109822139 0.0079330630959965759 0.012047101732692137 0.012047101732692137 -0.010849745519330191 0.0021917609178339109 -0.0065477267687925004 0.0079330630959965759 -2.0282357176315027e-05
leaf_weight=425.18569603003561 1955.6603402197361 1011.0811562109739 466.42635877430439 233.23870760947466 10338.287679735571 3931.096674785018 9179.5299500375986 928.29146248847246 845.68663234263659 1819.47522444278 2939.1556880995631 5959.8733149394393 476.20518578588963 13482.434868503362 8024.4252314120531 813.37755738198757 6001.2033350914717 12738.775898247957 1433.5916201025248 2138.0474823713303 2808.2807493470609 4689.7823034822941 607.92173897102475 458.34379726648331 56.042508292943239 287.16824745386839 817.67047840356827 380.7832667119801 2016.7828381210566 3308.522751159966
leaf_count=13188 8254 26935 12032 1859 47892 19347 38680 6248 10996 19140 14846 33938 3255 83516 37903 14268 25347 53618 18051 9869 16501 23286 5249 7737 942 4267 3574 2246 16509 16048
internal_value=-9.8248e-06 0.00134868 -0.0058401 -0.00357921 0.000790622 0.00240635 -0.000675496 0.00118553 0.0150755 -0.0152535 0.00780962 0.00461984 -0.00278362 -0.00228765 -0.00198199 0.010615 -0.000236317 -0.00136416 -0.0133293 -0.000231255 0.00228043 0.000525536 0.00569222 0.0161611 0.0208118 -0.0189159 -0.00218195 -0.00224571 0.00793306 0.00245661
internal_weight=100572 81567.8 19004.5 15326.3 78383.3 37288.5 41094.8 30418.3 3184.53 3678.25 6870.25 8904.95 14572.7 14096.5 28499.1 2173.45 21513.3 15512.1 3253.07 20474.6 12595.7 18336.6 3416.2 1327.76 869.42 753.595 13556.4 13863.2 2945.07 7998.31
internal_count=595541 437987 157554 107175 377109 181681 195428 147488 60878 50379 34193 56695 90876 87621 134998 33943 90793 65446 37191 97095 60430 87226 21750 22947 15210 16299 57192 85762 22757 39334
is_linear=0
shrinkage=0.03


Tree=108
num_leaves=31
num_cat=0
split_feature=6 6 10 1 4 4 9 3 2 6 6 9 2 5 6 6 3 2 11 0 6 6 11 0 10 17 16 6 6 15
split_gain=813.597 671.192 276.484 260.08 299.45 261.083 210.436 144.056 139.17 132.578 120.424 117.438 106.666 94.5064 87.7246 78.8275 73.7187 64.3761 59.7063 58.9634 56.053 55.5533 50.5078 46.1829 45.1579 43.7749 41.9608 38.6904 36.4312 35.7094
threshold=2.5000000000000004 -3.4999999999999996 6.5000000000000009 1.0000000180025095e-35 1.0000000180025095e-35 1.0000000180025095e-35 13.500000000000002 1.0000000180025095e-35 1.0000000180025095e-35 -1.0000000180025095e-35 5.5000000000000009 11.500000000000002 1.5000000000000002 1.0000000180025095e-35 -5.4999999999999991 1.0000000180025095e-35 1.0000000180025095e-35 1.5000000000000002 49.985247704028104 3.5000000000000004 -1.0000000180025095e-35 -7.4999999999999991 83.147873333427597 3.5000000000000004 13.500000000000002 0.040774252776616095 0.10208665406598953 5.5000000000000009 -1.0000000180025095e-35 0.29568377261519452
decision_type=2 2 2 2 2 2 2 2 2 2 2 2 2 2 2 2 2 2 2 2 2 2 2 2 2 2 2 2 2 2
left_child=1 6 27 4 7 8 14 9 16 11 18 -3 -9 15 -1 19 20 -7 -4 29 -5 -8 23 -11 -17 -12 -16 -2 -21 -10
right_child=2 3 10 5 -6 17 21 12 13 22 25 -13 -14 -15 26 24 -18 -19 -20 28 -22 -23 -24 -25 -26 -27 -28 -29 -30 -31
leaf_value=-0.026844595535704095 0.018828459299702238 -0.0060268991219896264 0.0049537330613063047 -0.0050463641594536996 0.0049537330613063047 -0.0060268991219896264 -0.02686118941622723 0.0049537330613063047 0.002596842141579975 -0.001402737233024066 0.024572435244177741 -0.0014167571307509709 -0.00079479061824145952 -0.0052177148898835185 -0.01692025527399664 0.0049537330613063047 -0.0060268991219896264 -0.0019191781282325751 0.011343624513095006 -0.003036717272018916 -0.00045563070038953256 -0.0060268991219896264 0.0049537330613063047 0.0020594711164675645 0.0026709370197177933 0.012679152996619212 -0.0060268991219896264 0.029820069333837945 0.0010310191418282577 -0.0060268991219896264
leaf_weight=729.01134081557393 1059.7102612871677 3000.6175268515944 2865.7291502896696 3373.8806056603789 7764.5028475746512 4759.1952584683895 117.43632503971457 6413.979184448719 8367.3355261832476 7455.8780132383108 496.21658357419074 6593.3475114330649 3677.3271175511181 2116.2330552898347 1245.9867205005139 2282.1983978524804 2901.0810582339764 3535.8510203510523 1326.2929338999093 4809.0309171229601 8229.5467615425587 2016.5478502586484 1782.1645024493337 6478.676918245852 2389.8322410210967 63.74376686103642 373.08266417309642 408.74266849830747 3367.9913294762373 392.60729464888573
leaf_count=22103 22261 18603 27414 17893 38214 22688 2171 31049 35227 31997 11545 30715 18133 10227 20395 14231 13766 17226 17451 26750 37233 19550 9421 32061 12108 1456 5715 12401 13747 1693
internal_value=4.76453e-05 -0.000646541 0.010554 -8.02522e-05 0.00159685 -0.00163629 -0.0119735 0.000332726 -0.00058558 -0.000875651 0.00703261 -0.00365426 0.00336311 0.000829692 -0.0181963 0.00142236 -0.00290036 -0.0060269 0.00528144 0.000470491 -0.0017911 -0.0060269 0.000820745 0.000207033 0.00487138 0.0200769 -0.014274 0.0219244 -0.00136144 0.00218043
internal_weight=100394 94173.3 6220.44 89691.3 43166.5 46524.8 4482.06 35402 38229.7 25310.7 4751.98 9593.97 10091.3 23725.2 2348.08 21609 14504.5 8295.05 4192.02 16937 11603.4 2133.98 15716.7 13934.6 4672.03 559.96 1619.07 1468.45 8177.02 8759.94
internal_count=595444 502916 92528 432982 210193 222789 69934 171979 182875 122797 57866 49318 49182 113983 48213 103756 68892 39914 44865 77417 55126 21721 73479 64058 26339 13001 26110 34662 40497 36920
is_linear=0
shrinkage=0.03


Tree=109
num_leaves=31
num_cat=0
split_feature=6 6 9 12 1 5 4 2 10 6 2 6 4 6 0 20 4 6 15 6 11 11 5 0 6 9 13 15 16 15
split_gain=766.939 652.823 342.39 231.342 224.641 306.067 217.178 189.069 152.729 139.594 129.761 118.027 117.977 92.3706 97.3498 89.7132 70.8277 69.4363 68.419 62.9983 62.4193 52.7697 49.0065 47.4585 46.7236 45.3757 40.2604 38.6699 36.0967 44.0434
threshold=-2.4999999999999996 3.5000000000000004 8.5000000000000018 0.3168280324219514 1.0000000180025095e-35 1.0000000180025095e-35 1.0000000180025095e-35 1.0000000180025095e-35 10.500000000000002 -5.4999999999999991 1.0000000180025095e-35 1.0000000180025095e-35 1.0000000180025095e-35 1.0000000180025095e-35 7.5000000000000009 1.0000000180025095e-35 1.0000000180025095e-35 1.0000000180025095e-35 0.27292508243722707 -5.4999999999999991 47.265235762118557 -12.349392446499449 1.0000000180025095e-35 8.5000000000000018 4.5000000000000009 16.500000000000004 0.070126330525460842 0.2754975140169213 0.084912013066054864 0.1897131302834851
decision_type=2 2 2 2 2 2 2 2 2 2 2 2 2 2 2 2 2 2 2 2 2 2 2 2 2 2 2 2 2 2
left_child=2 3 19 4 5 7 10 12 24 25 28 16 17 22 -15 -13 26 -2 21 -1 -10 -11 27 -21 -3 -4 -9 -12 -6 -30
right_child=1 8 9 -5 6 -7 -8 11 20 18 13 15 -14 14 -16 -17 -18 -19 -20 23 -22 -23 -24 -25 -26 -27 -28 -29 29 -31
leaf_value=-0.028911558425746678 0.0013588956974071166 0.014916443181052048 -0.02400363188169739 0.0074881428377641356 -0.0035872278130756646 0.0074881428377641356 -0.0035872278130756646 0.00039043699779066159 0.0074881428377641356 -0.010600121211845058 0.0012065415746954542 0.0074881428377641356 0.0074881428377641356 0.0023833935832409088 0.0074881428377641356 0.00039043699779066159 0.00039043699779066159 0.0065848056120954741 -0.010600121211845058 -0.011962618234305767 0.017232633115927539 -0.0035872278130756646 -0.0035872278130756646 -0.022286647026105569 0.026057799589997838 -0.010600121211845058 -0.0035872278130756646 -0.0035872278130756646 0.0053769959419648732 -0.0018044271739880238
leaf_weight=432.0951922442764 9833.3364146053791 574.52650984190404 420.38598540611565 1303.9353293776512 5646.8339176736772 3832.4815508387983 7936.5660331621766 1684.6427420079708 1037.7050617113709 1046.2517370730639 14083.537726521492 2135.4088721722364 1356.8074336536229 4695.949044469744 1006.9708545804024 4328.4586881063879 3150.7394755855203 2980.8820229656994 752.56928865984082 1032.681337852031 600.39708301238716 4650.7991990931332 1573.7952264100313 664.9778119046241 865.20519939810038 285.62601048871875 12243.270099140704 1573.0981534793973 852.14490208029747 7677.1517775095999
leaf_count=14081 42954 11411 11196 6809 27039 19479 38099 7344 13367 9285 61530 16506 6625 27141 8592 24589 13859 19115 6528 14484 10254 34071 6995 12050 25556 4324 54076 6976 4182 36899
internal_value=9.95931e-05 0.00093792 -0.00811238 0.000462208 0.000241572 0.0018326 -0.00122585 0.000965725 0.0145141 -0.00496676 -0.000117919 -0.000682292 0.00370331 0.0012768 0.00458551 0.00276992 -0.00198904 0.0025754 -0.00358723 -0.0186666 0.00823349 -0.00358723 0.000181277 -0.016028 0.0216387 -0.017613 -0.00300349 0.000707809 -0.00237408 -0.00108585
internal_weight=100259 90973.8 9285.39 87896 86592.1 41546 45046 37713.5 3077.83 7155.63 37109.5 23542.5 14171 22933.4 5702.92 6463.87 17078.7 12814.2 6449.62 2129.75 1638.1 5697.05 17230.4 1697.66 1439.73 706.012 13927.9 15656.6 14176.1 8529.3
internal_count=595416 489397 106019 428809 422000 204547 217453 185068 60588 65404 179354 116374 68694 111234 35733 41095 75279 62069 49884 40615 23621 43356 75501 26534 36967 15520 61420 68506 68120 41081
is_linear=0
shrinkage=0.03


Tree=110
num_leaves=31
num_cat=0
split_feature=12 11 16 11 13 17 15 16 13 15 13 12 11 11 12 15 15 16 12 15 15 13 15 12 12 16 12 13 15 13
split_gain=417.642 328.849 295.697 304.117 267.2 302.12 254.289 218.085 300.406 206.546 283.679 200.808 250.735 199.181 231.079 306.062 308.077 194.024 187.431 179.576 170.961 269.615 235.626 283.667 223.459 216.66 264.391 326.633 448.195 289.905
threshold=0.34356646944828623 99.143032179048319 0.085444015240009177 -68.910543978746759 0.092942709985358959 0.017236706073630492 0.29568377261519452 0.081158548669436767 0.087390145524346693 0.19108423123630128 0.082652679587317049 0.2231771484636608 15.257543845155626 5.6963867331103311 0.20725749757011677 0.30986326123429819 0.22462872419794219 0.067285982893156279 0.21886745133814842 0.19108423123630128 0.24070555759138473 0.11832489244857404 0.17287215176580775 0.275765146537161 0.23010492442192595 0.068618792067243056 0.25361002850325792 0.11442759504093067 0.20356018140213045 0.096619872756275219
decision_type=2 2 2 2 2 2 2 2 2 2 2 2 2 2 2 2 2 2 2 2 2 2 2 2 2 2 2 2 2 2
left_child=1 2 4 19 7 -6 11 13 9 10 -9 -5 -13 14 -1 16 17 -16 -18 -4 22 -22 -7 25 -23 -24 27 -27 -29 -28
right_child=-2 -3 3 6 5 20 -8 8 -10 -11 -12 12 -14 -15 15 -17 18 -19 -20 -21 21 24 23 -25 -26 26 29 28 -30 -31
leaf_value=-0.00026648322932427331 0.03332656318075445 0.0063772564550944617 -0.06161655384716274 0.0029138636420885339 -0.040620127814521095 0.0029138636420885339 -0.0069730568541959475 -0.040376458157902334 0.0029138636420885339 -0.007133700720915394 0.0029138636420885339 -0.0047149634116101851 0.0015827871411989004 0.0029138636420885339 -0.00026648322932427331 -0.046563372555896029 -0.018917765298616405 -0.029745905981735991 -0.00026648322932427331 -0.011785545147931526 0.0013426746937764838 0.0029138636420885339 -0.019000040633635248 0.0029138636420885339 -0.029382878837291598 -0.0022913134273051935 -0.052555968246167054 0.0029138636420885339 -0.037460852291804313 -0.013333447015424812
leaf_weight=2537.0230606906116 335.74000487662852 6604.3461090959609 67.935204235836864 22313.973337398842 215.04565532132983 643.78456250205636 2161.5245398227125 395.67579813301563 858.93963177874684 3530.9559010025114 154.47093774192035 7796.6013947408646 21037.745706796646 11609.255480468273 279.80232712812722 185.67987396195531 483.23737209290266 677.98083880916238 1568.0848501045257 976.63884303532541 5371.2902676314116 268.32373082265258 2027.9030882492661 785.45197709463537 502.89884730055928 4807.0464652888477 218.0045017618686 250.47457072138786 578.97749917581677 750.66678048670292
leaf_count=15064 2092 42331 387 132386 1283 4099 12497 2276 4988 20588 955 45532 124523 68677 1616 1043 3129 3937 9246 5923 31738 1593 12180 4907 2750 28384 1405 1585 3470 4475
internal_value=2.24838e-05 -9.03796e-05 -0.000549529 0.000877443 -0.00255361 -0.00545713 0.00119181 -0.000413592 -0.00597307 -0.00980665 -0.0268742 0.00162685 -0.000120289 0.00117067 -0.00344683 -0.00938779 -0.00706443 -0.0210932 -0.000500099 -0.0151379 -0.00498555 -0.00104115 -0.00739271 -0.00874793 -0.0176042 -0.0104254 -0.00778784 -0.00529528 -0.0226572 -0.0222508
internal_weight=99995.5 99659.7 93055.4 54354.4 38701 16419.9 53309.8 22281.1 4940.04 4081.1 550.147 51148.3 28834.3 17341.1 5731.81 3194.79 3009.11 957.783 2051.32 1044.57 16204.8 6142.51 10062.3 9418.52 771.223 8633.07 6605.17 5636.5 829.452 968.671
internal_count=595059 592967 550636 321248 229388 97869 314938 131519 28807 23819 3231 302441 170055 102712 34035 18971 17928 5553 12375 6310 96586 36081 60505 56406 4343 51499 39319 33439 5055 5880
is_linear=0
shrinkage=0.03


Tree=111
num_leaves=31
num_cat=0
split_feature=12 11 11 16 13 16 15 13 15 15 13 11 12 17 12 12 7 12 13 13 14 12 12 17 14 12 16 13 16 14
split_gain=399.624 304.745 264.998 302.945 233.436 269.436 231.869 196.403 182.758 173.477 209.038 168.932 202.998 161.322 179.001 200.75 181.59 180.435 162.231 182.017 160.126 158.058 317.116 210.481 274.518 168.444 223.452 192.745 166.536 153.027
threshold=0.34356646944828623 99.143032179048319 -68.910543978746759 0.084912013066054864 0.092942709985358959 0.081158548669436767 0.29568377261519452 0.08751743985862008 0.18223695970833351 0.24070555759138473 0.11832489244857404 5.6963867331103311 0.20725749757011677 0.026166999938011175 0.276560808869247 0.22581340657044044 2.5000000000000004 0.20560706785070915 0.08802851596164242 0.063632143002679512 0.029721468355009339 0.25752731697955794 0.27508481738869722 0.038279170691366972 0.029668655085538519 0.19077163594780408 0.10965315181231929 0.10352655830587114 0.11560595657585908 0.022055602956674466
decision_type=2 2 2 2 2 2 2 2 2 2 2 2 2 2 2 2 2 2 2 2 2 2 2 2 2 2 2 2 2 2
left_child=1 2 8 4 5 11 21 -7 -1 -6 -11 12 -4 -3 15 16 -15 -18 19 -17 29 23 -23 25 -25 26 27 -5 -26 -20
right_child=-2 13 3 6 9 7 -8 -9 -10 10 -12 -13 -14 14 -16 18 17 -19 20 -21 -22 22 -24 24 28 -27 -28 -29 -30 -31
leaf_value=-0.06036801081942899 0.033007407807960201 0.002826917326724319 -0.00011494710016118417 0.002826917326724319 -0.0058356916461680744 -0.0058356916461680744 -0.0058356916461680744 0.002826917326724319 -0.0096810280280532849 0.0024374840073774326 -0.0058356916461680744 0.002826917326724319 -0.0058356916461680744 0.002826917326724319 0.002826917326724319 0.002826917326724319 0.002826917326724319 0.045986291346722587 0.002826917326724319 0.028262825877726869 0.002826917326724319 -0.0058356916461680744 0.002826917326724319 -0.0058356916461680744 0.002826917326724319 0.002826917326724319 -0.0058356916461680744 -0.0058356916461680744 -0.0058356916461680744 0.026491462830703735
leaf_weight=64.360052991658449 327.95497498847544 1157.3515189085156 2326.636128693819 3842.156732333824 9584.0613252911717 3527.7383933067322 2190.2295991610736 692.81542537547648 1899.7672841306776 5124.1317166555673 704.22991519607604 11618.373200964183 3113.057635737583 1649.9815144240856 651.02450981549919 241.50870134867728 148.47689535468817 175.44005460478365 219.60575915873051 1250.9193589314818 520.25081221573055 4498.3841220326722 4703.5003781747073 2699.6616138089448 3422.4144388120621 30755.229588327929 1333.8147143907845 818.11584730632603 220.30146149359643 599.57402086444199
leaf_count=346 2076 7186 13749 22730 57632 20452 12626 4095 11671 30268 3930 68678 18570 8089 3903 1542 1937 2519 1388 8486 3404 26482 27694 16240 20657 181274 7662 4924 1353 4091
internal_value=4.62206e-05 -6.28044e-05 -0.000504729 -0.000269738 -0.00237693 -0.000340301 0.00114935 -0.00583569 -0.0114016 -0.00518833 -0.0005538 0.00136767 -0.00305681 0.00615856 0.00915571 0.0117145 0.00436408 0.0255387 0.0168313 0.0236308 0.00923119 0.00156876 -0.00200006 0.00233091 -0.00278841 0.00282692 -0.00229233 0.00186475 0.00282692 0.0183998
internal_weight=100081 99753.1 93139 91174.9 36691 21278.6 54483.8 4220.55 1964.13 15412.4 5828.36 17058.1 5439.69 6614.13 5456.78 4805.76 1973.9 323.917 2831.86 1492.43 1339.43 52293.6 9201.88 43091.7 6342.38 36749.3 5994.09 4660.27 3642.72 819.18
internal_count=595654 593578 551033 539016 217374 125544 321642 24547 12017 91830 34198 100997 32319 42545 35359 31456 12545 4456 18911 10028 8883 309016 54176 254840 38250 216590 35316 27654 22010 5479
is_linear=0
shrinkage=0.03


Tree=112
num_leaves=31
num_cat=0
split_feature=6 6 6 9 1 4 2 11 6 20 0 2 3 10 17 0 12 11 6 13 12 13 6 15 4 17 21 17 15 17
split_gain=744.378 637.809 305.42 218.304 197.328 215.808 153.7 150.961 124.281 105.638 94.839 79.8154 75.1862 63.6969 62.4661 61.7766 60.8075 60.7914 47.584 46.9456 46.2046 44.8726 39.6211 37.1197 36.7353 36.302 35.3328 31.876 28.0334 46.3798
threshold=3.5000000000000004 -4.4999999999999991 -1.4999999999999998 7.5000000000000009 1.0000000180025095e-35 1.0000000180025095e-35 1.5000000000000002 21.066316802066698 1.0000000180025095e-35 1.0000000180025095e-35 4.5000000000000009 1.5000000000000002 1.0000000180025095e-35 15.500000000000002 0.044610796766958193 8.5000000000000018 0.3168280324219514 -74.452390274339777 -6.4999999999999991 0.070126330525460842 0.1871950358960853 0.093138758018962348 4.5000000000000009 0.27292508243722707 1.0000000180025095e-35 0.031807381958963536 0.18951151923512413 0.027384494453984411 0.17102959293316927 0.037505513252837727
decision_type=2 2 2 2 2 2 2 2 2 2 2 2 2 2 2 2 2 2 2 2 2 2 2 2 2 2 2 2 2 2
left_child=1 9 3 -3 5 8 16 21 12 18 -10 -7 19 22 17 24 28 -5 -1 -4 -11 -2 27 -19 -8 -20 -21 -9 29 -6
right_child=7 2 4 14 6 11 15 13 10 20 -12 -13 -14 -15 -16 -17 -18 23 25 26 -22 -23 -24 -25 -26 -27 -28 -29 -30 -31
leaf_value=-0.029201242754073917 0.0070942462222579293 -0.0081884832343429234 0.0020927433635437066 -0.0081884832343429234 0.0070942462222579293 0.0070942462222579293 0.0023639525055609342 0.013486300268386804 0.0020927433635437066 -0.02578806083906084 0.0070942462222579293 0.0021395489708770383 0.0020927433635437066 0.013486300268386804 -0.0081884832343429234 0.0070942462222579293 0.0070942462222579293 -0.0015325471412085834 -0.022404354300001622 0.0020927433635437066 -0.0081884832343429234 0.013486300268386804 0.02739194008456387 -0.0048605151877757526 -0.0015325471412085834 -0.0098407116218502556 -0.0015325471412085834 0.022351528315204854 -0.0015325471412085834 -0.0015325471412085834
leaf_weight=479.19197347946465 649.5647146217525 2909.4534299112856 1955.2707552909851 210.94288847967982 676.13885116204619 3911.6654942296445 8993.5167998149991 175.29770672693849 4699.8024648837745 132.68569108843803 4122.7158504202962 2928.3003799691796 6009.7975843399763 418.60255244001746 385.47405270859599 947.39277015253901 405.67054454982281 11518.709580633789 514.72156780213118 1350.2376535385847 746.4211801327765 501.17262190580368 833.59310004301369 1486.9790547601879 2631.4781994447112 353.99359804391861 12163.148955412209 459.38292917609215 27185.008743096143 160.88865453004837
leaf_count=14578 10884 30968 8264 1587 3363 19312 42486 3134 26266 1959 30286 14821 25397 6011 2180 5590 2114 67290 10886 5679 10844 8418 23920 9818 12339 7341 51429 8452 128500 830
internal_value=1.43549e-05 -0.000444292 -7.07509e-05 -0.00377772 0.000712625 0.00229652 -0.000722227 0.0146328 0.0012098 -0.0163062 0.00420716 0.00709425 -2.16697e-05 0.0198784 -0.00201858 0.0020927 -0.00153255 -0.00159751 -0.0215803 -0.00116025 -0.00818895 0.00709425 0.0230638 -0.00153255 0.00145117 -0.0173191 -0.00153255 0.0173111 -0.00153255 0.00504351
internal_weight=99917.2 96879.6 94652.6 16511.6 78141 37140.9 41000.1 3037.61 30301 2227.01 8822.52 6839.97 21478.5 1886.88 13602.1 12572.4 28427.7 13216.6 1347.91 15468.7 879.107 1150.74 1468.27 13005.7 11625 868.715 13513.4 634.681 28022 837.028
internal_count=594946 534127 488519 111843 376676 181454 195222 60819 147321 45608 56552 34133 90769 41517 80875 60415 134807 78695 32805 65372 12803 19302 35506 77108 54825 18227 57108 11586 132693 4193
is_linear=0
shrinkage=0.03


Tree=113
num_leaves=31
num_cat=0
split_feature=6 6 6 10 9 12 10 15 9 11 12 11 15 11 12 11 13 16 16 6 15 13 15 12 6 17 15 13 17 13
split_gain=737.885 579.47 280.962 330.936 286.604 176.83 133.206 129.236 117.426 111.282 132.537 102.665 96.971 89.2971 77.3723 65.6758 63.5581 106.388 61.4938 59.0168 86.2489 51.4602 48.4541 45.7467 45.1215 43.1554 38.5802 34.7013 22.1234 22.2318
threshold=3.5000000000000004 -4.4999999999999991 -1.0000000180025095e-35 4.5000000000000009 4.5000000000000009 0.3168280324219514 6.5000000000000009 0.29234939425386608 13.500000000000002 83.147873333427597 0.23263776530552557 -74.452390274339777 0.20133451414436612 21.066316802066698 0.28381593723599441 -12.349392446499449 0.098759188132145445 0.094403943135356314 0.086495951348515787 1.0000000180025095e-35 0.21378723855938986 0.095606383202185036 0.26321760996031679 0.1808873607400413 -6.4999999999999991 0.031807381958963536 0.20603036097229235 0.058605519976797978 0.025148183628271561 0.076170193385312265
decision_type=2 2 2 2 2 2 2 2 2 2 2 2 2 2 2 2 2 2 2 2 2 2 2 2 2 2 2 2 2 2
left_child=1 8 4 19 -3 9 -2 11 24 12 -11 -6 18 -8 -12 -10 -13 -18 -5 20 -4 22 -15 -9 -1 -26 -27 -14 29 -22
right_child=6 2 3 5 7 -7 13 23 15 10 14 16 27 21 -16 -17 17 -19 -20 -21 28 -23 -24 -25 25 26 -28 -29 -30 -31
leaf_value=-0.029526935596509641 0.024548908401736107 -0.0079036914748176496 -0.00061268074214360839 -0.00061268074214360839 -0.0079036914748176496 0.0070889521094662372 0.0070889521094662372 -0.00061268074214360839 -0.024296583758624181 0.001757244577895835 0.0070889521094662372 -0.00061268074214360839 0.001757244577895835 0.023835342794354671 0.001757244577895835 -0.0079036914748176496 -0.0042581861084806287 -0.00061268074214360839 0.001757244577895835 0.0070889521094662372 0.0051409303723231829 0.011640092912752654 0.011640092912752654 -0.0079036914748176496 -0.023050680524896068 -0.023496976728730991 -0.0079036914748176496 -0.00061268074214360839 0.0051409303723231829 -0.00061268074214360839
leaf_weight=436.21552769094706 867.68645279295743 3102.7720636986196 1186.4613269269466 4230.552558247 426.82054817304015 881.73313913121819 840.81573156267405 145.08180598914623 218.61089829728007 2862.6476744562387 2789.7909213192761 20611.692682228982 740.99090976640582 785.26861168071628 474.69671680778265 725.60294330492616 4833.8297956027091 3007.0376773439348 4790.5757991112769 2223.3541986681521 161.02109123766422 442.90581303276122 55.064972495660186 1510.2411669269204 493.5690928529948 83.334211822599173 241.81054829619825 38325.033879853785 1946.5585804581642 437.49130766093731
leaf_count=14554 25379 26165 4963 20310 2858 4719 11426 794 3315 15644 15563 107970 3607 14959 2573 9233 26246 15544 23552 19657 661 8026 995 8920 11231 1837 5428 179442 7992 1784
internal_value=-1.89218e-05 -0.000472172 -0.000118437 0.00109456 -0.00231992 0.000364089 0.0146501 -0.00136171 -0.0156889 9.63464e-05 0.00390337 -0.000883574 -0.000388876 0.0105871 0.00708895 -0.00790369 -0.000612681 -0.00331339 0.00175724 0.00708895 0.00319291 0.0161912 0.0209626 -0.00790369 -0.0216994 -0.017467 -0.00890193 -0.000612681 0.00514093 -0.000612681
internal_weight=99879.3 96887.5 94688.4 61050.9 33637.5 55096 2991.74 30534.7 2199.14 54214.3 6127.14 28879.4 48087.2 2124.06 3264.49 944.214 28452.6 7840.87 9021.13 5954.89 3731.53 1283.24 840.334 1655.32 1254.93 818.714 325.145 39066 2545.07 598.512
internal_count=595347 534562 488964 300467 188497 265410 60785 162332 45598 260691 33780 152618 226911 35406 18136 12548 149760 41790 43862 35057 15400 23980 15954 9714 33050 18496 7265 183049 10437 2445
is_linear=0
shrinkage=0.03


Tree=114
num_leaves=31
num_cat=0
split_feature=6 6 9 1 4 5 9 2 6 2 5 12 6 9 6 6 6 3 11 11 0 15 11 6 3 12 17 3 11 16
split_gain=675.58 513.971 352.484 187.988 198.67 198.29 182.939 149.619 148.132 145.193 107.857 92.9367 80.6754 75.6272 69.7069 66.3588 63.2913 61.7004 61.2987 59.8629 57.3847 56.5766 50.7039 50.0833 49.4098 48.6412 48.2124 43.4533 39.638 49.3827
threshold=1.5000000000000002 -3.4999999999999996 8.5000000000000018 1.0000000180025095e-35 1.0000000180025095e-35 1.0000000180025095e-35 11.500000000000002 1.0000000180025095e-35 5.5000000000000009 1.0000000180025095e-35 1.0000000180025095e-35 0.275765146537161 3.5000000000000004 4.5000000000000009 -7.4999999999999991 -6.4999999999999991 -1.0000000180025095e-35 1.0000000180025095e-35 79.868749167444108 29.961781751371976 5.5000000000000009 0.1765063519940919 -23.298200680903388 -1.0000000180025095e-35 1.0000000180025095e-35 0.20801795358534322 0.035738501783780935 1.0000000180025095e-35 99.143032179048319 0.085444015240009177
decision_type=2 2 2 2 2 2 2 2 2 2 2 2 2 2 2 2 2 2 2 2 2 2 2 2 2 2 2 2 2 2
left_child=1 6 12 4 7 9 15 27 11 17 13 18 19 -9 -8 -1 20 23 -4 -2 -11 -13 -16 -5 -18 -20 -10 -3 29 -15
right_child=2 3 8 5 -6 -7 14 10 26 16 -12 21 -14 28 22 -17 24 -19 25 -21 -22 -23 -24 -25 -26 -27 -28 -29 -30 -31
leaf_value=-0.030242584222264057 0.0067054789076133074 0.00077181418615247799 0.0028050724286333498 -0.0052844251583454875 0.0028050724286333498 -0.005710005881785607 -0.025940901259722187 -0.005710005881785607 0.025553458316577252 -6.0123469557580786e-05 0.0028050724286333498 0.0028050724286333498 0.024885331745510587 -0.00424897385768995 -0.015825453570753899 -0.015611566229105452 0.002762101570927981 -0.005710005881785607 0.0063638236992501354 0.018463644560134572 -0.0046499820715188754 0.011258423360561176 -0.005710005881785607 -0.00099516740565271946 -6.0123469557580786e-05 0.011258423360561176 0.011258423360561176 0.0028050724286333498 0.0028050724286333498 -0.00083261216668847698
leaf_weight=356.61818720214069 726.75825556367636 10134.868769031018 7621.4000563472509 3552.1815312430263 7025.1101899370551 3939.578304618597 152.21627224050462 1373.2018982954323 383.98768653906882 5574.4176067784429 1742.4140754714608 60.585393747314811 779.46533561870456 6545.740703612566 362.01068690977991 1323.9102195296437 10425.668703153729 3059.111203327775 243.94419039785862 847.0157949142158 3520.9067266322672 857.17445879429579 2099.4323042910546 7890.5543631464243 5125.5832580476999 891.87126907519996 163.50927427597344 2636.7388999909163 1128.525233566761 9103.4515581727028
leaf_count=12500 8345 47226 60861 18929 33127 18645 3421 8515 9692 26265 8227 618 23400 29984 4763 27640 44642 14102 2524 11254 21605 8167 21422 33438 21880 10283 4135 12270 5321 41628
internal_value=2.48657e-05 -0.000913934 0.00652408 -0.000388839 0.00110072 -0.00176092 -0.0110312 -0.000195514 0.00411252 -0.00104904 -0.00182228 0.00325122 0.0169875 -0.00256297 -0.00605848 -0.0187486 0.000352422 -0.00343061 0.00280507 0.0130492 -0.00163523 0.0112584 -0.00571001 -0.00232738 0.00151498 0.00992257 0.0192656 0.00233826 -0.00186624 -0.00226197
internal_weight=99648 87072.2 12575.7 82778.1 39690.1 43088 4294.19 32664.9 10222.5 39148.4 19893.3 9674.98 2353.24 18150.9 2613.66 1680.53 24646.6 14501.8 8757.22 1573.77 9095.32 917.76 2461.44 11442.7 15551.3 1135.82 547.497 12771.6 16777.7 15649.2
internal_count=594829 455550 139279 385804 186298 199506 69746 153171 96280 180861 93675 82453 42999 85448 29606 40140 114392 66469 73668 19599 47870 8785 26185 52367 66522 12807 13827 59496 76933 71612
is_linear=0
shrinkage=0.03


Tree=115
num_leaves=31
num_cat=0
split_feature=6 6 10 6 0 1 5 2 2 12 0 10 14 14 4 11 17 12 6 6 17 13 15 4 5 6 12 2 11 0
split_gain=674.848 556.622 272.863 259.701 235.372 170.057 166.5 135.832 127.608 112.14 106.067 83.5963 62.7981 60.5737 49.9391 48.6612 45.8188 44.2661 42.0528 41.0025 39.7259 39.6277 37.7985 37.1708 35.4656 37.6248 35.196 34.6748 34.5474 34.4804
threshold=2.5000000000000004 -4.4999999999999991 6.5000000000000009 -1.4999999999999998 6.5000000000000009 1.0000000180025095e-35 1.0000000180025095e-35 1.0000000180025095e-35 1.5000000000000002 0.21104346249751751 5.5000000000000009 16.500000000000004 0.03693197135729781 0.045150344511471062 1.0000000180025095e-35 20.622377567180028 0.044610796766958193 0.3168280324219514 1.0000000180025095e-35 -6.4999999999999991 0.031807381958963536 0.067272022839602888 0.20603036097229235 1.0000000180025095e-35 1.0000000180025095e-35 1.0000000180025095e-35 0.25558877875914149 1.5000000000000002 -74.452390274339777 6.5000000000000009
decision_type=2 2 2 2 2 2 2 2 2 2 2 2 2 2 2 2 2 2 2 2 2 2 2 2 2 2 2 2 2 2
left_child=1 10 -2 4 13 6 7 23 17 -4 12 15 -1 16 18 26 28 -7 -9 -12 -21 -13 -22 -5 25 -10 -11 -16 -3 -20
right_child=2 3 9 5 -6 8 -8 14 24 11 19 21 -14 -15 27 -17 -18 -19 29 20 22 -23 -24 -25 -26 -27 -28 -29 -30 -31
leaf_value=-0.0079973846806285689 0.021685812366934568 -0.0079973846806285689 0.0045997272511079362 0.002574407481598596 -0.0079973846806285689 -0.0015877736226103535 0.0045997272511079362 -0.0015877736226103535 0.0013306738052428111 0.012636974933751375 -0.029580604119722069 0.025106067762219478 -0.0250205268976477 -0.0079973846806285689 0.0045997272511079362 0.017329201949416423 -0.0079973846806285689 0.0045997272511079362 7.0847880608216644e-05 -0.023253770362013083 -0.023609858428029238 0.0045997272511079362 -0.0079973846806285689 0.0045997272511079362 -0.0015877736226103535 0.0045997272511079362 0.0045997272511079362 -4.9381092669037544e-05 -0.0015877736226103535 0.0045997272511079362
leaf_weight=777.58116531185806 1345.2534203473479 176.41099882125854 1311.0258560348302 10979.061901628971 4369.452300477773 26905.878595456481 3302.4115985929966 11878.930796675384 7898.2823474258184 584.05930313840508 405.53459691256285 84.561322577297688 194.00325489602983 396.08696663379669 1792.893771238625 1387.1468270085752 318.42270486801863 396.36968968808651 3613.2812900319695 454.4525570590049 79.267594175413251 1037.8381353840232 225.74998477473855 1172.5313817486167 1582.3702182024717 2589.8506114855409 199.27726286277175 2138.4374052807689 11200.371897652745 797.9495025575161
leaf_count=10528 34452 1293 14898 50580 42892 121857 15809 50279 33304 6779 14347 968 2823 2496 8401 22321 1736 1911 19502 10886 1823 10738 5242 5448 7234 14922 2234 10174 63547 5948
internal_value=1.30318e-05 -0.000609483 0.00980894 -0.0002559 -0.00366815 0.000492606 0.00199279 0.00111846 -0.000866741 0.00633063 -0.0157389 0.0105016 -0.00839393 -0.00158777 -0.000387979 0.0139527 -0.00158777 -0.00158777 -0.0011204 -0.0218395 -0.0176391 0.00459973 -0.00917672 0.00362499 0.00176023 0.00240512 0.00794475 0.00264597 -0.00158777 0.00147547
internal_weight=99594.7 93645.6 5949.16 91509 16460.7 75048.2 35675.5 32373.1 39372.8 4603.91 2136.59 3292.88 971.584 12091.3 20221.5 2170.48 11695.2 27302.2 16290.2 1165 759.47 1122.4 305.018 12151.6 12070.5 10488.1 783.337 3931.33 11376.8 4411.23
internal_count=595372 502982 92390 457333 111964 345369 166141 150332 179228 57938 45649 43040 13351 69072 94304 31334 66576 123768 75729 32298 17951 11706 7065 56028 55460 48226 9013 18575 64840 25450
is_linear=0
shrinkage=0.03


Tree=116
num_leaves=31
num_cat=0
split_feature=6 6 9 12 1 5 2 6 2 4 6 6 14 11 9 0 0 3 4 2 17 0 3 11 6 6 0 6 0 11
split_gain=604.828 508.515 395.272 229.397 176.135 265.557 155.415 148.493 137.083 127.682 108.349 106.911 104.96 94.4272 82.1671 71.4395 71.3827 57.3254 58.0815 54.4562 53.3551 53.0504 51.3569 49.1281 49.0616 48.6231 45.386 39.1599 39.0046 38.4931
threshold=-1.4999999999999998 4.5000000000000009 7.5000000000000009 0.3168280324219514 1.0000000180025095e-35 1.0000000180025095e-35 1.5000000000000002 -6.4999999999999991 1.0000000180025095e-35 1.0000000180025095e-35 1.5000000000000002 -5.4999999999999991 0.045150344511471062 -74.452390274339777 14.500000000000002 8.5000000000000018 8.5000000000000018 1.0000000180025095e-35 1.0000000180025095e-35 1.5000000000000002 0.044610796766958193 4.5000000000000009 1.0000000180025095e-35 9.0239506945936245 1.0000000180025095e-35 1.5000000000000002 6.5000000000000009 1.0000000180025095e-35 5.5000000000000009 9.0239506945936245
decision_type=2 2 2 2 2 2 2 2 2 2 2 2 2 2 2 2 2 2 2 2 2 2 2 2 2 2 2 2 2 2
left_child=2 3 11 4 5 8 17 -4 9 22 -10 -1 13 -9 -3 29 -13 18 23 -7 -15 -12 24 -6 -2 -25 -27 -17 -26 -8
right_child=1 14 7 -5 6 19 15 12 10 -11 21 16 -14 20 -16 27 -18 -19 -20 -21 -22 -23 -24 25 28 26 -28 -29 -30 -31
leaf_value=-0.029450491098430839 0.00036018738933653007 0.023852392531876772 -0.021760670388661071 0.0097203228056429013 -0.0017635964243883334 0.0097203228056429013 -0.0011523463783289342 -0.012019059862467322 -0.0010670894380298344 0.0097203228056429013 0.0019538446936573171 -0.0081577262735532084 -0.012019059862467322 -0.0018399273197214328 0.0097203228056429013 0.002255746975818641 -0.017363197076399536 -0.0018399273197214328 -0.0018399273197214328 0.0043413467292906594 -0.0069294935910943775 0.009071423689890246 0.0067820954319672 0.00083749567034383573 0.0028234247530896056 0.0035203908226771503 0.0097203228056429013 0.0097203228056429013 0.0097203228056429013 0.0025795946039530284
leaf_weight=359.85109788179398 6642.0919707119465 952.78322630561888 358.75239502824843 1194.3432088922709 5713.8547866269946 1801.4907881058753 3617.5853477083147 222.32330880872905 18028.028525084257 1222.8755930252373 1628.408097282052 1743.7267695851624 476.85665921494365 13603.157006628811 523.63864463940263 635.25461046397686 1349.0823742225766 8014.1283345315605 2118.6414403710514 1706.4803214929998 388.41413032822311 1505.5390570629388 2234.3684032000601 10862.133384943008 1633.9950130879879 1214.4549251832068 550.91651867516339 306.55830075778067 869.83266881294549 7953.7061012666672
leaf_count=13335 27989 29690 9352 6519 27113 9524 16941 1940 79210 6120 12081 19039 3544 89813 9250 2942 17967 39342 10079 9122 2433 16824 11162 46874 9867 9727 7086 3131 7687 39569
internal_value=4.72853e-05 0.00116604 -0.00484589 0.000841639 0.000627772 0.00212017 -0.000729425 -0.00274472 0.00130328 0.00377995 -0.000171944 -0.0139976 -0.00227745 -0.00183993 0.018599 0.00206083 -0.0121818 -0.00183993 -0.000246073 0.00972032 -0.00183993 0.00497478 0.00270665 0.00054416 0.00170974 0.00158852 0.00620329 0.00972032 0.00528666 0.00141286
internal_weight=99433.3 80931.1 18502.2 79454.7 78260.3 37273.1 40987.2 15049.5 33765.1 12603.2 21162 3452.66 14690.8 14213.9 1476.42 12513.1 3092.81 28474.1 20460 3507.97 13991.6 3133.95 11380.3 18341.4 9145.92 12627.5 1765.37 941.813 2503.83 11571.3
internal_count=595272 437849 157423 398909 392390 189586 202804 107082 170940 62825 108115 50341 97730 94186 38940 62583 37006 140221 100879 18646 92246 28905 56705 90800 45543 63687 16813 6073 17554 56510
is_linear=0
shrinkage=0.03


Tree=117
num_leaves=31
num_cat=0
split_feature=6 6 10 14 6 11 15 16 17 14 14 16 12 17 6 15 9 11 16 12 16 12 17 12 14 11 11 17 16 17
split_gain=553.252 461.129 360.36 215.355 195.506 170.864 196.665 143.922 220.642 187.847 198.089 184.483 169.213 148.667 128.384 117.499 114.439 103.207 98.3152 96.9549 88.2498 115.796 69.2043 63.9089 82.1969 66.1433 55.941 55.7254 54.2091 53.4598
threshold=1.5000000000000002 -4.4999999999999991 4.5000000000000009 0.046189505838202333 5.5000000000000009 -68.910543978746759 0.2754975140169213 0.084912013066054864 0.027677790779959896 0.031027887831235411 0.030295827028870879 0.076520504883781384 0.22929964535586375 0.041098660206852503 -1.0000000180025095e-35 0.19108423123630128 13.500000000000002 79.868749167444108 0.11299715587214858 0.17736066974312367 0.12030116363772851 0.19784249019295919 0.043810643592892946 0.26399857989839759 0.026760772965464398 101.92822852297662 -12.349392446499449 0.035738501783780935 0.077114307187234568 0.028858418764761952
decision_type=2 2 2 2 2 2 2 2 2 2 2 2 2 2 2 2 2 2 2 2 2 2 2 2 2 2 2 2 2 2
left_child=1 16 -2 5 17 -3 7 8 11 10 12 -7 -9 23 -14 -13 -1 -4 -11 -8 -20 -22 -15 25 28 -10 -18 -6 -25 -16
right_child=2 3 4 -5 27 6 19 9 13 18 -12 15 14 22 29 -17 26 -19 20 -21 21 -23 -24 24 -26 -27 -28 -29 -30 -31
leaf_value=-0.021089530333328079 0.020226328382043326 -0.0076931990339639648 0.0025019385145927334 -0.0076931990339639648 0.026314657490756725 0.0025019385145927334 0.0025019385145927334 0.0025019385145927334 -0.0039028791968566609 0.0025019385145927334 -0.0039028791968566609 0.0025019385145927334 -0.0039028791968566609 0.0025019385145927334 0.0025019385145927334 -0.0039028791968566609 -0.023494565126006249 0.010840899674013041 -0.0039028791968566609 -0.0039028791968566609 -0.0039028791968566609 0.0025019385145927334 -0.0039028791968566609 -0.0039028791968566609 0.0025019385145927334 0.0025019385145927334 -0.0076931990339639648 0.01162985245511613 0.0025019385145927334 -0.0014035422681199516
leaf_weight=1164.8872287645936 1397.8933257833123 1604.1680055744946 8966.2088165655732 1745.3793540149927 448.41758921928704 4522.4128378927708 529.31271706521511 9491.0250175856054 14429.441150926054 17451.15882961452 3280.9810919947922 393.92411967739463 4377.7074128948152 1753.9585553146899 3002.9148947447538 2817.9891811311245 202.76019410602748 1381.7983834035695 1672.9372495934367 7646.0208768211305 350.12376527115703 929.34675640612841 1068.2014523223042 599.87200272828341 1383.9548614472151 786.58004473522305 710.56962683424354 186.88171307742596 541.54080525413156 4484.5492637008429
leaf_count=33045 27340 8410 77469 8789 12602 21602 2565 45389 69946 83635 15951 1859 23767 8574 13131 13857 3260 16699 8002 38074 1779 4400 5115 2864 6571 3870 9299 5195 2542 19943
internal_value=-4.1918e-05 -0.000886897 0.00589077 -0.00054482 0.00406288 -0.000310412 -0.000112559 0.000384516 -0.00129209 0.00143789 -0.000486671 0.00250194 0.000767437 -0.0029262 -0.00176991 -0.00390288 -0.0148416 0.00306902 0.00250194 -0.00390288 -0.00389443 0.00250194 0.00250194 -0.00390288 0.000870945 -0.00390288 -0.0076932 0.0201907 -0.00390288 0.000855344
internal_weight=99322.9 86941.7 12381.2 84863.5 10983.3 83118.1 81514 73338.6 28297.9 45040.7 24637.2 7734.33 21356.2 20563.5 11865.2 3211.91 2078.22 10348 20403.6 8175.33 2952.41 1279.47 2822.16 17741.4 2525.37 15216 913.33 635.299 1141.41 7487.46
internal_count=595544 456239 139305 410635 111965 401846 393436 352797 136800 215997 118181 37318 102230 99482 56841 15716 45604 94168 97816 40639 14181 6179 13689 85793 11977 73816 12559 17797 5406 33074
is_linear=0
shrinkage=0.03


Tree=118
num_leaves=31
num_cat=0
split_feature=6 6 9 12 1 5 11 6 4 2 4 6 2 10 6 6 0 0 14 2 20 17 4 6 0 14 11 10 22 11
split_gain=575.201 447.869 403.172 213.869 173.602 252.506 148.279 137.74 125.025 117.803 108.122 100.807 99.4285 96.9715 94.5432 74.2538 142.152 65.2644 64.0789 61.8904 61.2462 57.9675 46.5903 42.5996 38.2593 36.2893 35.716 35.6828 34.0764 29.7691
threshold=-1.4999999999999998 4.5000000000000009 7.5000000000000009 0.3168280324219514 1.0000000180025095e-35 1.0000000180025095e-35 -74.452390274339777 -5.4999999999999991 1.0000000180025095e-35 1.0000000180025095e-35 1.0000000180025095e-35 1.5000000000000002 1.0000000180025095e-35 11.500000000000002 -5.4999999999999991 1.0000000180025095e-35 7.5000000000000009 8.5000000000000018 0.045150344511471062 1.5000000000000002 1.0000000180025095e-35 0.044610796766958193 1.0000000180025095e-35 1.0000000180025095e-35 4.5000000000000009 0.034347324894103318 -25.250056659524486 22.500000000000004 0.071798283750278483 17.165030664384634
decision_type=2 2 2 2 2 2 2 2 2 2 2 2 2 2 2 2 2 2 2 2 2 2 2 2 2 2 2 2 2 2
left_child=2 3 14 4 5 9 -4 -8 12 10 23 22 -6 29 -1 27 -17 25 21 -7 -13 -9 -11 -2 -25 26 -16 28 -14 -3
right_child=1 13 6 -5 8 19 7 18 -10 11 -12 20 15 -15 17 16 -18 -19 -20 -21 -22 -23 -24 24 -26 -27 -28 -29 -30 -31
leaf_value=-0.028988186772484784 0.001516510313740856 0.01577892270205208 -0.025922017043691462 0.0093039185055920331 -0.0016727038310083522 0.0093039185055920331 -0.014082801836146358 -0.0018040019526917128 -0.0018040019526917128 -0.001664677815235605 0.0093039185055920331 0.0093039185055920331 0.0024922643504606385 0.0093039185055920331 -0.020390616879238325 0.0024922643504606385 0.0093039185055920331 -0.017379351454798138 -0.0079434018944190346 0.0035286887606977785 0.0020042227228408006 -0.0079434018944190346 0.0020042227228408006 0.0035797623121515019 0.0090765782775020284 -0.014998584316571752 -0.0037840604340346425 0.0024922643504606385 -0.0012825271414460453 0.028680279679770083
leaf_weight=342.42595065385103 8261.3337006866932 240.41101027652621 239.94797112606466 1176.926266938448 13103.598881421611 1791.0923787411302 645.82658086530864 13282.848097395152 7090.4157608971 14522.136055544019 1205.0836469996721 1195.3812153246254 1130.9155171364546 638.87292511574924 129.08160748332739 4980.0880709663033 1053.5883417017758 1327.5269279014319 450.1216645874083 1699.6177579797804 1919.0913937836885 377.59561704099178 3459.7370183765888 1519.659639544785 1574.7116887271404 536.57465685158968 1068.8921837285161 5190.9829304069281 8448.4342867136002 548.91554492898285
leaf_count=13309 34830 7061 2312 6453 64720 9526 15938 83510 34575 63696 6041 14427 4768 12340 1597 31053 10498 17984 3193 9121 14563 2283 15296 8959 12862 6134 11385 21351 36105 19468
internal_value=4.38114e-05 0.00113459 -0.00474259 0.000834567 0.000627776 0.00211318 -0.00262586 -0.00224359 -0.000718169 0.00131481 0.00361471 -5.47697e-05 0.000374088 0.0177733 -0.0140595 0.00166332 0.00446694 -0.0123722 -0.001804 0.00930392 0.00492641 -0.001804 -0.000917966 0.00264176 0.00564301 -0.00852439 -0.00560442 0.000517587 -0.000567967 0.0248006
internal_weight=99151.8 80751 18400.8 79322.8 78145.9 37147.8 14996.3 14756.4 40998 33657.1 12560.8 21096.3 33907.6 1428.2 3404.5 20804 6033.68 3062.08 14110.6 3490.71 3114.47 13660.4 17981.9 11355.7 3094.37 1734.55 1197.97 14770.3 9579.35 789.327
internal_count=595358 437713 157645 398844 392391 189321 107236 104924 203070 170674 62692 107982 168495 38869 50409 103775 41551 37100 88986 18647 28990 85793 78992 56651 21821 19116 12982 62224 40873 26529
is_linear=0
shrinkage=0.03


Tree=119
num_leaves=31
num_cat=0
split_feature=6 6 12 15 11 13 15 11 16 12 16 11 13 12 12 16 11 12 20 12 12 13 13 17 13 15 13 16 15 16
split_gain=525.234 470.447 233.242 215.396 219.099 220.9 268.768 243.428 269.821 237.96 219.3 199.692 183.368 179.868 166.664 174.109 153.805 126.732 111.051 109.3 131.04 107.738 114.416 105.824 102.554 170.317 98.83 92.8575 89.288 83.1555
threshold=3.5000000000000004 -4.4999999999999991 0.3168280324219514 0.2754975140169213 -68.910543978746759 0.0694997121821712 0.26713435610812081 99.143032179048319 0.085066921959308275 0.2231771484636608 0.065909391267145387 15.257543845155626 0.074260733974363238 0.17736066974312367 0.21104346249751751 0.10208665406598953 21.066316802066698 0.23573062549851148 1.0000000180025095e-35 0.25752731697955794 0.27508481738869722 0.092942709985358959 0.10684441076932306 0.026166999938011175 0.081771822726316182 0.19700246810339397 0.068975601527312067 0.060934737720447836 0.28049780409925712 0.10658427019918366
decision_type=2 2 2 2 2 2 2 2 2 2 2 2 2 2 2 2 2 2 2 2 2 2 2 2 2 2 2 2 2 2
left_child=1 18 3 4 -3 14 7 8 10 24 21 -11 -8 28 15 26 -2 -13 -1 -19 -21 -7 -23 -9 25 -10 -6 -15 -5 -16
right_child=16 2 -4 13 5 6 12 23 9 11 -12 17 -14 27 29 -17 -18 19 -20 20 -22 22 -24 -25 -26 -27 -28 -29 -30 -31
leaf_value=-0.020519889158536413 0.0062409973329394571 -0.0073523851829976729 0.0062409973329394571 -0.0073523851829976729 -0.0034545144121842755 0.0025610427738726668 -0.0034545144121842755 0.0025610427738726668 0.0025610427738726668 -0.0034545144121842755 -0.0034545144121842755 -0.0014487198641366052 0.0062409973329394571 0.0062409973329394571 0.0062409973329394571 0.0062409973329394571 0.018542054836044656 0.0025610427738726668 -0.0073523851829976729 -0.0014487198641366052 0.0025610427738726668 -0.0034545144121842755 0.0025610427738726668 0.0062409973329394571 0.0025610427738726668 -0.0034545144121842755 0.0062409973329394571 -0.0066361497955024834 0.0062409973329394571 -0.0034545144121842755
leaf_weight=1198.6921559274197 1079.4042813442647 1638.9432107750326 1371.7386304624379 123.36977138370275 2056.7947695702314 2205.5735371261835 275.09063597023487 809.89647973701358 668.14451021701097 6140.4339538887143 21054.180590163916 5559.2686332911253 2581.6431767418981 530.75562403351068 5416.0076946280897 697.04732588306069 1717.0398278683424 5775.576283801347 823.49972156994045 2700.9021921865642 2422.1196018792689 1192.1572795286775 761.38007571175694 3890.3726685643196 13587.520972397178 3234.0329167321324 154.77484694868326 8014.399152699858 496.05532329529524 812.11604933813214
leaf_count=32719 19354 8820 7523 635 10648 11459 1407 4446 3557 31365 108766 28783 13036 2832 28042 3592 41584 29778 12790 13835 12754 6198 3948 21563 69613 16830 828 41909 2528 4126
internal_value=2.14235e-05 -0.000351294 -4.37039e-05 -0.000266243 0.000212247 0.000443356 -0.000108113 -0.000497903 -0.000972597 0.00055676 -0.00340406 -0.00151359 0.006241 -0.00463193 0.00483995 -0.00135667 0.0128333 0.000557075 -0.0146611 0.00256104 -0.00144872 0.00256104 -0.00345451 0.00609468 0.00256104 -0.00250449 -0.00345451 -0.00583116 0.006241 0.006241
internal_weight=98988.9 96192.5 94170.3 92798.6 83634 81995 72858.3 70001.6 65301.3 40088 25213.3 22598.3 2856.73 9164.58 9136.74 2908.62 2796.44 16457.9 2022.19 10898.6 5123.02 4159.11 1953.54 4700.27 17489.7 3902.18 2211.57 8545.15 619.425 6228.12
internal_count=595268 534330 488821 481298 433394 424574 377338 362895 336886 206515 130371 116515 14443 47904 47236 15068 60938 85150 45509 56367 26589 21605 10146 26009 90000 20387 11476 44741 3163 32168
is_linear=0
shrinkage=0.03


Tree=120
num_leaves=31
num_cat=0
split_feature=6 6 10 13 11 6 9 16 17 14 16 9 6 17 16 11 12 14 12 13 17 6 17 14 17 6 17 16 12 14
split_gain=501.306 422.325 255.809 215.878 237.858 239.208 201.438 189.34 225.597 147.005 128.738 113.688 80.7057 77.5721 77.3275 69.6608 66.0788 65.9005 57.0484 50.733 48.3408 46.1905 46.1751 44.9088 54.7731 42.8556 42.1673 37.4586 37.178 36.8512
threshold=2.5000000000000004 -4.4999999999999991 7.5000000000000009 0.069849350354847531 99.143032179048319 -1.0000000180025095e-35 16.500000000000004 0.068618792067243056 0.026742662713572046 0.041471531219918763 0.088678553681543856 13.500000000000002 5.5000000000000009 0.028495944051732006 0.065909391267145387 -35.876049590340351 0.25752731697955794 0.035269657801755082 0.19277588917132946 0.11313314313900645 0.035738501783780935 -6.4999999999999991 0.031807381958963536 0.02593444634107642 0.024203539841204328 5.5000000000000009 0.025922930137156231 0.11170627670500309 0.19503078877250371 0.039283876182447906
decision_type=2 2 2 2 2 2 2 2 2 2 2 2 2 2 2 2 2 2 2 2 2 2 2 2 2 2 2 2 2 2
left_child=1 11 25 7 5 6 13 8 -3 -9 14 21 23 16 -7 -12 19 -13 -16 -5 -14 -1 -23 24 -4 29 -6 -15 -29 -2
right_child=2 3 12 4 26 10 -8 9 -10 -11 15 17 20 27 18 -17 -18 -19 -20 -21 -22 22 -24 -25 -26 -27 -28 28 -30 -31
leaf_value=-0.029269443046966492 0.01891586040063549 0.0040724923986258351 0.0040724923986258351 -0.0016208645083477862 0.0014550910667684314 0.0014550910667684314 -0.0016208645083477862 0.0040724923986258351 -0.0071548505265004005 -0.0071548505265004005 -0.0016208645083477862 -0.0071548505265004005 0.024615335332813865 -0.0071548505265004005 0.0014550910667684314 0.0014550910667684314 -0.0071548505265004005 -0.023169062972504584 -0.0016208645083477862 -0.0071548505265004005 0.010559632797875038 -0.022322412258222589 -0.0071548505265004005 0.0040724923986258351 0.010559632797875038 0.029121727846867541 0.0040724923986258351 -0.0071548505265004005 -0.0016208645083477862 0.0040724923986258351
leaf_weight=368.07267131097615 900.06075952574611 304.01200716942549 126.97382354736328 4384.1609630137682 858.41085458174348 3375.9869584813714 12896.967862397432 9195.8142498023808 840.85090621560812 430.69705891609192 1978.4088302776217 663.82493103668094 317.04780663922429 8393.4266243297607 2583.4101142585278 22152.889569073915 1007.2338002845645 233.46247337199748 17640.081791654229 413.24438922852278 139.62387201748788 440.86627847142518 299.23358683474362 3025.3066205605865 752.93603318370879 346.22795005701482 3968.1647392809391 160.95670704171062 638.31798596307635 118.56378479488194
leaf_count=14507 21017 1486 1439 28717 4500 15453 62261 45833 4164 2194 8708 9077 8557 54477 11642 102526 6341 3526 80445 2822 3685 11220 7291 33081 8794 13061 20681 1061 4022 2640
internal_value=3.02457e-05 -0.000499047 0.00864403 -0.000199515 -0.000733541 -0.00116231 -0.00336928 0.00378854 -0.00715485 0.00407249 0.00012755 -0.0141102 0.00509257 -0.00583662 -0.00145587 0.00145509 -0.00308918 -0.00715485 -0.00162086 -0.00162086 0.0170468 -0.0205613 -0.0161633 0.00407249 0.0105596 0.01997 0.00407249 -0.00715485 -0.00162086 0.0168084
internal_weight=98955.2 93228.5 5726.74 91223 80451.7 75625.1 27894.3 10771.4 1144.86 9626.51 47730.8 2005.46 4361.89 14997.3 23599.5 24131.3 5804.64 897.287 20223.5 4797.41 456.672 1108.17 740.1 3905.22 879.91 1364.85 4826.58 9192.7 799.275 1018.62
internal_count=595228 502954 92274 457333 403656 378475 159701 53677 5650 48027 218774 45621 55556 97440 107540 111234 37880 12603 92087 31539 12242 33018 18511 43314 10233 36718 25181 59560 5083 23657
is_linear=0
shrinkage=0.03


Tree=121
num_leaves=31
num_cat=0
split_feature=6 6 0 1 5 3 2 11 6 3 6 20 6 10 12 13 21 10 6 12 2 11 16 17 14 17 14 6 6 12
split_gain=487.689 429.179 281.687 230.114 252.316 181.547 156.065 139.644 112.569 96.8563 93.742 83.5087 82.6338 99.4215 63.2892 65.9769 62.7938 60.1556 49.2557 47.2222 46.8163 46.2762 45.5192 44.3474 62.5098 52.6924 44.2185 43.3239 38.2621 36.4715
threshold=3.5000000000000004 -2.4999999999999996 7.5000000000000009 1.0000000180025095e-35 1.0000000180025095e-35 1.0000000180025095e-35 1.0000000180025095e-35 21.066316802066698 -6.4999999999999991 1.0000000180025095e-35 1.0000000180025095e-35 1.0000000180025095e-35 -1.0000000180025095e-35 5.5000000000000009 0.26795006766098534 0.070126330525460842 0.22730316880013876 15.500000000000002 -5.4999999999999991 0.3168280324219514 1.5000000000000002 42.724406882732985 0.064847045370592285 0.028544756975185503 0.029853033104167804 0.020214626127739926 0.02278644966753008 1.0000000180025095e-35 4.5000000000000009 0.20686919203798135
decision_type=2 2 2 2 2 2 2 2 2 2 2 2 2 2 2 2 2 2 2 2 2 2 2 2 2 2 2 2 2 2
left_child=1 2 8 4 6 12 9 -2 -1 -3 16 -12 -5 27 22 -16 -8 28 -4 23 -7 -20 -10 24 26 -26 -15 -14 -9 -28
right_child=7 3 18 5 -6 20 10 17 14 -11 11 -13 13 19 15 -17 -18 -19 21 -21 -22 -23 -24 -25 25 -27 29 -29 -30 -31
leaf_value=-0.020674718956564704 0.0061097802177797903 0.0020900091862572322 -0.02896472831427873 -0.0023352056994477102 0.0061097802177797903 -0.0031560808104951978 0.00044115097875886705 0.015692646201212815 -0.011955281363982304 0.0061097802177797903 0.0061097802177797903 0.00055863436881253782 0.00070646690718904903 -0.00060042269061446815 -0.0031560808104951978 -0.011955281363982304 -0.0031560808104951978 0.012091172682202483 -0.019375942656380797 0.0061097802177797903 -7.7769679054850633e-05 -0.0073480505636338324 -0.0031560808104951978 -0.00060042269061446815 0.0061097802177797903 -0.00060042269061446815 -0.00060042269061446815 0.0061097802177797903 0.026250688414549441 0.0061097802177797903
leaf_weight=348.33389184996486 1066.4339429344982 11107.447111431509 299.24605188332498 8517.0622873306274 3870.7021418474615 8869.6582632958889 7762.0310665220022 574.7887877356261 364.45397527702153 3137.4802358746529 2080.8959588706493 4366.9542929977179 1391.7767192423344 784.71469820663333 146.46664799377322 504.14096384681761 9498.7847047746181 387.60531539469957 877.23499783873558 323.22221173718572 5592.2699756473303 433.33122570440173 5815.9745642542839 12283.999814715236 386.72955928742886 3757.214698638767 514.69769775867462 1027.0108902975917 702.92149300687015 2010.6089336276054
leaf_count=9956 19390 54278 12503 41881 19880 42851 33690 11606 3540 15418 16578 25041 5684 3691 1237 4379 42717 6026 16132 1702 27429 6888 51239 57765 1784 17267 2380 9065 23916 9497
internal_value=4.02672e-05 -0.00031526 -0.00663324 0.000321081 0.00192695 -0.00115641 0.00108333 0.0125348 -0.00408748 0.00356492 -0.000407858 0.00267806 0.000180938 0.00113436 -0.00323584 -0.0119553 -0.00156079 0.0180726 -0.0179676 0.000435029 -0.00315608 -0.0154162 -0.00315608 0.00020327 0.00205727 -0.00039829 0.00512986 0.00610978 0.021533 0.00610978
internal_weight=98804.2 96072.4 8789.18 87283.3 41824.3 45459 37953.6 2731.75 7179.37 14244.9 23708.7 6447.85 30997 22480 6831.04 650.608 17260.8 1665.32 1609.81 20061.2 14461.9 1310.57 6180.43 19738 7453.97 4143.94 3310.02 2418.79 1277.71 2525.31
internal_count=595410 534472 105874 428598 207602 220996 187722 60938 70351 69696 118026 41619 150716 108835 60395 5616 76407 41548 35523 94086 70280 23020 54779 92384 34619 19051 15568 14749 35522 11877
is_linear=0
shrinkage=0.03


Tree=122
num_leaves=31
num_cat=0
split_feature=6 9 6 6 11 6 20 11 17 14 15 9 16 13 17 13 14 14 13 15 6 17 14 13 17 9 17 14 11 13
split_gain=466.742 395.598 377.697 190.538 179.431 229.017 184.775 105.472 98.2674 117.383 110.496 74.0959 67.4498 66.5175 62.2707 60.337 56.8517 141.442 49.5747 44.5452 39.6982 38.6566 39.9222 29.668 28.5607 27.8703 22.7427 20.5178 19.404 27.0173
threshold=-1.4999999999999998 4.5000000000000009 5.5000000000000009 -6.4999999999999991 9.0239506945936245 1.5000000000000002 1.0000000180025095e-35 -74.452390274339777 0.034676938109219672 0.03693197135729781 0.1897131302834851 13.500000000000002 0.085235542416604193 0.09447066659764837 0.040774252776616095 0.084028043882921566 0.026976134852870679 0.023183208323627861 0.066514653836660484 0.26874842803088256 -2.4999999999999996 0.034554255147819839 0.021116726575332433 0.058605519976797978 0.043810643592892946 16.500000000000004 0.021447580998683633 0.045150344511471062 21.066316802066698 0.080796924907411319
decision_type=2 2 2 2 2 2 2 2 2 2 2 2 2 2 2 2 2 2 2 2 2 2 2 2 2 2 2 2 2 2
left_child=1 20 4 25 13 8 19 -5 10 16 12 21 -6 15 28 18 17 -10 -2 -7 -1 22 -9 -8 -23 -3 -12 -13 29 -4
right_child=2 3 14 7 5 6 23 11 9 -11 26 27 -14 -15 -16 -17 -18 -19 -20 -21 -22 24 -24 -25 -26 -27 -28 -29 -30 -31
leaf_value=-0.022628312182010953 0.0002613025201479708 -0.02785923635397352 0.011349686043294479 -0.012594292148672498 0.0002613025201479708 0.011349686043294479 0.011349686043294479 -0.001609116434430514 0.0037734181897113488 0.0002613025201479708 0.0037734181897113488 -0.001609116434430514 0.0037734181897113488 -0.001609116434430514 0.011349686043294479 0.0002613025201479708 0.0037734181897113488 0.0002613025201479708 -0.001609116434430514 0.0037734181897113488 -0.013316335814470903 -0.001609116434430514 -0.0072837680792692972 0.0037734181897113488 -0.0072837680792692972 -0.012594292148672498 0.0002613025201479708 -0.0072837680792692972 0.029615824694744306 0.024274478651572663
leaf_weight=865.69289142265916 1443.211131926626 295.78266712836921 70.211129235103726 247.25719961151481 1733.5153307914734 2819.110834620893 97.513596374541521 262.65551386028528 1792.3333547189832 2625.3024672418833 2547.4235906749964 9682.2611492276192 2364.4436282068491 10953.436437712982 81.51150287501514 5884.8866371829063 7988.6662252396345 2479.0285755395889 6398.1987316589803 241.00229913555086 810.58237078785896 1519.3330304138362 3834.9963590577245 4714.376536378637 232.94071279279888 120.5075559951365 25652.971078447998 326.60651828721166 431.3365086466074 192.97503576427698
leaf_count=21429 7015 10996 1919 2460 7710 40214 1013 2362 7993 11400 11125 57482 10528 53215 2602 28993 35461 10919 31300 3050 6859 13291 36292 40858 2023 2195 111600 2214 15542 5392
internal_value=6.98455e-05 -0.00426887 0.00105064 -0.00285888 0.000847649 0.00180046 0.00653683 -0.00233942 0.00101001 0.00303932 0.000261303 -0.00197324 0.00377342 -0.00127785 0.0218517 0.000261303 0.00377342 0.000261303 -0.00160912 0.0113497 -0.0181466 -0.0050378 -0.00663586 0.00377342 -0.00160912 -0.0228492 0.000261303 -0.00160912 0.0256337 0.0189331
internal_weight=98710.1 18198.6 80511.5 16522.3 79735.4 55055.7 7872 16106.1 47183.7 14885.3 32298.4 15858.8 4097.96 24679.7 776.034 13726.3 12260 4271.36 7841.41 3060.11 1676.28 5849.93 4097.65 4811.89 1752.27 416.29 28200.4 10008.9 694.523 263.186
internal_count=595452 157603 437849 129315 412394 291871 85135 116124 206736 65773 140963 113664 18238 120523 25455 67308 54373 18912 38315 43264 28288 53968 38654 41871 15314 13191 122725 59696 22853 7311
is_linear=0
shrinkage=0.03


Tree=123
num_leaves=31
num_cat=0
split_feature=6 6 9 12 1 5 4 4 6 2 2 0 6 10 2 6 10 12 12 2 6 16 0 21 17 15 15 12 17 5
split_gain=438.276 403.79 255.917 222.149 182.024 289.027 169.377 151.263 128.016 124.279 114.25 103.965 97.9803 97.9313 83.349 76.8508 138.753 64.8755 65.2656 63.8686 63.2723 55.3066 43.0791 39.5934 39.4537 38.5418 53.5208 44.4556 42.4619 37.3672
threshold=-2.4999999999999996 4.5000000000000009 8.5000000000000018 0.3168280324219514 1.0000000180025095e-35 1.0000000180025095e-35 1.0000000180025095e-35 1.0000000180025095e-35 1.0000000180025095e-35 1.5000000000000002 1.0000000180025095e-35 7.5000000000000009 -7.4999999999999991 10.500000000000002 1.0000000180025095e-35 1.0000000180025095e-35 7.5000000000000009 0.26795006766098534 0.32090970986202955 1.5000000000000002 -5.4999999999999991 0.064847045370592285 8.5000000000000018 0.22730316880013876 0.039431741436611399 0.23913086926274743 0.25839179612706259 0.27430906658021775 0.022856704683030873 1.0000000180025095e-35
decision_type=2 2 2 2 2 2 2 2 2 2 2 2 2 2 2 2 2 2 2 2 2 2 2 2 2 2 2 2 2 2
left_child=2 3 20 4 5 7 10 8 14 -9 -6 25 -4 -3 -2 29 -17 21 -19 -7 -1 24 -22 -16 -14 27 -27 -10 -28 -12
right_child=1 13 12 -5 6 19 -8 9 11 -11 15 -13 17 -15 23 16 -18 18 -20 -21 22 -23 -24 -25 -26 26 28 -29 -30 -31
leaf_value=-0.028268566264270916 0.00096037873709898418 0.024896217047285982 -0.02578520318190828 0.0086900613826117832 -0.0022251529011584207 0.0086900613826117832 -0.0029234643985913381 0.0086900613826117832 0.0010027108483500091 8.5882176961525622e-05 0.00062914952720705445 0.0086900613826117832 -0.014482312517328117 0.0086900613826117832 -0.00050905140710774894 0.0086900613826117832 0.0021350906432659063 -0.014482312517328117 -0.0029234643985913381 0.0030466698828862764 -0.0097830655246216574 -0.0029234643985913381 -0.020189165178117172 -0.0029234643985913381 -0.0029234643985913381 0.0086900613826117832 0.0086900613826117832 0.0086900613826117832 0.0010027108483500091 -0.0029234643985913381
leaf_weight=327.27488766983151 9776.5943490117788 685.26739977486432 175.18896404467523 1292.2815537843853 14358.642223205417 1989.1239755880088 7970.9121803380549 3439.7922201417387 4596.9448678977787 2500.5179531760514 15584.713058024645 730.1524260584265 329.82763746753335 638.82908918336034 6282.647545658052 1335.2102270536125 4643.2673611566424 564.70147228986025 60.657547052949667 1874.1546496544033 959.86491310782731 5701.2284050956368 577.19454261288047 7573.1640866845846 30.217293614521623 1244.9495423398912 179.89511452242732 471.1152397301048 1097.761892169714 1561.614354133606
leaf_count=14215 42844 25626 5262 7093 71871 10610 39610 17735 31230 13333 68489 7810 3367 13317 27297 13061 28417 5038 424 10114 14551 51131 11951 34120 224 8153 1143 3550 6835 7004
internal_value=-2.62735e-05 0.00059732 -0.00644425 0.000351107 0.000154093 0.00158401 -0.00115952 0.00078361 -3.37495e-05 0.00517876 -0.000123428 0.00316593 -0.00376391 0.017029 -0.00116051 0.00118165 0.00410989 -0.00317942 -0.0126083 0.00869006 -0.0162948 -0.00292346 -0.0137119 -0.00265692 -0.0144823 0.00192293 0.00503847 0.00100271 0.00100271 0.000160296
internal_weight=98553.7 89827.6 8726.16 88503.5 87211.2 41756.8 45454.4 37893.5 31953.2 5940.31 37483.4 8320.82 6861.82 1324.1 23632.4 23124.8 5978.48 6686.63 625.359 3863.28 1864.33 6061.27 1537.06 13855.8 360.045 7590.67 2522.61 5068.06 1277.66 17146.3
internal_count=595425 489262 106163 450319 443226 214774 228452 194050 162982 31068 188842 58721 65446 38943 104261 116971 41478 60184 5462 20724 40717 54722 26502 61417 3591 50911 16131 34780 7978 75493
is_linear=0
shrinkage=0.03


Tree=124
num_leaves=31
num_cat=0
split_feature=6 6 10 14 11 16 16 13 14 16 16 11 6 17 12 14 14 14 9 16 13 12 15 16 14 12 14 13 13 17
split_gain=412.066 348.341 329.104 239.001 186.103 170.385 204.259 324.128 170.075 282.309 236.007 203.807 152.654 118.012 103.568 98.5425 97.2335 127.063 90.0627 89.1864 89.0672 88.8092 87.9069 78.6017 73.5025 243.772 89.1115 70.8611 72.9302 69.8359
threshold=1.5000000000000002 -5.4999999999999991 4.5000000000000009 0.046189505838202333 -68.910543978746759 0.084912013066054864 0.081158548669436767 0.098989905815499143 0.032208977876468266 0.10266374394942938 0.095956243107101213 16.248762816356251 5.5000000000000009 0.020900040852416275 0.28747602148034296 0.053407306699860886 0.02659368703268036 0.021116726575332433 16.500000000000004 0.079574561319975659 0.086672869903751865 0.275765146537161 0.17724820383217579 0.1085400937820685 0.035102100643682001 0.19595547933675664 0.041187952516631751 0.093138758018962348 0.09823023876529878 0.030484290578444897
decision_type=2 2 2 2 2 2 2 2 2 2 2 2 2 2 2 2 2 2 2 2 2 2 2 2 2 2 2 2 2 2
left_child=1 18 -2 4 -3 6 7 16 9 10 11 -7 21 -11 -13 -5 17 -6 -1 -9 -19 -4 -8 -10 -18 -26 -27 -22 -29 -25
right_child=2 3 12 15 5 8 22 19 23 13 -12 14 -14 -15 -16 -17 24 20 -20 -21 27 -23 -24 29 25 26 -28 28 -30 -31
leaf_value=-0.025446898356562858 0.019474260093482101 -0.0098352693567590223 0.0022693476489605595 -0.0098352693567590223 0.0022693476489605595 -0.0049523397033601479 0.0022693476489605595 -0.0049523397033601479 0.0022693476489605595 -0.0049523397033601479 -0.0049523397033601479 0.0022693476489605595 0.018724692397798132 0.0022693476489605595 -0.0013540681562408219 0.0022693476489605595 0.0022693476489605595 -0.0049523397033601479 -0.0098352693567590223 0.0022693476489605595 0.0022693476489605595 0.010691319074713676 -0.0049523397033601479 -0.0049523397033601479 0.0022693476489605595 -0.0049523397033601479 0.0022693476489605595 -0.0049523397033601479 0.0022693476489605595 0.002248373113853968
leaf_weight=656.36981990747154 1300.4668143745512 1602.6165056880563 9182.4339912775904 1470.3728224262595 1040.4804219771177 4070.8513856921345 419.56065791100264 6285.733250092715 14614.311624435708 708.13294555060565 5840.398154636845 8722.2882895935327 559.79524975642562 9995.7287945691496 818.51688453555107 286.87552053853869 8846.0271551217884 2338.4824759345502 250.54930063337088 700.04781098477542 712.61299005709589 960.90109424851835 6632.021618321538 2768.4938424564898 1092.419120375067 3071.9239929690957 879.28671825677156 645.72496849671006 131.72636958956718 1829.0255623180419
leaf_count=25308 27335 8928 83847 7737 5030 20651 2012 32011 72296 3636 29194 42206 17766 49370 4065 1560 43832 11744 4328 3545 3488 10117 33056 13465 5553 15497 4409 3306 630 9234
internal_value=2.70528e-05 -0.000696344 0.00523504 -0.000499994 -0.000267322 -6.941e-05 -0.00174548 -0.000453162 0.00104407 -0.000475391 -0.00270455 -0.00017466 0.00350161 0.00226935 0.0022442 -0.00983527 0.00163037 -0.00215107 -0.0191705 -0.00495234 -0.00495234 0.00265795 -0.00495234 0.00226935 0.00226935 -0.00152687 -0.00495234 0.00226935 -0.00495234 -0.00231312
internal_weight=98434.2 86430.6 12003.6 85523.7 83766.4 82163.8 32796 25744.5 49367.7 30155.9 19452.1 13611.7 10703.1 10703.9 9540.81 1757.25 18758.7 4869.03 906.919 6985.78 3828.55 10143.3 7051.58 19211.8 13889.7 5043.63 3951.21 1490.06 777.451 4597.52
internal_count=595156 456091 139065 426455 417158 408230 164113 129045 244117 149122 96116 66922 111730 53006 46271 9297 93489 24198 29636 35556 19168 93964 35068 94995 69291 25459 19906 7424 3936 22699
is_linear=0
shrinkage=0.03


Tree=125
num_leaves=31
num_cat=0
split_feature=6 6 12 1 4 4 2 6 6 21 20 2 2 0 10 15 21 14 6 0 0 14 15 15 13 13 15 16 6 11
split_gain=407.396 367.272 269.728 209.311 293.873 257.398 173.059 138.515 136.159 117.56 116.318 104.618 103.806 93.9002 92.301 85.7848 71.4453 68.6251 67.3526 121.124 63.1597 44.5165 44.452 57.6051 43.6013 49.0788 69.2438 43.8215 40.955 38.4888
threshold=4.5000000000000009 -4.4999999999999991 0.3168280324219514 1.0000000180025095e-35 1.0000000180025095e-35 1.0000000180025095e-35 1.5000000000000002 -1.4999999999999998 1.0000000180025095e-35 0.2279610474880239 1.0000000180025095e-35 1.0000000180025095e-35 1.5000000000000002 7.5000000000000009 10.500000000000002 0.22293996438092828 0.29288087598533835 0.046189505838202333 1.0000000180025095e-35 7.5000000000000009 6.5000000000000009 0.03693197135729781 0.23913086926274743 0.25793604020351263 0.10140287788237164 0.10616802210531627 0.23992372741523019 0.11391998313481778 -6.4999999999999991 47.767623493908111
decision_type=2 2 2 2 2 2 2 2 2 2 2 2 2 2 2 2 2 2 2 2 2 2 2 2 2 2 2 2 2 2
left_child=1 10 3 4 8 7 -6 20 9 17 28 -9 -7 22 -2 -11 24 -3 -13 -20 -5 -12 29 -24 27 -26 -27 -17 -1 -10
right_child=14 2 -4 5 6 12 -8 11 13 15 21 18 -14 -15 -16 16 -18 -19 19 -21 -22 -23 23 -25 25 26 -28 -29 -30 -31
leaf_value=-0.028096349134982025 0.024623104227076573 0.0012587915643685619 0.0082996654820300161 -0.0023553780094315744 0.0082996654820300161 -0.0066161452318267908 0.001046240080465756 -0.0018468428330719808 0.0012587915643685619 -0.0066161452318267908 -0.0066161452318267908 0.00048792608387694631 -0.0015488458449292638 0.0082996654820300161 0.0084947982700855403 0.00073604351206514661 -0.0066161452318267908 -0.0066161452318267908 0.0023754925075149206 0.0082996654820300161 -0.0066161452318267908 -0.023250608116267862 0.0082996654820300161 0.0012587915643685619 -0.0066161452318267908 -0.0066161452318267908 0.0012587915643685619 -0.0066161452318267908 -0.015627531098002027 0.0054868547919717063
leaf_weight=356.98470752499998 658.75698772165924 12637.205173756927 1381.9699364509434 4469.0978876799345 4699.77785009332 4991.5380693562329 3490.6553657315671 13116.179343275726 3461.6270184665918 1851.5883333384991 633.62628063745797 14749.986444503069 3698.412186499685 775.52144749648869 624.24973168037832 8132.8176724519581 1595.8264972083271 288.03867173939943 4943.9859690740705 1031.2487509250641 1706.3520627655089 158.00612931139767 1313.2548776678741 1423.741225078702 757.95112688839436 591.86240351386368 1330.4782962575555 740.48186206817627 741.34442199766636 2052.161201050505
leaf_count=14647 25595 59208 7825 26070 25696 26142 19612 64845 21525 11046 10043 62213 19901 8398 13237 39099 8562 1445 31003 10533 17304 2811 8669 8903 3695 2912 6405 3555 18189 16370
internal_value=2.00804e-05 -0.000201946 5.80798e-05 -0.000156809 0.0013148 -0.00152074 0.00645538 -0.000504329 0.000175114 -0.000860227 -0.0132904 0.000249738 -0.00620007 0.00337781 0.0168013 -0.00266684 -0.00175095 0.00123661 0.00157663 0.00426306 -0.00463535 -0.00661615 0.00223683 0.00544086 -0.000914301 -0.004266 -0.00107557 9.8854e-05 -0.0197239 0.00125879
internal_weight=98404.7 97121.7 95231.8 93849.8 45143 48706.8 8190.43 40016.9 36952.6 27926.3 1889.96 33841.4 8689.95 9026.31 1283.01 15001 13149.4 12925.2 20725.2 5975.23 6175.45 791.632 8250.78 2737 11553.6 2680.29 1922.34 8873.3 1098.33 5513.79
internal_count=595458 556626 510936 503111 245100 258011 45308 211968 199792 135927 45690 168594 46043 63865 38832 75274 64228 60653 103749 41536 43374 12854 55467 17572 55666 13012 9317 42654 32836 37895
is_linear=0
shrinkage=0.03


Tree=126
num_leaves=31
num_cat=0
split_feature=12 6 6 9 15 17 16 12 12 15 11 15 13 11 12 12 16 16 12 11 15 16 15 11 6 12 16 12 15 16
split_gain=417.529 379.113 347.184 259.751 187.077 177.226 162.586 204.608 371.82 279.401 187.332 176.622 276.627 166.054 154.756 165.492 144.625 137.912 167.67 192.613 149.153 178.898 161.602 117.668 107.557 106.862 103.919 98.2937 98.0979 135.155
threshold=0.34356646944828623 -2.4999999999999996 4.5000000000000009 8.5000000000000018 0.17102959293316927 0.037505513252837727 0.084912013066054864 0.258050753758025 0.24910022182579253 0.1897131302834851 100.41498684734496 0.22359733666185697 0.10166003123129343 -27.524607623120911 0.27508481738869722 0.28381593723599441 0.081158548669436767 0.095956243107101213 0.24037580772895009 41.421654525907691 0.24166734923474351 0.099944030461381297 0.28898427976286861 -15.721178430402118 1.0000000180025095e-35 0.17311087603922146 0.086495951348515787 0.27508481738869722 0.2065926511953681 0.1208984837580078
decision_type=2 2 2 2 2 2 2 2 2 2 2 2 2 2 2 2 2 2 2 2 2 2 2 2 2 2 2 2 2 2
left_child=1 3 4 -1 5 -3 10 8 9 23 11 -6 16 -10 -9 -16 -13 18 19 26 28 -22 25 -8 -17 -23 -11 -12 29 -19
right_child=-2 2 -4 -5 6 -7 7 14 13 17 27 12 -14 -15 15 24 -18 20 -20 -21 21 22 -24 -25 -26 -27 -28 -29 -30 -31
leaf_value=-0.016234783316728153 0.033899148120402942 0.0082028696353559152 0.016125030338036882 -0.0034064570586665672 -0.0028023190871744345 -0.0028023190871744345 -0.0028023190871744345 -0.0028023190871744345 -0.0028023190871744345 -0.0028023190871744345 0.0082028696353559152 0.0030692101111065282 -0.0028023190871744345 0.0082028696353559152 0.0082028696353559152 -0.0028023190871744345 -0.0028023190871744345 0.0057772085728433628 -0.0028023190871744345 0.0082028696353559152 -0.0028023190871744345 -0.0028023190871744345 -0.0028023190871744345 0.0082028696353559152 0.0082028696353559152 0.0082028696353559152 0.0026644108887331091 0.0030692101111065282 -0.0028023190871744345 -0.0028023190871744345
leaf_weight=1798.0423960257322 324.69232687167823 2117.1331974249333 1260.5044417474419 6746.4947861842811 12783.170340159908 510.76501534506679 356.09976801276207 4333.8880565874279 212.49790431186557 1326.3616022206843 1294.5446685459465 11884.951757706702 4658.1610200479627 3935.7554082404822 1385.1821387819946 2550.4075203090906 3010.3976685982198 2948.7209250684828 1925.0774480551481 4154.9191778358072 1463.6080958247185 220.35679890587926 1240.2162886187434 2639.8314666394144 852.92796395532787 4398.1328128799796 8680.296360515058 249.06530369445682 8619.8548961933702 382.8198889605701
leaf_count=40352 2124 11316 38727 65091 64614 2881 1803 22286 1008 6597 7617 59639 23074 20493 7432 11209 14739 15392 9915 22376 7306 1063 6080 13788 6670 21665 42756 1422 43764 1994
internal_value=4.03151e-05 -7.2624e-05 0.000504474 -0.00610911 0.000280709 0.00816176 3.8315e-05 0.00109803 0.00197368 0.00101074 -0.00157646 -0.00206445 0.000202647 0.00820287 -0.00280232 0.0025957 0.00254243 0.000251532 0.00230214 0.00354215 -0.00146005 0.00200095 0.00470156 0.00820287 -0.00117832 0.00734181 0.00126936 0.00820287 -0.00280232 0.00255127
internal_weight=98264.9 97940.2 89395.6 8544.54 88135.1 2627.9 85507.2 51627 42504.5 38356.3 33880.3 32336.7 19553.5 4148.25 9122.41 4788.52 14895.3 35360.4 16086.7 14161.6 19273.7 7322.31 5858.71 2995.93 3403.34 4618.49 10006.7 1543.61 11951.4 3331.54
internal_count=595193 593069 487626 105443 448899 14197 434702 263597 216000 194499 171105 162066 97452 21501 47597 25311 74378 178908 81644 71729 97264 36114 28808 15591 17879 22728 49353 9039 61150 17386
is_linear=0
shrinkage=0.03


Tree=127
num_leaves=31
num_cat=0
split_feature=6 6 10 14 1 5 3 2 17 15 13 11 2 9 3 2 6 12 10 10 6 9 16 2 6 3 15 11 6 14
split_gain=358.663 315.642 228.056 223.429 183.282 265.251 213.939 143.652 109.31 97.6032 97.2588 98.3034 89.4248 89.0911 87.2144 84.3343 80.9501 77.1967 80.0941 75.4972 70.7044 75.4398 60.5432 59.4781 51.7797 45.0045 43.7647 43.14 40.2897 38.7201
threshold=2.5000000000000004 -5.4999999999999991 7.5000000000000009 0.046189505838202333 1.0000000180025095e-35 1.0000000180025095e-35 1.0000000180025095e-35 1.0000000180025095e-35 0.035123536656494349 0.20133451414436612 0.070126330525460842 83.147873333427597 1.5000000000000002 16.500000000000004 1.0000000180025095e-35 1.0000000180025095e-35 -1.4999999999999998 0.21104346249751751 16.500000000000004 10.500000000000002 -1.0000000180025095e-35 13.500000000000002 0.063939976903660836 1.5000000000000002 -1.0000000180025095e-35 1.0000000180025095e-35 0.23871410645412314 20.622377567180028 5.5000000000000009 0.03905303467656171
decision_type=2 2 2 2 2 2 2 2 2 2 2 2 2 2 2 2 2 2 2 2 2 2 2 2 2 2 2 2 2 2
left_child=1 13 28 4 6 7 10 14 -5 -10 22 15 -7 -1 24 -12 19 -4 27 -9 21 -17 -3 -8 -6 -18 -22 -19 29 -2
right_child=2 3 17 8 5 12 23 16 9 -11 11 -13 -14 -15 -16 20 25 18 -20 -21 26 -23 -24 -25 -26 -27 -28 -29 -30 -31
leaf_value=-0.02495690921180253 0.017942505140041469 -0.0093422357662082574 0.0035065783109546468 -0.0093422357662082574 -0.0047243523897573447 -0.0093422357662082574 0.0035065783109546468 -0.0080891017579383263 -0.0093422357662082574 0.0035065783109546468 0.0007344330672377007 0.0035065783109546468 -0.00300714524293326 -0.0093422357662082574 -0.0072454150161186852 -0.0093422357662082574 0.0024541095729948515 0.0062271184865664931 0.0035065783109546468 -0.00066702069516917477 -0.0029872984333385961 -0.0034694337093796423 0.0035065783109546468 -2.8534052094207313e-05 -0.00048704949171866647 -0.00041991212271589462 0.0010137804210178631 0.015498289822273236 0.028317756854232001 0.0035065783109546468
leaf_weight=621.61898642499 842.58126991800964 207.98020933568478 1221.5988541096449 1430.4002981279045 3705.999197145924 2168.8290359601378 8736.0849610716105 1635.099003136158 108.6448132917285 335.13524846918881 9231.5636339969933 2645.5782987475395 2084.2099337410182 246.14902729168534 3302.6145946756005 2286.8087865673006 14448.665720157325 720.82276869192719 1075.1027593892068 3191.4663676433265 5126.7991308644414 3015.0315503180027 3400.8307348750532 5388.3381185662001 8652.8561725355685 7421.5007939636707 3186.5061627179384 1226.6757034827024 297.46835053618997 120.20605172030628
leaf_count=25282 20899 1083 14313 7797 22598 11224 45376 17105 583 1698 47529 14329 11014 4346 16646 17268 66459 8558 11709 19100 24032 15177 17568 28536 39153 34000 14604 21107 13045 2787
internal_value=8.56332e-06 -0.000433856 0.00744701 -0.000263262 -4.77436e-05 -0.00135262 0.00135934 -0.000635328 -0.00934224 0.00350658 -0.000162904 -0.000829956 -0.00849286 -0.0184212 -0.00291612 -0.00147902 0.000702802 0.00411528 0.00835415 -0.00281292 -0.0029797 -0.00568618 0.00350658 0.00350658 -0.00175823 0.00147888 -0.00125269 0.0120767 0.0186431 0.0156014
internal_weight=98083.2 92578.7 5504.46 91710.9 89836.8 46611.2 43225.5 42358.2 1874.18 443.78 29101.1 25492.3 4253.04 867.768 15661.5 22846.7 26696.7 4244.2 3022.6 4826.57 13615.1 5301.84 3608.81 14124.4 12358.9 21870.2 8313.31 1947.5 1260.26 962.787
internal_count=594925 502507 92418 472879 462801 237299 225502 215061 10078 2281 151590 132939 22238 29628 78397 118610 136664 55687 41374 36205 71081 32445 18651 73912 61751 100459 38636 29665 36731 23686
is_linear=0
shrinkage=0.03


Tree=128
num_leaves=31
num_cat=0
split_feature=12 6 6 14 11 15 17 6 10 9 6 17 12 13 12 12 15 12 14 14 15 16 13 11 12 12 17 12 9 14
split_gain=368.825 354.602 323.852 252.166 228.148 224.003 272.974 223.544 293.356 168.95 145.734 135.627 110.378 107.312 100.26 92.406 80.246 79.9034 79.4448 145.102 158.122 100.422 104.388 76.2379 112.875 144.724 80.5228 75.7888 74.4154 66.8075
threshold=0.34356646944828623 5.5000000000000009 -5.4999999999999991 0.046189505838202333 -68.910543978746759 0.17102959293316927 0.037505513252837727 -1.0000000180025095e-35 3.5000000000000004 13.500000000000002 1.0000000180025095e-35 0.022954179582427427 0.23540692146525047 0.058605519976797978 0.3168280324219514 0.276560808869247 0.21584201955084867 0.25149186317543964 0.039619399928731612 0.041471531219918763 0.26473209696514893 0.10234087394256457 0.082155501846214174 99.143032179048319 0.23263776530552557 0.26198468619132487 0.026802983316639859 0.26795006766098534 16.500000000000004 0.026399943271220288
decision_type=2 2 2 2 2 2 2 2 2 2 2 2 2 2 2 2 2 2 2 2 2 2 2 2 2 2 2 2 2 2
left_child=1 2 28 4 -4 6 -6 9 10 -7 16 12 -5 15 18 -10 -9 -13 23 20 -20 -21 -23 26 -25 -26 -15 -19 -1 -2
right_child=29 -3 3 11 5 7 -8 8 13 -11 -12 17 -14 14 -16 -17 -18 27 19 21 -22 22 -24 24 25 -27 -28 -29 -30 -31
leaf_value=-0.024657229917779949 0.024690725260047539 0.021320925488661633 -0.0094099589627165466 0.010533177364012807 0.010533177364012807 -0.0045350325776020344 -0.0045350325776020344 -0.00038120916654192552 0.010533177364012807 -0.00038120916654192552 0.010533177364012807 -0.0094099589627165466 -0.0094099589627165466 0.0019624340870339494 0.010533177364012807 -0.00038120916654192552 0.0069379365469081971 0.010533177364012807 0.010533177364012807 -0.00038120916654192552 -0.00038120916654192552 -0.00038120916654192552 0.010533177364012807 0.0019624340870339494 0.010533177364012807 0.0019624340870339494 -0.00038120916654192552 -0.0094099589627165466 -0.0094099589627165466 0.058981986442223286
leaf_weight=603.03709278162569 262.79835052508861 688.46161824278533 1796.5210120305419 166.76965145394206 2244.5888077449054 12827.508995754644 555.4031060449779 1007.4792921990156 947.77243591286242 18841.224580414593 1859.6730452217162 1498.8219831623137 60.515811379998922 11798.949279798195 657.16100096330047 96.476196333765984 2235.9603100270033 144.6676471568644 1914.8233570139855 2044.4130268599838 290.64196752756834 205.9140346031636 533.13525647483766 1405.151248332113 1172.4942019041628 606.1335695553571 31220.92930435203 122.05259351991117 241.60268295556307 64.003984956070781
leaf_count=25107 1699 25134 10477 971 13098 94653 3349 4215 5174 94004 21865 8495 408 60254 3779 526 9196 814 10005 10239 1425 1021 2745 8646 7681 3741 160874 707 4311 441
internal_value=4.41417e-06 -0.000102239 -0.000254571 -9.2082e-05 0.000132986 0.000339894 0.0086927 7.88729e-05 0.00118574 -0.00194816 0.00805341 -0.00940996 0.0105332 0.000522885 0.000330927 0.0100353 0.00345115 -0.00940996 0.000179969 0.00377572 0.00952981 -0.000381209 0.0105332 -0.000208436 0.00430608 0.0101406 -0.000381209 0.0105332 -0.0187278 0.0317246
internal_weight=98115.1 97788.3 97099.8 96255.2 94262.4 92465.8 2799.99 89665.8 57997.1 31668.7 5103.11 1992.83 227.285 52894 51849.7 1044.25 3243.44 1765.54 51192.6 4988.93 2205.47 2783.46 739.049 46203.7 3183.78 1778.63 43019.9 266.72 844.64 326.802
internal_count=595054 592914 567780 538362 526967 516490 16447 500043 311386 188657 35276 11395 1379 276110 270410 5700 13411 10016 266631 25435 11430 14005 3766 241196 20068 11422 221128 1521 29418 2140
is_linear=0
shrinkage=0.03


Tree=129
num_leaves=31
num_cat=0
split_feature=12 6 6 9 1 5 2 3 4 2 12 13 6 4 6 6 0 3 20 0 14 14 6 4 6 11 13 16 3 21
split_gain=348.54 316.971 299.73 235.452 181.27 270.971 172.4 165.144 163.077 104.1 95.6849 124.132 95.2542 87.908 85.9077 78.5794 188.064 69.408 68.8798 62.769 61.6865 105.053 54.9877 47.7568 46.3433 44.8967 42.2896 38.362 38.2256 34.007
threshold=0.34356646944828623 -2.4999999999999996 5.5000000000000009 8.5000000000000018 1.0000000180025095e-35 1.0000000180025095e-35 1.0000000180025095e-35 1.0000000180025095e-35 1.0000000180025095e-35 1.5000000000000002 0.26795006766098534 0.070126330525460842 1.5000000000000002 1.0000000180025095e-35 -7.4999999999999991 1.0000000180025095e-35 7.5000000000000009 1.0000000180025095e-35 1.0000000180025095e-35 2.5000000000000004 0.026399943271220288 0.021652034352161679 -5.4999999999999991 1.0000000180025095e-35 1.0000000180025095e-35 -68.910543978746759 0.11539268489154882 0.080309527330571742 1.0000000180025095e-35 0.18951151923512413
decision_type=2 2 2 2 2 2 2 2 2 2 2 2 2 2 2 2 2 2 2 2 2 2 2 2 2 2 2 2 2 2
left_child=1 3 4 22 5 6 8 13 17 -7 14 -12 23 15 -5 19 -17 24 -14 -6 21 -2 -1 29 -3 -16 -13 -23 -24 -8
right_child=20 2 -4 10 7 9 12 -9 -10 -11 11 26 18 -15 25 16 -18 -19 -20 -21 -22 27 28 -25 -26 -27 -28 -29 -30 -31
leaf_value=-0.027486036427980972 0.043912045550732019 0.00021731236024151543 0.020231760497423982 -0.025562412654057433 0.0017616551436591098 0.01025699649602306 0.0014066452875441183 -0.002602604073597364 0.01025699649602306 0.0030767711728648555 -0.002602604073597364 -0.026761793606822064 0.0097307544620437707 -0.002602604073597364 -0.014082508363827398 0.0017616551436591098 0.01025699649602306 0.0068599310520454683 0.0014066452875441183 -0.0014262419718139656 0.057783422008094575 -0.011000127884752102 -0.016548498775508146 0.0014066452875441183 0.0048752294869860574 -0.002602604073597364 -0.002602604073597364 0.020850136343156807 -0.0063424965386204794 -0.0025137344244493677
leaf_weight=284.15011242218316 124.70257637090981 7948.0261516422033 681.03940978646278 149.74155678041279 8037.645602747798 2016.5561444293708 1691.9588305652142 14633.924224969 1376.6613728348166 1902.5766480825841 140.05991451628506 404.80967917665839 1249.8799632899463 4036.1519759297371 121.43060083314776 6175.884044861421 1257.698632163927 2551.7147077489644 1974.1723205875605 11981.767690248787 62.209727032110095 63.692287096753716 965.24371206015348 3964.4790660142899 2533.8193532098085 5842.5026195924729 45.544234121218324 68.887799598276615 507.10808274708688 15194.989057473838
leaf_count=14148 835 34887 25320 4968 33321 11082 7547 75602 7203 10699 1234 3925 17443 20285 1559 40300 13997 13233 15828 54637 425 389 17371 18078 19159 52995 432 469 8990 69180
internal_value=1.12655e-05 -9.13829e-05 0.000434981 -0.00564019 0.000282232 0.00169797 0.000932462 -0.00101939 0.00352755 0.00921091 -0.00307631 -0.0147652 -0.000620973 0.000294207 -0.0026026 0.000933969 0.00356747 0.0024248 0.00417636 -4.41566e-05 0.0311965 0.0243717 -0.0154112 -0.00136307 0.001344 -0.0026026 -0.0235962 0.00561299 -0.0130467 -0.00205994
internal_weight=97989 97669.5 89208.9 8460.59 88527.9 42404.8 38485.7 46123.1 14410.2 3919.13 6704.09 590.414 24075.5 31489.1 6113.67 27453 7433.58 13033.6 3224.05 20019.4 319.492 257.283 1756.5 20851.4 10481.8 5963.93 450.354 132.58 1472.35 16886.9
internal_count=595541 593423 487801 105622 462481 224339 202558 238142 74482 21781 65113 5591 128076 162540 59522 142255 54297 67279 33271 87958 2118 1693 40509 94805 54046 54554 4357 858 26361 76727
is_linear=0
shrinkage=0.03


Tree=130
num_leaves=31
num_cat=0
split_feature=12 15 11 16 15 13 11 13 13 12 16 16 16 16 13 15 12 11 16 15 13 13 15 15 13 16 13 12 15 13
split_gain=288.042 223.227 290.603 280.842 265.903 245.04 235.597 255.352 228.387 457.137 223.144 229.886 310.861 214.559 272.884 266.736 200.977 272.781 197.764 188.15 187.573 185.626 173.805 296.617 171.296 173.812 170.8 290.333 237.339 235.394
threshold=0.34356646944828623 0.2754975140169213 -80.729183010929191 0.054407150276939313 0.27452996098736698 0.0694997121821712 99.143032179048319 0.073422256988720805 0.064685862214177728 0.18247631728715161 0.063939976903660836 0.075212024608021524 0.072649330448281965 0.085066921959308275 0.092942709985358959 0.24070555759138473 0.22253497554982146 13.886426356450331 0.06625689211721851 0.16946623355140336 0.11978918110970578 0.078882987714324795 0.20823684663371181 0.24569339901159984 0.10352655830587114 0.11854904603666992 0.091313655250854289 0.26902340016074028 0.27710401336772011 0.092942709985358959
decision_type=2 2 2 2 2 2 2 2 2 2 2 2 2 2 2 2 2 2 2 2 2 2 2 2 2 2 2 2 2 2
left_child=1 2 -1 -3 5 10 7 -7 9 -5 -4 12 22 14 18 19 -15 -18 -9 -16 -17 -6 -12 -24 26 -26 -10 28 29 -28
right_child=-2 3 4 8 21 6 -8 13 24 -11 11 -13 -14 16 15 20 17 -19 -20 -21 -22 -23 23 -25 25 -27 27 -29 -30 -31
leaf_value=-0.015990399781283308 0.028496503875256912 0.047229239560188367 -0.0077556229686618966 0.023621967282958588 -0.0077556229686618966 -0.0077556229686618966 0.0060810917115565483 0.002722790810899765 -0.0047137726526600924 -0.035833255848686345 -0.0077556229686618966 0.0039619042100104262 0.045609612861365487 0.002722790810899765 0.002722790810899765 0.002722790810899765 -0.0061943179865403021 0.0011590242497740938 -0.0019044551746916923 -0.0077556229686618966 -0.0077556229686618966 0.036779698955015684 0.02854783142357574 -0.0077556229686618966 -0.013009980851869699 0.037644900736885076 0.030616524217154703 -0.03459444084522037 0.011868977414397297 -0.045339909210605905
leaf_weight=973.02928896527737 314.36206728685647 91.415926670655608 464.62672990374267 149.76519286632538 65.780301103368402 3950.4973841002211 5027.0486978041008 2389.2583749014884 4638.0766047555953 502.42868818342686 316.19522006623447 7880.2019823947921 274.72375902533531 18059.600829496048 334.39001592062414 3256.5049410127103 6140.8355191508308 17402.54997830838 10692.767329800874 9268.780301861465 373.24794393219054 291.58515653200448 599.81035875529051 233.24279158003628 1956.4233701257035 61.032405098900199 49.389476323500276 148.78069648705423 1801.6877914164215 129.14615779183805
leaf_count=6364 2108 583 2677 766 410 24017 33511 14875 27938 3081 1884 48420 1619 109190 2218 19307 36752 104787 64062 56962 2164 1832 3544 1277 11669 338 359 871 10853 794
internal_value=-8.29529e-05 -0.000175661 0.000296677 -0.00453696 0.000479154 0.00037236 -0.000196265 -0.00063551 -0.00504833 -0.0221499 0.00484743 0.00596882 0.0170539 -0.000203795 -0.00232383 -0.00536101 0.00113723 -0.000759316 0.000748731 -0.00775562 0.0015734 0.0262315 0.0101604 0.017344 -0.0037739 -0.0114418 -0.00148518 0.0055462 0.00859396 -0.0242212
internal_weight=97837.2 97522.8 87994.7 9528.15 87021.6 86664.3 76895.5 71868.4 9436.73 652.194 9768.8 9304.17 1423.97 67917.9 26314.9 13232.9 41603 23543.4 13082 9603.17 3629.75 357.365 1149.25 833.053 8784.54 2017.46 6767.08 2129 1980.22 178.536
internal_count=595232 593124 535872 57252 529508 527266 467845 434334 56669 3847 59421 56744 8324 410317 159588 80651 250729 141539 78937 59180 21471 2242 6705 4821 52822 12007 40815 12877 12006 1153
is_linear=0
shrinkage=0.03


Tree=131
num_leaves=31
num_cat=0
split_feature=6 6 12 14 1 5 5 4 9 17 2 2 4 6 9 21 12 2 9 2 12 6 10 9 12 15 21 3 17 17
split_gain=313.988 283.013 257.457 217.555 186.74 352.934 301.308 162.741 157.384 145.713 131.575 124.847 118.25 115.204 107.341 107.311 100.218 88.4004 81.7852 77.8236 77.3782 76.0779 88.2627 77.5115 67.5981 64.609 66.7989 60.1939 58.7361 228.08
threshold=5.5000000000000009 -5.4999999999999991 0.3168280324219514 0.046189505838202333 1.0000000180025095e-35 1.0000000180025095e-35 1.0000000180025095e-35 1.0000000180025095e-35 2.5000000000000004 0.022954179582427427 1.0000000180025095e-35 1.0000000180025095e-35 1.0000000180025095e-35 1.0000000180025095e-35 6.5000000000000009 0.2279610474880239 0.23540692146525047 1.5000000000000002 16.500000000000004 1.5000000000000002 0.25149186317543964 -1.4999999999999998 1.5000000000000002 8.5000000000000018 0.26795006766098534 0.23913086926274743 0.29288087598533835 1.0000000180025095e-35 0.028801820172797945 0.026004676439026122
decision_type=2 2 2 2 2 2 2 2 2 2 2 2 2 2 2 2 2 2 2 2 2 2 2 2 2 2 2 2 2 2
left_child=1 18 3 4 5 7 10 8 -3 16 12 -9 -6 15 -15 -10 -5 -7 -1 -8 -11 23 -23 -12 -22 -17 -27 -24 29 -4
right_child=-2 2 28 9 6 17 19 11 13 20 21 -13 -14 14 -16 25 -18 -19 -20 -21 24 22 27 -25 -26 26 -28 -29 -30 -31
leaf_value=-0.024173610972930314 0.02040573740666269 -0.0088312879811388006 0.010123344297475224 0.010123344297475224 -0.0018178404704796308 0.010123344297475224 -0.0088312879811388006 0.010123344297475224 0.0011280750630225361 -0.0088312879811388006 -0.0088312879811388006 0.0025564461984929586 -0.0088312879811388006 0.010123344297475224 0.0020145190645935273 -0.0055650081347247216 -0.0088312879811388006 0.0037412163483758992 -0.0088312879811388006 -0.0030918885517944084 0.010123344297475224 0.010123344297475224 0.0022419036769377372 -0.00097969139400697091 -0.0088312879811388006 -0.00010693852043020618 -0.007588542686254536 -0.00064512053381265587 0.010123344297475224 -0.0088312879811388006
leaf_weight=584.2106997128576 670.83077580481768 845.71373291499913 383.45724477805197 169.44073446840048 14746.264401677996 2110.2552285902202 2244.1656029280275 1440.9420950971544 11885.270978568122 1469.2705999109894 744.20673043839633 4887.3255748413503 1564.1036646198481 712.61625732295215 7546.3802672848105 4754.753642404452 61.740160442888737 1965.5700206868351 238.96494184434414 2129.2148715835065 144.49077936448157 722.45110380835831 14596.625479385257 3981.5756131149828 123.23637427575886 7317.7888866774738 1256.8125620298088 7496.5645114723593 716.49478466250002 283.76585498265922
leaf_count=25340 25467 6749 2257 997 80875 12251 12381 8081 57155 8392 9717 28413 8271 8634 53632 25131 422 11663 4329 11996 818 5209 74216 26021 719 35906 6481 37943 4390 1555
internal_value=-1.75683e-05 -0.000159049 -9.14349e-06 -0.000201737 9.19653e-06 0.00140549 -0.00128572 0.000561379 -0.000253842 -0.00883129 -0.00053667 0.00498115 -0.00267188 9.43631e-05 0.00316907 -0.000912923 0.0101233 0.00981933 -0.0176534 -0.00879273 -0.00883129 0.000727931 0.00144554 -0.00273579 0.0101233 -0.00276091 -0.00120506 0.00110276 0.0101233 0.000189438
internal_weight=97794.5 97123.7 96300.5 94916.8 92948.6 44723.4 48225.2 40647.6 34319.3 1968.18 43851.8 6328.27 16310.4 33473.6 8259 25214.6 231.181 4075.83 823.176 4373.38 1737 27541.4 22815.6 4725.78 267.727 13329.4 8574.6 22093.2 1383.72 667.223
internal_count=595411 569944 540275 532073 520725 254096 266629 230182 193688 11348 242252 36494 89146 186939 62266 124673 1419 23914 29669 24377 9929 153106 117368 35738 1537 67518 42387 112159 8202 3812
is_linear=0
shrinkage=0.03


Tree=132
num_leaves=31
num_cat=0
split_feature=6 6 15 1 4 4 9 10 3 2 17 16 6 6 2 10 12 2 14 3 9 17 0 15 12 17 16 21 12 15
split_gain=311.829 285.568 171.786 164.061 236.302 185.034 143.861 134.861 119.792 100.312 91.1551 87.7542 80.8427 79.5591 72.6501 70.0143 69.6422 60.2129 55.6495 53.1167 52.6521 46.8454 46.3023 48.1196 45.2528 43.7236 44.3717 44.6855 41.0294 37.3154
threshold=3.5000000000000004 -3.4999999999999996 0.17102959293316927 1.0000000180025095e-35 1.0000000180025095e-35 1.0000000180025095e-35 8.5000000000000018 7.5000000000000009 1.0000000180025095e-35 1.0000000180025095e-35 0.037505513252837727 0.064847045370592285 -1.0000000180025095e-35 1.0000000180025095e-35 1.5000000000000002 13.500000000000002 0.18519126382252996 1.5000000000000002 0.023288884348807749 1.0000000180025095e-35 11.500000000000002 0.035198913656044176 4.5000000000000009 0.23913086926274743 0.22978657077781342 0.032414653485922207 0.083978782737829313 0.24958921698367684 0.25901650212964061 0.2444303088595369
decision_type=2 2 2 2 2 2 2 2 2 2 2 2 2 2 2 2 2 2 2 2 2 2 2 2 2 2 2 2 2 2
left_child=1 6 10 4 8 9 -1 -2 12 19 -3 -8 20 21 -10 -15 -13 -6 -9 -5 -4 25 -14 -24 -12 26 27 -11 -28 -18
right_child=7 2 3 5 17 -7 11 18 14 13 24 16 22 15 -16 -17 29 -19 -20 -21 -22 -23 23 -25 -26 -27 28 -29 -30 -31
leaf_value=-0.018802372276146707 0.02167411895661021 0.0051578785966503683 -0.0040631732300264603 -0.0012954797563836723 0.0051578785966503683 -0.0040631732300264603 -0.025109350200659863 0.02057968548238388 0.0048717493757817684 -0.0040631732300264603 -0.0040631732300264603 -0.017946884325481461 -0.00085684043847699439 0.0051578785966503683 -0.00044656440061880412 0.0018923389814014468 -0.0040631732300264603 0.00086658439845380586 0.0051578785966503683 -0.0040631732300264603 -0.001429596298101497 0.0018923389814014468 0.00030081164439830902 0.0051578785966503683 0.0051578785966503683 -0.0040631732300264603 0.0018923389814014468 0.0018923389814014468 -0.0039051337106628856 -0.011888723351787346
leaf_weight=889.50747667439282 700.57107477355748 2180.2003221586347 2801.3024931177497 11559.488503370434 4377.2593728378415 8223.6538483947515 182.64331583119929 216.27490663994104 6344.2138332463801 2777.8226532042027 315.66909763216972 325.37519145011902 10234.874703705311 2711.169132437557 3635.7568178214133 2760.1068509183824 1668.3692279402167 3281.7189004123211 1574.3350708317012 2905.043322686106 6327.3152625113726 4749.6893408410251 3465.8300192840397 2128.7876648101956 209.34868086874485 2180.3430273011327 5886.8882764577866 1122.8338358141482 1232.2978368736804 757.38707644864917
leaf_count=29580 26936 11392 18103 57623 22676 41214 2844 4329 32394 13165 1692 4805 46888 20015 18988 15201 22034 17320 29474 14404 29828 21887 20658 11870 1146 10114 27160 5106 5656 10813
internal_value=5.82312e-05 -0.000215952 0.000120095 -0.000123853 0.00121842 -0.00136388 -0.00824644 0.0105317 0.00015693 -0.000421209 0.00515788 -0.0050353 -0.000953903 0.000791916 0.00293456 0.00395821 -0.00406317 0.00515788 0.00615296 -0.00238535 -0.00320194 -0.00017353 0.000342743 0.0025368 -0.00406317 -0.0011072 -0.000316233 -0.00288719 0.00109283 -0.00406317
internal_weight=97726.1 95234.9 91411.6 88706.4 42597.1 46109.3 3823.28 2491.18 34938.1 37885.7 2705.22 2933.77 24958.1 23421.2 9979.97 5471.28 2751.13 7658.98 1790.61 14464.5 9128.62 17949.9 15829.5 5594.62 525.018 13200.2 11019.8 3900.66 7119.19 2425.76
internal_count=595315 534576 464500 450270 218725 231545 70076 60739 178729 190331 14230 40496 127347 118304 51382 35216 37652 39996 33803 72027 47931 83088 79416 32528 2838 61201 51087 18271 32816 32847
is_linear=0
shrinkage=0.03


Tree=133
num_leaves=31
num_cat=0
split_feature=6 10 6 14 11 1 5 2 17 11 2 6 16 17 3 16 14 0 21 6 10 6 16 16 3 9 16 14 11 13
split_gain=314.788 310.002 258.627 206.51 180.141 148.009 189.362 145.629 131.233 126.411 90.2077 82.8277 82.5657 74.7894 70.6247 57.4141 70.1797 56.9016 55.2747 50.1698 66.6941 48.5911 41.1865 37.9115 37.3251 34.0713 30.5384 30.2516 29.885 26.0569
threshold=1.5000000000000002 4.5000000000000009 -6.4999999999999991 0.046189505838202333 -80.729183010929191 1.0000000180025095e-35 1.0000000180025095e-35 1.5000000000000002 0.035123536656494349 47.265235762118557 1.0000000180025095e-35 4.5000000000000009 0.080309527330571742 0.022954179582427427 1.0000000180025095e-35 0.10047373390781147 0.02705477614352465 8.5000000000000018 0.29288087598533835 -1.4999999999999998 10.500000000000002 -1.0000000180025095e-35 0.084455752133660925 0.085066921959308275 1.0000000180025095e-35 16.500000000000004 0.090584003196737137 0.034852432166307949 58.260641633103553 0.067272022839602888
decision_type=2 2 2 2 2 2 2 2 2 2 2 2 2 2 2 2 2 2 2 2 2 2 2 2 2 2 2 2 2 2
left_child=2 28 25 4 22 7 10 18 13 -3 14 15 -10 -5 21 29 -17 23 -6 20 -12 -7 -4 27 -21 -1 -25 -9 -2 -11
right_child=1 9 3 8 5 6 -8 17 12 11 19 -13 -14 -15 -16 16 -18 -19 -20 24 -22 -23 -24 26 -26 -27 -28 -29 -30 -31
leaf_value=-0.028191386246515703 0.015863491445795588 0.0020220228194347649 -0.0060248487497891962 0.0020220228194347649 0.0020220228194347649 -0.0042887913805155107 -0.0060248487497891962 -0.0015381493353882534 -0.011931784452886023 0.01409861264349983 -0.0060248487497891962 0.021760060537673421 0.0020220228194347649 -0.011931784452886023 -0.0060248487497891962 0.0050277657641199401 0.01409861264349983 -0.0060248487497891962 -0.0037047711565278505 0.0020220228194347649 -0.00061677175800627711 -9.9894560686963427e-05 -0.011931784452886023 0.0020220228194347649 -0.00061677175800627711 -0.011931784452886023 -0.00086034705959268834 -0.0060248487497891962 0.026307403430474961 0.0050277657641199401
leaf_weight=336.32170016877353 862.70991131104529 7096.7618971159682 310.78942629136145 188.33429831732064 26039.107367366552 3701.7240332663059 3967.4169347565621 3319.0511440243572 93.947163941338658 267.24129918031394 1606.7947474252433 352.90965672396123 338.72701765038073 1128.8092307429761 3035.0504284203053 285.50229964591563 545.23753019422293 722.10889442171901 1649.5309705063701 13094.290178373456 3216.0488878767937 7620.0864738672972 603.81229820288718 1474.5678858738393 6712.306371986866 107.61297461017966 5401.1099722795188 1268.6669314280152 355.96329943835735 1961.8607666324824
leaf_count=16314 18147 66289 1798 1013 132854 23534 20915 16817 524 3032 18468 12329 1757 6351 15214 3208 6112 5483 9314 57019 20125 32327 3653 7443 29173 2159 27156 6567 9272 20868
internal_value=3.16781e-05 0.0046416 -0.000597557 -0.000478685 -0.000265426 -0.000117913 -0.00133975 0.00119829 -0.0106729 0.00297887 -0.000680983 0.00803351 0.00202202 -0.0119318 -0.00257091 0.00643716 0.0133594 -0.00158005 0.00202202 0.0004208 -0.00232249 -0.00146999 -0.0119318 -0.000977722 0.00108895 -0.0233849 0.000431603 -0.00308916 0.0189522 0.00502777
internal_weight=97664.4 11728.2 85936.2 85492.3 83742.5 82827.9 42953.7 39874.1 1749.82 10509.5 38986.3 3412.75 432.674 1317.14 14356.9 3059.84 830.74 12185.5 27688.6 24629.4 4822.84 11321.8 914.602 11463.4 19806.6 443.935 6875.68 4587.72 1218.67 2229.1
internal_count=595235 139257 455978 437505 427860 422409 216775 205634 9645 111838 195860 45549 2281 7364 71075 33220 9320 63466 142168 124785 38593 55861 5451 57983 86192 18473 34599 23384 27419 23900
is_linear=0
shrinkage=0.03


Tree=134
num_leaves=31
num_cat=0
split_feature=12 14 15 17 15 12 11 15 17 15 13 17 16 12 12 11 15 16 14 12 12 13 14 13 12 17 14 16 17 11
split_gain=292.013 199.309 238.431 334.148 289.427 216.589 198.54 221.634 287.737 194.08 184.514 217.034 174.896 299.543 355.298 391.103 280.092 255.74 220.826 212.513 317.849 311.933 247.069 209.874 453.28 356.623 381.419 248.529 352.422 317.095
threshold=0.34356646944828623 0.046189505838202333 0.21827966470375729 0.035198913656044176 0.22171717052132686 0.23917630935371295 -68.910543978746759 0.17102959293316927 0.037226504497978929 0.18223695970833351 0.10213783024448315 0.034054430963169881 0.084754773995779048 0.25752731697955794 0.24766770882827008 72.895152175307103 0.1897131302834851 0.090584003196737137 0.038125521093709001 0.27508481738869722 0.2807271102694619 0.10300284992849755 0.015950891760879205 0.092942709985358959 0.30724346367426636 0.020214626127739926 0.02573668552102077 0.081158548669436767 0.038279170691366972 58.260641633103553
decision_type=2 2 2 2 2 2 2 2 2 2 2 2 2 2 2 2 2 2 2 2 2 2 2 2 2 2 2 2 2 2
left_child=1 6 -3 4 -4 -5 9 8 -8 -1 11 -6 23 14 16 18 17 -14 -16 -15 21 -21 -22 25 -25 26 -9 28 -27 -30
right_child=-2 2 3 5 10 -7 7 12 -10 -11 -12 -13 13 19 15 -17 -18 -19 -20 20 22 -23 -24 24 -26 27 -28 -29 29 -31
leaf_value=-0.061052378258122424 0.028899775355779148 -0.021288771739769497 0.060571292781121382 0.015496770795489783 0.006439849577502257 0.084683422528132171 0.013794517770836481 -0.004673769996897538 -0.004673769996897538 -0.0078038186035788437 -0.028265340907322346 -0.057431970500165228 0.024222015531851028 -0.004673769996897538 0.0021634083956242468 0.02576939714731398 0.0005264911944312502 0.0047449481812153957 0.015561786592801878 0.0086830955071209824 0.050513812553238148 0.051496619316513351 -0.0030418310304053536 -0.004673769996897538 0.036586772762168991 -0.00064244527182141472 0.033153445883115869 -0.004673769996897538 0.003717233641530043 0.024972422511907798
leaf_weight=61.942237827926874 313.07693521119654 861.10636221431196 49.918345717713237 163.78343746811152 446.07624224573374 52.77656739205122 2222.9225839115679 233.02649335935712 593.41034160926938 1733.6334242112935 372.477345331572 51.608285126276314 821.83225040324032 4865.2952091591433 3403.2705301260576 1072.6078543514013 36864.142598203383 2307.738639306277 549.56199123244733 799.7039938326925 77.04174361936748 187.80439344421029 4049.9267336111516 14431.550842333585 238.93301381915808 13143.457223368809 580.46067689824849 4101.1458939332515 1820.2022127630189 966.1353409672156
leaf_count=347 2112 5481 323 987 3059 260 14188 1216 3895 11124 2401 298 5201 29450 19689 7265 224209 13806 3219 5111 457 1199 24535 88206 1556 80174 3480 24682 10374 6575
internal_value=6.53905e-05 -2.81502e-05 -0.00940117 -0.000373673 -0.0082783 0.0329785 0.000168887 0.000359086 0.00864395 -0.00970663 -0.0123578 -0.000386816 0.000101117 0.0011608 0.00220321 0.00972003 0.00125824 0.00987187 0.00535418 -0.00354104 0.00164234 0.016913 -0.00201808 -0.0015399 -0.00428859 0.000394882 0.0198419 -0.000396792 0.00141258 0.0110999
internal_weight=97436.6 97123.5 1997.75 1136.64 920.08 216.56 95125.7 93330.2 2816.33 1795.58 870.162 497.685 90513.8 54998.9 45019.2 5025.44 39993.7 3129.57 3952.83 9979.77 5114.48 987.508 4126.97 35514.9 14670.5 20844.4 813.487 20030.9 15929.8 2786.34
internal_count=594879 592767 12809 7328 6081 1247 579958 568487 18083 11471 5758 3357 550404 334141 273389 30173 243216 19007 22908 60752 31302 6310 24992 216263 89762 126501 4696 121805 97123 16949
is_linear=0
shrinkage=0.03


Tree=135
num_leaves=31
num_cat=0
split_feature=6 6 12 14 11 15 15 13 13 11 17 14 16 14 12 17 17 12 11 14 15 13 16 17 15 16 16 12 12 13
split_gain=279.858 274.286 240.794 187.11 178.914 186.146 196.355 225.797 189.987 200.619 221.469 220.923 197.175 191.754 164.896 159.062 148.34 143.912 138.329 240.271 131.411 125.961 337.786 225.899 167.535 167.389 122.391 115.865 101.974 97.0635
threshold=5.5000000000000009 -5.4999999999999991 0.3168280324219514 0.046189505838202333 -68.910543978746759 0.2754975140169213 0.27049740444443987 0.074260733974363238 0.0694997121821712 99.143032179048319 0.028495944051732006 0.024126778695810116 0.068618792067243056 0.041187952516631751 0.17736066974312367 0.026166999938011175 0.022954179582427427 0.28381593723599441 21.066316802066698 0.029606193001129794 0.28049780409925712 0.065093427063582038 0.087727886557584095 0.029941720801813763 0.25886256584151685 0.093156678161620973 0.082947656417987778 0.19657667412599258 0.25149186317543964 0.11832489244857404
decision_type=2 2 2 2 2 2 2 2 2 2 2 2 2 2 2 2 2 2 2 2 2 2 2 2 2 2 2 2 2 2
left_child=1 -1 3 4 -3 6 8 -8 12 10 11 -10 -6 21 20 -11 -5 -17 -12 -20 -7 22 27 -24 -23 -25 -21 -14 -18 -13
right_child=-2 2 -4 16 5 14 7 -9 9 15 18 29 13 -15 -16 17 28 -19 19 26 -22 24 23 25 -26 -27 -28 -29 -30 -31
leaf_value=-0.017787519261094221 0.019754182502691713 -0.0088892259544001827 0.0098094300353075842 0.0098094300353075842 -0.0043433529060348782 -0.0043433529060348782 -0.0043433529060348782 0.0098094300353075842 -0.0043433529060348782 0.0026802551295764744 -0.0038635467783979752 0.0026802551295764744 -0.0043433529060348782 -0.0043433529060348782 -0.0043433529060348782 0.0098094300353075842 -0.0088892259544001827 0.0026802551295764744 -0.0021264869619363512 -0.0021264869619363512 0.0098094300353075842 0.0098094300353075842 -0.0043433529060348782 -0.0043433529060348782 -0.0043433529060348782 0.0098094300353075842 0.0026802551295764744 0.0098094300353075842 0.0098094300353075842 -0.0043433529060348782
leaf_weight=783.79811255913228 638.90959095116705 1786.4097966104746 1376.1873634541407 234.038515066728 864.69445475935936 126.23671432211995 334.96148114092648 1414.0828841011971 3223.6469957586378 802.75952421873808 17389.153590176255 19268.862460264936 330.98554422333837 392.08326276764274 8348.8082563392818 3579.2709730621427 1475.1030464675277 356.89116511680186 11724.672186201438 4233.0905862953514 473.54104554466903 3220.4893507771194 1198.9427457358688 344.8514522369951 261.73234740272164 796.36369805969298 9394.4651608578861 1667.2728909924626 260.76721320301294 1186.2987125013024
leaf_count=29556 25340 10490 8213 1428 4596 684 1751 7633 17875 4763 95616 107505 1715 2156 46588 22394 8408 2048 66566 24157 2607 18259 6693 2063 1474 4598 52341 9589 1501 6458
internal_value=-4.57133e-06 -0.000135322 9.06735e-06 -0.000177243 1.74569e-05 0.00020252 0.000650979 0.00980943 0.000433375 -8.80631e-05 -0.000513615 0.00181369 0.00452012 0.00606999 -0.00390542 0.00587413 -0.00888923 0.00965412 -0.00180297 -0.000389427 0.00980943 0.00731593 0.00369645 -0.00430193 0.00980943 0.00899369 0.00250811 0.00980943 -0.00888923 0.00268026
internal_weight=97489.4 96850.5 96066.7 94690.5 92720.6 90934.2 81985.6 1749.04 80236.5 71159.1 66420.2 23678.8 9077.42 8212.72 8948.59 4738.92 1969.91 3936.16 42741.4 25352.2 599.778 7820.64 4338.42 2340.16 3482.22 1141.22 13627.6 1998.26 1735.87 20455.2
internal_count=595065 569725 540169 531956 520619 510129 460250 9384 450866 399723 370518 131838 51143 46547 49879 29205 11337 24442 238680 143064 3291 44391 24658 13354 19733 6661 76498 11304 9909 113963
is_linear=0
shrinkage=0.03


Tree=136
num_leaves=31
num_cat=0
split_feature=6 6 14 1 4 5 14 9 11 6 4 6 3 17 6 21 12 21 17 6 13 15 17 17 13 15 17 12 12 15
split_gain=284.507 233.853 203.707 177.187 268.274 253.524 125.025 120.046 117.948 106.46 100.093 97.3089 95.684 82.7647 75.8287 72.0135 70.5708 65.0362 68.7182 63.7166 60.4446 70.5058 60.1201 92.2001 64.7963 55.9714 51.1393 69.8175 53.111 83.6647
threshold=3.5000000000000004 -6.4999999999999991 0.046189505838202333 1.0000000180025095e-35 1.0000000180025095e-35 1.0000000180025095e-35 0.053407306699860886 2.5000000000000004 21.066316802066698 -1.0000000180025095e-35 1.0000000180025095e-35 -2.4999999999999996 1.0000000180025095e-35 0.023559416797339406 1.0000000180025095e-35 0.2279610474880239 0.23299931749640562 0.24568605945342437 0.028544756975185503 1.0000000180025095e-35 0.095606383202185036 0.27049740444443987 0.036339846752258854 0.038149220962775288 0.078532507801734527 0.22925917354919764 0.027060901387874769 0.24146723672527351 0.23263776530552557 0.22068538169270532
decision_type=2 2 2 2 2 2 2 2 2 2 2 2 2 2 2 2 2 2 2 2 2 2 2 2 2 2 2 2 2 2
left_child=1 -1 3 4 7 10 13 9 -2 -3 11 25 14 16 15 -9 -4 18 26 -19 21 -10 -20 -24 -25 -5 28 -28 29 -13
right_child=8 2 6 5 -6 -7 -8 12 20 -11 -12 17 -14 -15 -16 -17 -18 19 22 -21 -22 -23 23 24 -26 -27 27 -29 -30 -31
leaf_value=-0.022437412248089927 0.0049306770849844401 -0.011298724455802661 0.0049306770849844401 -0.0024448320620038236 0.0049306770849844401 -0.0081172167112942943 0.0049306770849844401 0.0006218902504690994 0.023689886661294422 0.0031546736641511301 -0.0039023688470073968 0.0046761979951486544 0.0030291658312801718 -0.011298724455802661 0.0025923449726211966 -0.0030112817590035325 -0.011298724455802661 0.00092220854058133945 -0.0024448320620038236 0.0049306770849844401 0.010354148271897125 0.010354148271897125 0.0049306770849844401 0.0049306770849844401 -0.0024448320620038236 -0.0099037247730200013 0.0049306770849844401 -0.0024448320620038236 0.0049306770849844401 -0.0024448320620038236
leaf_weight=423.9973845295608 976.28937109932303 579.39679574407637 146.97997151315212 1374.4244830477983 8076.1809380482882 4363.4900009352714 305.17966649029404 9239.6374672325328 904.69395177904516 470.30670356750488 6718.7516859425232 1655.9287715964019 10091.802745627239 1429.8986649159342 5803.1031959485263 10474.915999568999 60.743454404175282 7950.5237816348672 9388.4403864592314 3088.5918458718807 503.23707029037178 50.730070199817419 1402.1948081664741 838.20566270500422 2908.7859902381897 1328.2769126705825 1861.5310503207147 278.63729210942984 1526.5806901529431 3340.8128933683038
leaf_count=18370 19303 6428 801 14718 45046 24106 1746 45695 26448 1952 36241 7920 55023 8172 38423 54383 374 34754 44883 21603 13736 1323 6781 4177 14110 15406 8867 1428 7706 15637
internal_value=-5.10957e-07 -0.0002598 -0.000160037 4.14247e-05 0.00139991 -0.00122401 -0.00976911 0.000261653 0.0101212 -0.00972752 -0.000534768 7.78702e-05 0.000556646 -0.0112987 -0.000421355 -0.00130863 0.00493068 0.000510566 -0.000391326 0.00240582 0.0157776 0.0204496 -0.00165163 0.00105977 -0.00160654 -0.00540023 0.0017234 0.00493068 0.000378617 -0.00112089
internal_weight=97562.3 95127.3 94703.3 92760.5 44735.3 48025.2 1942.8 36659.2 2434.95 1049.7 43661.7 36942.9 35609.5 1637.62 25517.7 19714.6 207.723 34240.2 23201.1 11039.1 1458.66 955.424 14537.6 5149.19 3746.99 2702.7 8663.49 2140.17 6523.32 4996.74
internal_count=595560 534750 516380 505287 246950 258337 11093 201904 60810 8380 234231 197990 193524 9347 138501 100078 1175 167866 111509 56357 41507 27771 69951 25068 18287 30124 41558 10295 31263 23557
is_linear=0
shrinkage=0.03


Tree=137
num_leaves=31
num_cat=0
split_feature=12 6 6 14 1 4 5 14 2 9 10 6 6 17 4 3 2 2 14 14 0 11 12 21 6 9 6 14 6 10
split_gain=271.475 267.765 249.756 180.626 172.852 244.425 237.062 146.038 132.786 128.951 122.625 121.21 109.987 99.5473 99.4029 99.0516 78.3823 66.9328 66.4189 108.438 65.9692 63.893 60.2197 59.6781 60.9298 64.0549 52.5552 46.5287 41.8362 49.8755
threshold=0.34356646944828623 3.5000000000000004 -6.4999999999999991 0.046189505838202333 1.0000000180025095e-35 1.0000000180025095e-35 1.0000000180025095e-35 0.053407306699860886 1.5000000000000002 2.5000000000000004 7.5000000000000009 -2.4999999999999996 -1.0000000180025095e-35 0.023559416797339406 1.0000000180025095e-35 1.0000000180025095e-35 1.0000000180025095e-35 1.5000000000000002 0.026399943271220288 0.021652034352161679 7.5000000000000009 100.41498684734496 0.23299931749640562 0.17148839828422827 1.0000000180025095e-35 20.500000000000004 -2.4999999999999996 0.024336263819012074 1.0000000180025095e-35 13.500000000000002
decision_type=2 2 2 2 2 2 2 2 2 2 2 2 2 2 2 2 2 2 2 2 2 2 2 2 2 2 2 2 2 2
left_child=1 2 -1 4 5 9 11 13 -8 12 -3 20 -4 22 16 23 -13 -17 19 -2 -6 -12 -5 -11 25 26 -25 -21 -18 -30
right_child=18 10 3 7 6 -7 8 -9 -10 15 21 14 -14 -15 -16 17 28 -19 -20 27 -22 -23 -24 24 -26 -27 -28 -29 29 -31
leaf_value=-0.023480980117668991 0.041591340643085825 0.020826116805945261 -0.011867025549544491 0.0047173746479994144 -0.0040722063181019329 0.0047173746479994144 -0.011867025549544491 0.0047173746479994144 -0.0025029197399579852 0.0047173746479994144 0.0047173746479994144 -0.0013160132056654851 0.0028425140264358387 -0.011867025549544491 -0.0031909271138901977 0.0047173746479994144 0.00083801796682509235 -0.00024191154416134089 0.055974559861329064 -0.011968465106034661 -0.011867025549544491 0.025349970401548138 -0.011867025549544491 -0.0078338491368565022 0.0019843668977078633 0.00020655972612709285 -0.0021668513538830023 0.023985324079164316 0.0047173746479994144 0.0024059372524432424
leaf_weight=416.46686834935099 117.14744352456182 656.11294399388134 581.41155066154897 150.17820973601192 2721.7018780615181 8005.8571725469083 2243.7818878246471 306.53538164496422 2114.36601126194 680.33328117616475 1605.6934912297875 13644.232778344303 471.39118920266628 1433.3282655961812 6124.1486440636218 6438.0850245738402 15375.865195453167 3617.0327090024948 59.904723007231951 81.030914432369173 558.66580841038376 136.48635972943157 55.22111900895834 1751.5642336877063 5610.1407098155469 8125.8330013416708 9220.7364071160555 51.137224333360791 2497.702066347003 2599.7771430201828
leaf_count=18475 803 26640 6483 822 24909 44677 12260 1758 11857 3626 30085 66280 1957 8212 29546 34903 67715 19898 429 518 11749 3675 345 19750 37144 35545 41861 356 18723 14460
internal_value=-1.53606e-05 -0.000104981 -0.000355667 -0.000253071 -6.24779e-05 0.00128351 -0.00131351 -0.00929518 -0.00798266 0.000200049 0.00979042 -0.000645348 -0.0101366 -0.011867 -0.000193191 0.000507639 0.000445284 0.00302737 0.0279588 0.0208354 -0.00618866 0.00561521 0.00471737 -0.000490456 -0.000763832 -0.00157125 -0.00307277 0.00209261 0.00161909 0.00397386
internal_weight=97451.9 97142.6 94744.4 94327.9 92382.6 44502.4 47880.2 1945.26 4358.15 36496.5 2398.29 43522.1 1052.8 1638.73 40241.7 35443.7 34117.6 10055.1 309.22 249.316 3280.37 1742.18 205.399 25388.6 24708.3 19098.1 10972.3 132.168 20473.3 5097.48
internal_count=595461 593355 532955 514480 503343 245844 257499 11137 24117 201167 60400 233382 8440 9379 196724 192727 167178 54801 2106 1677 36658 33760 1167 137926 134300 97156 61611 874 100898 33183
is_linear=0
shrinkage=0.03


Tree=138
num_leaves=31
num_cat=0
split_feature=6 6 12 14 15 17 15 15 12 12 12 14 12 16 14 15 17 14 14 17 14 16 16 12 12 15 15 17 14 12
split_gain=260.683 231.371 219.148 189.057 164.273 221.065 184.812 197.21 227.182 173.049 351.456 193.332 170.376 163.318 249.943 356.034 523.456 381.599 173.518 178.424 162.795 159.679 476.259 284.921 207.378 267.405 334.744 248.428 220.728 217.215
threshold=5.5000000000000009 -5.4999999999999991 0.3168280324219514 0.046189505838202333 0.2754975140169213 0.028571013241219984 0.18667109551467861 0.26622510358654372 0.27347756996570211 0.27508481738869722 0.26137585464054641 0.025198690811744806 0.17736066974312367 0.084754773995779048 0.034852432166307949 0.2065926511953681 0.035534809193638987 0.033531365190026301 0.039910738875756545 0.035461789128452263 0.040143726365901987 0.09636592536254697 0.098583821318967771 0.17915195878883286 0.20985664055418093 0.23207415426567049 0.23913086926274743 0.036447442935651421 0.024998146705797534 0.2807271102694619
decision_type=2 2 2 2 2 2 2 2 2 2 2 2 2 2 2 2 2 2 2 2 2 2 2 2 2 2 2 2 2 2
left_child=1 -1 3 4 5 6 -3 9 -9 10 -8 -11 -6 14 15 17 -17 -7 -16 -20 -21 24 -23 -24 27 29 -27 28 -15 -26
right_child=-2 2 -4 -5 12 13 7 8 -10 11 -12 -13 -14 21 18 16 -18 -19 19 20 -22 22 23 -25 25 26 -28 -29 -30 -31
leaf_value=-0.016631788034997794 0.01954043793555825 0.0093694127411149755 0.0097431936592375645 -0.008277966287072348 0.0097431936592375645 -0.008277966287072348 0.0014338212615103993 0.0097431936592375645 -0.008277966287072348 -0.0055806564899462049 -0.008277966287072348 0.0097431936592375645 -0.0048532239054088558 0.0097431936592375645 -0.008277966287072348 -0.0028906516109127407 0.0097431936592375645 0.0097431936592375645 0.0097431936592375645 0.0097431936592375645 -0.008277966287072348 -0.008277966287072348 -0.008277966287072348 0.0023290894849856496 0.0097431936592375645 -0.008277966287072348 0.004707904508707084 0.0072312500936167817 -0.008277966287072348 -0.008277966287072348
leaf_weight=749.81547666806728 612.95021305419505 3196.2545737344772 1358.9952646009624 1962.5448639262468 628.72817962989211 5260.9881318435073 21875.685217570513 1443.1665324028581 160.45687772333622 743.98664487339556 1659.2069766055793 1485.4093935023993 8478.1754094865173 433.50406315736473 4319.1770929768682 5745.9408710803837 3836.5667003467679 527.54383199475706 882.61765176616609 86.086567910388112 855.44686714187264 2001.960108179599 1059.655682861805 12680.222754833288 6856.3038110509515 893.68906340934336 2757.8406956456602 1553.5072778705508 2589.3047183882445 607.48627754300833
leaf_count=29484 25423 18183 8151 11374 3451 30384 122139 7875 912 4328 9606 8386 47377 2476 23922 32094 21789 3072 4999 471 4840 11176 5854 71458 39442 5061 15170 8629 14382 3535
internal_value=6.97817e-05 -5.40506e-05 7.58555e-05 -9.99528e-05 9.67319e-05 0.000513982 0.00254543 0.00174784 0.00974319 0.00109449 0.000337436 0.009079 -0.00372881 -0.000658724 -0.00267254 -0.000627996 0.00292049 -0.00650125 -0.00778626 0.00101749 -0.00808245 0.000719698 -0.00141501 0.000950442 0.00286115 0.0050738 -0.00157824 -0.00251299 -0.00752231 0.00832774
internal_weight=97303.2 96690.3 95940.5 94581.5 92618.9 83512 30564.2 27367.9 1603.62 25764.3 23534.9 2229.4 9106.9 52947.8 21514.4 15371 9582.51 5788.53 6143.33 1824.15 941.533 31433.5 15741.8 13739.9 15691.6 11115.3 3651.53 4576.32 3022.81 7463.79
internal_count=595443 570020 540536 532385 521011 470183 171429 153246 8787 144459 131745 12714 50828 298754 121571 87339 53883 33456 34232 10310 5311 177183 88488 77312 88695 63208 20231 25487 16858 42977
is_linear=0
shrinkage=0.03


Tree=139
num_leaves=31
num_cat=0
split_feature=6 6 12 15 12 11 16 12 12 12 15 12 11 13 16 13 16 11 11 14 16 17 17 13 13 14 12 14 14 13
split_gain=252.326 236.853 222.591 170.296 209.558 140.504 162.394 245.341 429.352 237.201 351.03 331.382 225.488 205.777 195.035 172.907 250.581 165.49 150.08 145.993 143.263 200.432 153.189 184.74 142.226 193.643 157.171 153.133 158.811 152.435
threshold=5.5000000000000009 -4.4999999999999991 0.3168280324219514 0.29568377261519452 0.17647723953144479 -68.910543978746759 0.084912013066054864 0.25752731697955794 0.24766770882827008 0.2231771484636608 0.20185149778879355 0.20519725554458848 100.41498684734496 0.11677303593627478 0.091113301219882634 0.070126330525460842 0.10208665406598953 -27.524607623120911 32.625034393508152 0.02659368703268036 0.076520504883781384 0.027617450656444446 0.034373560366672488 0.098989905815499143 0.081771822726316182 0.02909007148606399 0.19980707659952937 0.039762534127967437 0.043586092967714034 0.10007929121255114
decision_type=2 2 2 2 2 2 2 2 2 2 2 2 2 2 2 2 2 2 2 2 2 2 2 2 2 2 2 2 2 2
left_child=1 -1 3 5 -5 -3 12 8 9 10 11 19 20 15 18 16 -11 -10 -12 -8 21 -7 -23 -24 -16 29 27 -27 -29 -26
right_child=-2 2 -4 4 -6 6 7 -9 17 13 14 -13 -14 -15 24 -17 -18 -19 -20 -21 -22 22 23 -25 25 26 -28 28 -30 -31
leaf_value=-0.011250083364475546 0.019335009238135505 -0.0055976034861173743 0.0095956190690384899 0.0095956190690384899 -0.0055976034861173743 0.0034890918207743753 0.0095956190690384899 -0.0026326566673603993 -0.0026326566673603993 0.0095956190690384899 0.001830019292052484 0.0095956190690384899 0.0088295607446432153 0.0095956190690384899 -0.0026326566673603993 -0.0026326566673603993 -0.0026326566673603993 0.0095956190690384899 0.0095956190690384899 -0.0026326566673603993 -0.0026326566673603993 -0.0026326566673603993 0.0034890918207743753 -0.0026326566673603993 0.0056795751646789901 -0.0026326566673603993 0.0095956190690384899 0.0095956190690384899 -0.0026326566673603993 -0.0026326566673603993
leaf_weight=1695.7859139638022 600.25446909666061 1698.3911404162645 1358.3479302916676 309.98863460496068 3907.4500496629626 5685.8223875239491 604.90512210316956 9046.9364059530199 230.87703987210989 1127.4727615080774 2811.3638312146068 2220.1026847101748 1879.4290617499501 692.84498497657478 4252.3242763895541 13916.382440380752 508.19626582041383 4544.939153236337 1525.6393234245479 2259.8573521692306 14611.85683767125 7226.9160027224571 3766.7336373645812 1354.3472829163074 2030.8005809243768 1840.7292351946235 3063.1192939896137 454.87812826409936 351.90570747666061 1639.5104160569608
leaf_count=45610 25364 9558 8065 1581 21353 31013 3454 50513 1217 6399 15160 12598 12035 3893 23047 76528 2822 25329 8506 12364 80129 39212 20776 7447 11086 9829 16847 2492 1761 8933
internal_value=-2.31078e-05 -0.000143771 5.48764e-05 -0.000124993 -0.0055976 0.000153851 0.00033229 0.0013733 0.00230204 0.00125912 0.00321541 0.00959562 -0.00126947 -0.00151734 0.0012402 -0.00227525 0.00717779 0.00959562 0.00677983 -0.000638235 -0.00185138 0.000240425 -0.00199005 0.00265032 -0.000522802 0.00185204 0.00533884 -2.34851e-05 0.00959562 -0.00263266
internal_weight=97218.1 96617.9 94922.1 93563.7 4217.44 89346.3 87647.9 53122.8 44075.8 39300 23055.1 5084.87 34525.1 16244.9 17970.3 15552.1 1635.67 4775.82 4337 2864.76 32645.7 18033.8 12348 5121.08 13633.3 9380.94 5710.63 2647.51 806.784 3670.31
internal_count=594921 569557 523947 515882 22934 492948 483390 292778 242265 215719 126077 28416 190612 89642 97661 85749 9221 26546 23666 15818 178577 98448 67435 28223 73995 50948 30929 14082 4253 20019
is_linear=0
shrinkage=0.03


Tree=140
num_leaves=31
num_cat=0
split_feature=12 6 9 6 1 5 2 2 6 12 10 13 4 3 11 4 6 3 17 13 20 13 17 3 21 6 0 0 6 11
split_gain=246.478 237.683 216.827 210.245 122.527 231.219 137.828 121.515 106.473 104.626 102.1 90.9616 88.8681 75.9184 60.4665 58.9727 56.7386 53.114 51.2861 61.6699 50.8531 43.3369 97.2402 43.1825 40.2363 47.1478 40.214 37.9976 59.5889 31.7003
threshold=0.34356646944828623 -2.4999999999999996 4.5000000000000009 4.5000000000000009 1.0000000180025095e-35 1.0000000180025095e-35 1.5000000000000002 1.0000000180025095e-35 -7.4999999999999991 0.26795006766098534 10.500000000000002 0.070126330525460842 1.0000000180025095e-35 1.0000000180025095e-35 -68.910543978746759 1.0000000180025095e-35 1.5000000000000002 1.0000000180025095e-35 0.020900040852416275 0.049223938275023811 1.0000000180025095e-35 0.091628414152173779 0.03063087544403921 1.0000000180025095e-35 0.24751740957288307 1.0000000180025095e-35 2.5000000000000004 8.5000000000000018 -1.0000000180025095e-35 17.165030664384634
decision_type=2 2 2 2 2 2 2 2 2 2 2 2 2 2 2 2 2 2 2 2 2 2 2 2 2 2 2 2 2 2
left_child=1 2 -1 4 5 7 13 12 -4 14 29 -11 17 15 -10 24 23 -3 -2 -20 -18 -21 -23 -9 -6 26 -26 -8 -29 -5
right_child=18 3 8 10 6 -7 27 16 9 11 -12 -13 -14 -15 -16 -17 20 -19 19 21 -22 22 -24 -25 25 -27 -28 28 -30 -31
leaf_value=-0.020409894377374831 -0.0024821760747060738 0.00093170520431160248 -0.025966724654337931 0.01214074560413762 -0.00076004057835878504 0.0067425589714253621 0.0010804906994122661 -0.0022895625871545804 -0.014438302977481752 -0.0023595192296365238 0.0067425589714253621 -0.014438302977481752 0.0067425589714253621 -0.0023595192296365238 -0.0023595192296365238 -0.0023595192296365238 0.0067425589714253621 0.0057725499846897864 0.0051772696153561081 0.052969368011252745 0.000913814566784682 0.05649229585152328 -0.0017436314041598924 0.00058061134163517466 0.0033239343917465703 0.0062012799657163624 -0.0018558786449918022 -0.0023595192296365238 0.0067425589714253621 0.027785587865604856
leaf_weight=747.46021866798401 46.993629330769181 10393.303090922534 182.87217024713755 177.60829913057387 14011.816564502195 3866.7197587266564 13156.271710600704 13517.655940376222 130.02072883956134 150.35466995462775 553.58698581904173 503.32884732540697 1358.1415402945131 8960.6319475863129 6501.5107572833076 2387.6823132950813 1126.0394562855363 2536.3928995616734 62.905035737901926 103.41252821590751 1887.6346048414707 45.103378491476178 56.814941288903356 7245.3572724461555 1643.1450728774071 1818.6694676149637 2683.4376237988472 377.70105270296335 680.61335895583034 366.70664889365435
leaf_count=21418 303 52716 8110 6935 69505 20991 65479 61675 2011 1504 13142 5384 6988 45015 67150 11630 14650 12910 470 705 14797 263 423 33033 6811 13709 12040 2481 4797 18738
internal_value=-5.85635e-05 -0.000144933 -0.00502606 0.000307018 0.000143448 0.00131464 -0.000930704 0.000584309 -0.00348128 -0.00290988 0.0133417 -0.0144383 0.00277071 -0.00203707 -0.00235952 -0.00057732 -0.00072966 0.00188207 0.0263421 0.0313729 0.00311567 0.0392709 0.0246196 -0.00128804 0.00012761 0.00215114 0.000446589 0.00152139 0.00674256 0.0227439
internal_weight=97279.9 96964.7 8215.55 88749.1 87651.2 41931.2 45720 38064.5 7468.09 7285.22 1097.9 653.684 14287.8 31505.4 6631.53 22544.8 23776.7 12929.7 315.23 268.236 3013.67 205.331 101.918 20763 20157.1 6145.25 4326.58 14214.6 1058.31 544.315
internal_count=595783 593619 105577 488042 449227 217760 231467 196769 84159 76049 38815 6888 72614 158710 69161 113695 124155 65626 2164 1861 29447 1391 686 94708 102065 32560 18851 72757 7278 25673
is_linear=0
shrinkage=0.03


Tree=141
num_leaves=31
num_cat=0
split_feature=6 6 13 15 16 14 14 13 13 13 13 15 15 15 17 13 13 16 13 14 14 14 17 17 13 16 16 15 13 14
split_gain=240.462 206.353 151.039 160.476 161.973 171.976 280.859 160.457 152.58 298.783 181.557 184.245 234.334 177.579 294.153 224.625 362.215 260.223 210.038 168.046 156.702 264.815 195.018 192.847 160.656 148.811 334.53 174.971 151.084 144.677
threshold=5.5000000000000009 -3.4999999999999996 0.069849350354847531 0.26082803251673264 0.068618792067243056 0.029243735648676973 0.03215095954713839 0.073422256988720805 0.078325505017673117 0.077254401826521518 0.081771822726316182 0.24119882883712843 0.19033442765644906 0.2754975140169213 0.026742662713572046 0.10959954339273138 0.092534965749127174 0.085066921959308275 0.08802851596164242 0.023288884348807749 0.029853033104167804 0.02909007148606399 0.031667051405078063 0.020900040852416275 0.11366264659262021 0.066927255083167422 0.082622869039433181 0.16419830887524681 0.084028043882921566 0.041187952516631751
decision_type=2 2 2 2 2 2 2 2 2 2 2 2 2 2 2 2 2 2 2 2 2 2 2 2 2 2 2 2 2 2
left_child=1 -1 3 4 -3 -6 -7 -4 9 19 -10 12 25 14 -13 16 17 18 -16 -9 21 22 23 -14 -25 -12 -27 -28 -29 -8
right_child=-2 2 7 -5 5 6 29 8 10 -11 11 13 20 -15 15 -17 -18 -19 -20 -21 -22 -23 -24 24 -26 26 27 28 -30 -31
leaf_value=-0.0072120923924727486 0.019091469001570351 -0.0035825549025985328 -0.0035825549025985328 -0.0035825549025985328 0.0094314602107312545 -0.0035825549025985328 0.0094314602107312545 0.0094314602107312545 -0.0035825549025985328 0.0094314602107312545 0.0094314602107312545 0.0094314602107312545 -0.0035825549025985328 -0.0020291622927973217 -0.0035825549025985328 0.0094314602107312545 -0.0035825549025985328 0.0094314602107312545 0.0094314602107312545 -0.0016256982706138352 -0.0035825549025985328 0.0094314602107312545 -0.0035825549025985328 0.00632954755932139 -0.0035825549025985328 -0.0035825549025985328 -0.0035825549025985328 -0.0035825549025985328 0.0094314602107312545 -0.0035825549025985328
leaf_weight=3661.5077530005947 581.29923821333796 885.42899774201214 4404.3079234957695 1857.1609831182286 2906.3622331451625 1727.5940761249512 3130.4301291732118 517.76472662761807 6467.7850043866783 1852.1703203693032 800.11392586119473 4073.4851258583367 921.01451805792749 6014.0613921768963 981.32043057866395 1918.7171419225633 5017.5806175097823 2507.9658695813268 709.91108258441091 5299.8935708245263 18631.490489786491 1406.9623812809587 6557.7589123565704 5855.3872134611011 937.39457539282739 2741.333803136833 576.63691583462059 339.57230776175857 3398.7761494889855 415.62614568881691
leaf_count=70120 25377 4530 24055 9677 16185 9644 17331 2872 34912 10311 4575 21321 4851 31665 5159 10170 26029 13171 3796 28924 99073 7636 35900 32031 4928 15335 3149 1894 18641 2211
internal_value=-0.000112493 -0.000228549 4.69826e-05 0.00336046 0.00502034 0.00640937 0.00283325 -0.000394821 -3.26378e-05 0.00398338 -0.000473669 5.46643e-05 -0.00109277 0.0023343 0.00405978 0.00148196 -0.000482974 0.00635139 -0.00329485 0.000192147 -0.00216296 7.8793e-05 -0.00118949 0.00219196 0.00438061 0.00358025 0.00187384 0.00729983 0.00943146 0.00792636
internal_weight=97096.8 96515.5 92854 10922.6 9065.44 8180.01 5273.65 81931.4 77527.1 7669.83 69857.3 63389.5 42166.4 21223 15209 11135.5 9216.78 4199.2 1691.23 5817.66 34310 15678.5 14271.6 7713.8 6792.78 7856.43 7056.32 4314.99 3738.35 3546.06
internal_count=595473 570096 499976 59578 49901 45371 29186 440398 416343 42107 374236 339324 228013 111311 79646 58325 48155 22126 8955 31796 184419 85346 77710 41810 36959 43594 39019 23684 20535 19542
is_linear=0
shrinkage=0.03


Tree=142
num_leaves=31
num_cat=0
split_feature=12 6 6 14 1 5 4 2 10 17 2 4 6 9 15 9 3 2 14 14 6 10 9 11 17 6 11 6 5 6
split_gain=244.874 212.095 198.883 159.912 149.821 228.506 219.807 126.482 124.851 116.059 100.238 102.242 97.4822 111.121 91.8772 75.2451 68.4433 67.9616 62.1646 110.876 55.4576 65.4509 58.2083 51.5536 45.2 44.1005 47.0285 40.2011 37.9899 32.6575
threshold=0.34356646944828623 3.5000000000000004 -5.4999999999999991 0.046189505838202333 1.0000000180025095e-35 1.0000000180025095e-35 1.0000000180025095e-35 1.0000000180025095e-35 10.500000000000002 0.035123536656494349 1.0000000180025095e-35 1.0000000180025095e-35 -1.0000000180025095e-35 6.5000000000000009 0.22293996438092828 16.500000000000004 1.0000000180025095e-35 1.5000000000000002 0.026261127465763274 0.021652034352161679 -1.0000000180025095e-35 4.5000000000000009 14.500000000000002 100.41498684734496 0.022954179582427427 6.5000000000000009 21.822066163622257 -1.4999999999999998 1.0000000180025095e-35 1.0000000180025095e-35
decision_type=2 2 2 2 2 2 2 2 2 2 2 2 2 2 2 2 2 2 2 2 2 2 2 2 2 2 2 2 2 2
left_child=1 2 15 4 6 10 7 16 25 24 11 27 13 -9 -11 -1 29 -7 19 -2 22 -22 -12 -10 -5 26 -3 -6 -14 -4
right_child=18 8 3 9 5 17 -8 12 23 14 20 -13 28 -15 -16 -17 -18 -19 -20 -21 21 -23 -24 -25 -26 -27 -28 -29 -30 -31
leaf_value=-0.023033901335863978 0.039650770899993457 0.0046191078100589582 0.00029784677583431443 0.0042658603199257541 -0.0054553042925170481 -0.0081007854239260133 0.0042658603199257541 -0.0081007854239260133 0.0042658603199257541 -0.0081007854239260133 -0.0042540380407894377 -0.0081007854239260133 -0.00019134171334014564 -0.0021101939523067012 0.0042658603199257541 -0.0081007854239260133 0.0042658603199257541 -0.0026850497864729138 0.051932331553747269 -0.0005380536278175804 0.0042658603199257541 0.00084998574714109328 0.00015225131705856552 0.026004968811411115 -0.0081007854239260133 0.029064365681602332 0.019774549876653891 -0.00096143026006807047 0.0042658603199257541 0.0042658603199257541
leaf_weight=504.48742344696075 119.39719147142023 311.53269539400935 8822.9012284297496 217.69094068557024 2091.6637257486582 2217.644556093961 7922.8393285004422 1220.1281109694391 1237.9673918988556 242.98292265273631 3685.5150520261377 1534.2350461501628 12546.10962928459 7124.5626520887017 211.02924203313887 216.02676716074347 2912.2671156190336 2104.7060275562108 66.321326112374663 125.70715304929763 1631.1063896156847 16080.434154011309 5864.6043252907693 102.21080791205168 1247.8855790998787 215.12375846505165 454.61316795554012 12427.883401151747 1282.5241817571223 2282.6658262684941
leaf_count=25355 840 8350 44157 1213 16460 11879 43647 11823 20916 1290 28175 7826 63662 38827 1113 4311 15636 11520 498 827 10687 76549 29814 2565 7122 11692 16884 59395 6882 15392
internal_value=-1.53779e-05 -0.000101172 -0.000321579 -0.000200636 -2.0681e-05 -0.00118723 0.00123905 0.000187388 0.0088533 -0.00810079 -0.000530722 -0.0024112 -0.00122271 -0.00378296 0.00426586 -0.0160009 0.00241773 -0.00776301 0.0264588 0.0192015 0.000576747 0.00157026 -0.00126576 0.00426586 -0.00810079 0.0170738 0.0136401 -0.00160947 0.000322555 0.00112579
internal_weight=97024.8 96713.3 94391.9 93671.4 91751.8 47637.8 44114 36191.2 2321.45 1919.59 43315.4 16053.8 22173.3 8344.69 454.012 720.514 14017.8 4322.35 311.426 245.104 27261.7 17711.5 9550.12 1340.18 1465.58 981.27 766.146 14519.5 13828.6 11105.6
internal_count=595307 593142 532735 503069 492331 252305 240026 196379 60407 10738 228906 83681 121194 50650 2403 29666 75185 23399 2165 1667 145225 87236 57989 23481 8335 36926 25234 75855 70544 59549
is_linear=0
shrinkage=0.03


Tree=143
num_leaves=31
num_cat=0
split_feature=12 6 9 6 11 10 6 11 15 17 14 0 6 17 16 17 14 14 13 11 12 16 13 12 14 16 15 16 14 17
split_gain=218.338 217.944 284.042 195.386 132.62 124.531 298.504 107.363 188.1 92.4291 91.045 90.4682 74.2493 71.4172 188.047 85.141 95.492 145.622 152.859 113.479 89.2761 72.4117 67.5844 64.5066 189.735 71.7749 64.5472 63.8582 61.1424 60.2481
threshold=0.34356646944828623 -1.4999999999999998 4.5000000000000009 5.5000000000000009 -74.452390274339777 4.5000000000000009 1.0000000180025095e-35 10.006833685843278 0.17102959293316927 0.044610796766958193 0.045150344511471062 9.5000000000000018 -7.4999999999999991 0.021447580998683633 0.095956243107101213 0.034676938109219672 0.03693197135729781 0.029606193001129794 0.1116378259200041 99.143032179048319 0.26795006766098534 0.1175473874468453 0.10658099037073096 0.27508481738869722 0.029606193001129794 0.10070917174730779 0.25839179612706259 0.11299715587214858 0.034347324894103318 0.035738501783780935
decision_type=2 2 2 2 2 2 2 2 2 2 2 2 2 2 2 2 2 2 2 2 2 2 2 2 2 2 2 2 2 2
left_child=1 2 -1 5 -4 6 11 -7 -9 10 12 -3 -6 14 -10 23 17 18 19 -17 21 22 -19 -15 25 -25 -26 -27 -24 -5
right_child=-2 3 4 29 9 7 -8 8 13 -11 -12 -13 -14 15 -16 16 -18 20 -20 -21 -22 -23 28 24 26 27 -28 -29 -30 -31
leaf_value=-0.015613973470882218 0.025486907223153148 -0.0013182115945651136 -0.024194608932658717 0.025041524786996807 -0.012925772812267663 -0.0013182115945651136 0.0092786505681762797 0.0092786505681762797 0.0092786505681762797 -0.012925772812267663 -0.012925772812267663 0.004685478514469407 -0.0013182115945651136 -0.00025068818350025475 -0.00025068818350025475 -0.00025068818350025475 -0.00025068818350025475 0.0092786505681762797 0.0092786505681762797 0.0092786505681762797 -0.00025068818350025475 -0.00025068818350025475 -0.00025068818350025475 -0.00025068818350025475 0.0092786505681762797 0.0092786505681762797 -0.00025068818350025475 -0.00025068818350025475 0.0092786505681762797 0.0092786505681762797
leaf_weight=1506.1387539543211 298.20575922913849 4620.9435206651688 236.5578455934301 395.12078321352601 162.62980998586863 22477.99439468421 2231.6916735814884 1660.5698056444526 1658.9427305534482 437.06328974664211 479.3531763618812 1402.1341080069542 14664.226998928003 25412.022819394246 973.15830155834556 5423.5051370412111 2594.2779816202819 3881.2261185348034 670.78147945553064 878.55726524814963 576.40437727794051 213.42081263102591 481.01464191824198 1484.9065339686349 1096.273043455556 423.60631546378136 216.6788214482367 143.6648667268455 122.47446416690946 165.29991500452161
leaf_count=28186 2095 21748 2827 17914 7488 107126 27100 9470 8517 3320 4511 6111 110976 129374 5030 28359 13079 20441 3563 5372 3148 1205 2445 7952 5835 2257 1082 718 621 7398
internal_value=-5.79626e-05 -0.000137272 -0.00316839 0.00053197 -0.00199356 0.000405956 0.00389149 -2.90142e-06 0.000816835 -0.00165694 -0.00131821 9.23065e-05 -0.00131821 0.000456134 0.00525318 0.000166437 0.00213124 0.00347641 0.000630795 -0.000250688 0.0072366 0.00869523 0.00927865 -0.000250688 0.00425276 -0.000250688 0.00927865 0.00927865 -0.000250688 0.0181513
internal_weight=96988.8 96690.6 17486 79204.7 15979.8 78644.2 8254.77 70389.5 47911.5 15743.3 15306.2 6023.08 14826.9 46250.9 2632.1 43618.8 14841.7 12247.4 6972.84 6302.06 5274.54 4698.14 4484.72 28777.2 3365.13 2052.18 1312.95 567.271 603.489 560.421
internal_count=595268 593173 157308 435865 129122 410553 54959 355594 248468 126295 122975 27859 118464 238998 13547 225451 78233 65154 37294 33731 27860 24712 23507 147218 17844 10927 6917 2975 3066 25312
is_linear=0
shrinkage=0.03


Tree=144
num_leaves=31
num_cat=0
split_feature=12 6 6 1 5 4 10 2 2 2 4 6 9 3 14 14 14 6 10 0 6 2 9 0 5 4 16 18 17 21
split_gain=217.87 218.166 186.603 148.13 218.903 217.389 121.247 114.728 110.32 108.118 105.37 91.7962 151.254 78.6659 73.4129 106.379 61.7446 53.6991 68.6411 52.2424 48.0344 47.8879 45.4046 43.2582 37.4624 35.1723 33.6144 33.3482 32.8257 32.245
threshold=0.34356646944828623 3.5000000000000004 -6.4999999999999991 1.0000000180025095e-35 1.0000000180025095e-35 1.0000000180025095e-35 7.5000000000000009 1.5000000000000002 1.0000000180025095e-35 1.0000000180025095e-35 1.0000000180025095e-35 -1.0000000180025095e-35 4.5000000000000009 1.0000000180025095e-35 0.026261127465763274 0.021652034352161679 0.023288884348807749 -1.4999999999999998 4.5000000000000009 8.5000000000000018 -1.0000000180025095e-35 1.5000000000000002 16.500000000000004 8.5000000000000018 1.0000000180025095e-35 1.0000000180025095e-35 0.080309527330571742 1.0000000180025095e-35 0.028109128409108449 0.29288087598533835
decision_type=2 2 2 2 2 2 2 2 2 2 2 2 2 2 2 2 2 2 2 2 2 2 2 2 2 2 2 2 2 2
left_child=1 2 22 5 9 8 -3 -6 13 10 20 12 -10 29 15 -2 -8 18 -11 25 23 -7 -1 -5 28 -19 -17 -22 -13 -4
right_child=14 6 3 4 7 21 16 -9 11 17 -12 24 -14 -15 -16 26 -18 19 -20 -21 27 -23 -24 -25 -26 -27 -28 -29 -30 -31
leaf_value=-0.027831890516137648 0.038337224654007865 0.020545948447350266 0.0011852709872984246 -0.0035447474461352412 -0.01075701454473801 0.0043791221233899459 0.021171380243056568 -0.0025762625853144347 -0.01075701454473801 -0.01075701454473801 -0.01001916369074452 0.0017563240315147284 -0.0022369299145966457 0.0043791221233899459 0.053270642369939329 -0.017052555400682873 0.0043791221233899459 0.0012556323558340192 -0.0011532027884358553 0.0043791221233899459 0.0017739682272301927 0.00038490292813488574 -0.01075701454473801 -0.01075701454473801 0.0043791221233899459 -0.00070720408202294195 0.013715321144783816 -0.0018956535273475185 -0.0014209961952991101 -0.005625626957073783
leaf_weight=283.54422860872 111.53009258024395 606.18695728387684 10706.438074492849 4049.4592610811815 2268.0845771441236 4666.855317292735 196.92384522501379 2149.8734637275338 865.69042608235031 552.19464345090091 1579.4585851877928 4530.5234067551792 7730.8555205576122 2957.617326692678 64.964149430394173 62.51446283981204 1491.2755601368845 17682.182365309447 4362.6922136833891 1546.437277238816 3215.7915228903294 3461.4284189259633 93.804447550326586 340.21785966400057 1317.2152678929269 3723.5909416638315 61.35401461366564 7250.6624742820859 8256.5697124563158 662.44492361787707
leaf_count=16366 810 26751 58429 24782 12447 25980 4258 12096 9639 8481 8176 22744 45247 16183 497 399 29622 84045 31836 9658 15605 19641 2137 3820 7057 17458 422 34728 42077 3854
internal_value=1.94539e-06 -7.76802e-05 -0.000300267 -0.000215409 -0.00136265 0.00102241 0.00905851 -0.00772897 1.72965e-05 -0.000727465 -0.00265709 -0.00128354 -0.00372673 0.00207841 0.0254279 0.0173599 0.00491425 0.000410705 -0.00243454 0.00102013 -0.00187313 0.00437912 -0.0212986 -0.00450646 0.000205894 0.000598123 -0.00183696 -0.000768048 -0.000295159 0.000787492
internal_weight=96848.4 96548 94253.6 93876.3 48720.6 45155.6 2294.39 4417.96 37027.4 44302.7 16435.6 22700.9 8596.55 14326.5 300.363 235.399 1688.2 27867.1 4914.89 22952.2 14856.1 8128.28 377.349 4389.68 14104.3 21405.8 123.868 10466.5 12787.1 11368.9
internal_count=595245 593117 532486 513983 263132 250851 60631 24543 205230 238589 87111 126764 54886 78466 2128 1631 33880 151478 40317 111161 78935 45621 18503 28602 71878 101503 821 50333 64821 62283
is_linear=0
shrinkage=0.03


Tree=145
num_leaves=31
num_cat=0
split_feature=6 6 14 11 15 17 17 17 15 1 5 4 2 4 6 10 6 2 0 14 9 3 0 17 13 6 9 3 2 13
split_gain=207.201 175.89 160.588 159.402 164.056 237.149 147.764 139.328 150.71 123.888 267.46 185.891 140.583 135.714 92.5507 106.568 87.9418 85.408 69.4762 67.7933 59.9624 58.4011 58.2315 55.4081 52.199 48.9875 46.9516 45.8649 45.6678 39.1251
threshold=5.5000000000000009 -6.4999999999999991 0.046189505838202333 -68.910543978746759 0.17102959293316927 0.037505513252837727 0.022954179582427427 0.035123536656494349 0.22293996438092828 1.0000000180025095e-35 1.0000000180025095e-35 1.0000000180025095e-35 1.0000000180025095e-35 1.0000000180025095e-35 -1.0000000180025095e-35 2.5000000000000004 -1.0000000180025095e-35 1.5000000000000002 7.5000000000000009 0.031356673815006141 16.500000000000004 1.0000000180025095e-35 5.5000000000000009 0.035738501783780935 0.058605519976797978 1.0000000180025095e-35 16.500000000000004 1.0000000180025095e-35 1.5000000000000002 0.10856419361276574
decision_type=2 2 2 2 2 2 2 2 2 2 2 2 2 2 2 2 2 2 2 2 2 2 2 2 2 2 2 2 2 2
left_child=1 26 3 19 5 -5 29 -8 -9 10 12 14 13 21 22 -16 20 -12 -18 -3 -14 -6 -11 -2 -17 -20 -1 -26 -13 -4
right_child=23 2 6 4 9 -7 7 8 -10 11 17 28 16 -15 15 24 18 -19 25 -21 -22 -23 -24 -25 27 -27 -28 -29 -30 -31
leaf_value=-0.027637090897553136 0.024914934220665725 -0.010449217333464175 0.0090498744428617033 0.0090498744428617033 0.00078327765127982649 -0.0043098924129845546 -0.010449217333464175 -0.010449217333464175 0.0090498744428617033 -0.00072139140764050376 0.0090498744428617033 -0.0043098924129845546 -0.0043098924129845546 0.0090498744428617033 0.0090498744428617033 0.0090498744428617033 -0.00026002534364993099 0.0026669852478770563 0.0016859884656131151 -0.0043098924129845546 -0.0014678444734511839 0.0057968417706886696 -0.0043098924129845546 0.0090498744428617033 0.0011959320003545775 0.0090498744428617033 -0.010449217333464175 -0.00072139140764050376 -0.00062867558563121809 -0.010449217333464175
leaf_weight=276.25794129725546 383.04890563059598 747.64432391431183 176.12914272304624 2221.8226251835003 10753.991240136325 555.23820207919925 1272.2171226842329 253.04117873311043 207.31967647746205 7387.8081923741847 1987.4267117753625 4766.9453114541247 5078.6084824120626 1384.0502950744703 956.7101327823475 501.46728324331343 13933.552242034115 1902.7062797220424 986.14815711975098 1022.8058830909431 3904.7610148265958 2594.0934839239344 4904.3089313106611 163.25550299324095 17790.319345411845 504.70705635100603 93.922357050701976 6486.284583629109 3537.1215089093894 51.27431957051158
leaf_count=16372 18010 4721 1088 13289 61228 3437 7678 1460 1158 38507 11792 26554 37446 7922 7718 2819 75567 11568 4093 6057 19309 14784 39731 7461 92544 6464 2167 33445 20456 334
internal_value=-9.2543e-05 -0.000197311 -0.000117398 6.00729e-05 0.000231495 0.00740974 -0.00861196 -0.0104492 0.00621496 8.25644e-06 0.00116731 -0.00106822 0.000421455 0.0027355 -0.000162193 0.000860671 -0.000975375 0.00866747 0.000398937 -0.00885128 -0.00333463 0.00175835 -0.00230345 0.0182971 0.000474949 0.00654971 -0.020781 0.00027549 -0.00430989 0.00904987
internal_weight=96785 96238.7 95868.5 93908.5 92138.1 2777.06 1959.98 1732.58 460.361 89361 43030 46331 39139.9 14732.1 38026.9 25734.8 24407.8 3890.13 15424.4 1770.45 8983.37 13348.1 12292.1 546.304 24778.1 1490.86 370.18 24276.6 8304.07 227.403
internal_count=595179 569708 551169 539451 528673 16726 11718 10296 2618 511947 250173 261774 226813 83934 214764 136526 142879 23360 86124 10778 56755 76012 78238 25471 128808 10557 18539 125989 47010 1422
is_linear=0
shrinkage=0.03


Tree=146
num_leaves=31
num_cat=0
split_feature=12 6 9 6 11 10 6 11 15 17 4 17 6 6 17 20 15 14 14 15 12 15 12 14 14 6 12 22 4 1
split_gain=235.806 203.264 284.666 174.563 134.358 129.527 325.955 111.015 188.45 103.599 98.9932 88.406 81.1207 71.9106 67.8267 61.4704 59.9005 67.1397 89.7872 53.6411 45.0614 43.795 45.7318 43.3642 40.0996 38.9038 41.5711 34.9079 34.2185 36.3246
threshold=0.34356646944828623 -1.4999999999999998 4.5000000000000009 6.5000000000000009 -74.452390274339777 3.5000000000000004 1.0000000180025095e-35 9.0239506945936245 0.17102959293316927 0.044610796766958193 1.0000000180025095e-35 0.037226504497978929 -6.4999999999999991 1.5000000000000002 0.034676938109219672 1.0000000180025095e-35 0.26261957835322192 0.026261127465763274 0.021652034352161679 0.26874842803088256 0.23040192593177647 0.23871410645412314 0.23299931749640562 0.045150344511471062 0.03693197135729781 2.5000000000000004 0.21857296858294634 0.079969550008822637 1.0000000180025095e-35 1.0000000180025095e-35
decision_type=2 2 2 2 2 2 2 2 2 2 2 2 2 2 2 2 2 2 2 2 2 2 2 2 2 2 2 2 2 2
left_child=1 2 28 5 -4 6 10 -7 11 12 -3 -9 -6 14 -10 19 17 18 -2 25 -13 -17 -23 -14 -16 26 -15 -24 -1 -30
right_child=16 3 4 -5 9 7 -8 8 13 -11 -12 20 23 15 24 21 -18 -19 -20 -21 -22 22 27 -25 -26 -27 -28 -29 29 -31
leaf_value=-0.01812693603653524 0.035586613245191509 -0.0012991398002393086 -0.024549232857978266 0.022322716690228853 -0.013064383407420771 -0.0012991398002393086 0.011362222170329186 0.011362222170329186 -0.00023679003655480998 -0.013064383407420771 0.0058128644881386572 -0.00023679003655480998 -0.0012991398002393086 0.0081310348711159698 0.0016776082602294622 0.0016776082602294622 0.048901107636998023 0.048550769428049874 -0.0081606548335431128 0.0016776082602294622 0.011362222170329186 0.011362222170329186 0.011362222170329186 -0.0071817616038300398 -0.00023679003655480998 0.011362222170329186 0.0016776082602294622 0.0016776082602294622 -0.0012991398002393086 -0.019049296128160143
leaf_weight=1144.6978490343317 67.83474591281265 3784.331327535212 230.60805113613605 326.30865174531937 274.11363236419857 22143.775646440685 1922.2141668004915 1354.8962844926864 27820.560940861702 429.27641142625362 1706.1678739339113 184.59405358508229 14487.06065415591 341.00200299918652 10640.075278237462 3208.4302048683167 77.50278196670115 48.860598459839821 105.3520568292588 175.54250347521156 154.0221711806953 612.25158500112593 251.88771963864565 465.17731495387852 2334.8456925526261 1004.0119636608288 678.3187109567225 432.48539241589606 200.02183217462152 139.93164863716811
leaf_count=22370 542 17833 2834 15962 12543 107297 25534 7983 120324 3321 7639 1122 106254 2950 46919 30123 516 375 714 2251 922 5298 2372 4101 10066 21111 6152 3801 3212 2786
internal_value=-6.99599e-05 -0.000152773 -0.00309103 0.000492748 -0.00191602 0.000401728 0.00417555 9.47713e-06 0.00082556 -0.00157953 0.000263507 0.0106533 -0.00129914 0.000474734 1.48737e-06 0.00335373 0.0264175 0.0182035 0.00918516 0.00748274 -0.00023679 0.00167761 0.00722388 -0.00129914 0.00167761 0.0094532 0.00489985 0.00173186 -0.0156445 -0.0072286
internal_weight=96746.2 96446.6 17370.9 79075.7 15886.2 78749.4 7412.71 71336.7 49192.9 15655.6 5490.5 1693.51 15226.4 47499.4 40795.5 6703.93 299.55 222.047 173.187 2198.88 338.616 4505.05 1296.62 14952.2 12974.9 2023.33 1019.32 684.373 1484.65 339.953
internal_count=595227 593080 157421 435659 129053 419697 51006 368691 261394 126219 25472 10027 122898 251367 177309 74058 2147 1631 1256 32464 2044 41594 11471 110355 56985 30213 9102 6173 28368 5998
is_linear=0
shrinkage=0.03


Tree=147
num_leaves=31
num_cat=0
split_feature=12 6 6 14 11 15 17 16 12 12 15 11 12 14 12 14 15 14 13 15 11 14 17 12 12 17 13 12 12 13
split_gain=195.464 184.208 174.051 158.695 156.264 145.464 218.797 155.397 281.583 298.609 288.456 210.441 168.909 264.982 297.63 271.704 246.159 232.644 207.861 168.889 281.406 206.679 219.163 167.802 217.444 147.969 211.891 144.432 190.549 137.027
threshold=0.34356646944828623 5.5000000000000009 -5.4999999999999991 0.046189505838202333 -68.910543978746759 0.17102959293316927 0.037505513252837727 0.084912013066054864 0.25752731697955794 0.24766770882827008 0.1897131302834851 -27.524607623120911 0.2231771484636608 0.036718632251260735 0.21911681860361193 0.02537561860131694 0.24119882883712843 0.024653516358932443 0.10998160983535595 0.20603036097229235 100.41498684734496 0.034936034579427608 0.035534809193638987 0.27508481738869722 0.2807271102694619 0.033216553254568577 0.076170193385312265 0.26399857989839759 0.17552787574294706 0.083663806194408219
decision_type=2 2 2 2 2 2 2 2 2 2 2 2 2 2 2 2 2 2 2 2 2 2 2 2 2 2 2 2 2 2
left_child=1 2 -1 4 -4 6 -6 19 9 10 -9 -11 13 14 15 18 -14 -18 -12 -7 21 22 27 -10 -25 -19 -27 28 -21 -15
right_child=-2 -3 3 -5 5 7 -8 8 23 11 12 -13 16 29 -16 -17 17 25 -20 20 -22 -23 -24 24 -26 26 -28 -29 -30 -31
leaf_value=-0.015359070415563593 0.024524572832974136 0.017543998193624469 -0.007725895149306757 -0.007725895149306757 0.0086717400583610632 -0.0037344506598006471 -0.0037344506598006471 0.0086717400583610632 -0.0037344506598006471 -0.0037344506598006471 0.0086717400583610632 0.0086717400583610632 -0.0037344506598006471 0.0013727957518666703 0.0086717400583610632 -0.0033803923278735116 -0.0037344506598006471 0.0086717400583610632 -0.0037344506598006471 0.0038984366431592072 0.0086717400583610632 -0.0037344506598006471 0.0038984366431592072 0.0086717400583610632 -0.0017022078699313239 0.0086717400583610632 -0.0037344506598006471 0.0038984366431592072 -0.0037248099187350242 0.0086717400583610632
leaf_weight=674.90141839068383 288.91886765509844 527.43746430892497 1754.9893022449687 1950.5636379178613 2195.904984771274 8497.9760962370783 549.71750907786191 3077.3053364502266 4721.7969144927338 219.89046076312661 2303.3535446338356 4636.9298882260919 9814.0970321884379 2335.0978641416878 1706.5696310289204 11060.24533576332 1033.4958937633783 2897.6936483066529 650.39841786772013 749.01459899917245 695.16965728159994 7202.2710017953068 4151.9962716046721 955.2289236234501 3995.1707852231339 334.02376781962812 1098.3296938240528 2372.579475864768 11557.660127932206 2669.9415253158659
leaf_count=29466 2098 25403 10506 11387 13010 48368 3377 17583 26756 1163 12622 26415 55513 13167 9499 62312 5820 16094 3712 3954 4530 40096 23355 5745 22762 1830 5961 13520 64610 14822
internal_value=-2.89553e-05 -0.000103059 -0.000200518 -9.27199e-05 8.54672e-05 0.000256994 0.00705527 4.64914e-05 0.0010651 0.00208734 0.00121159 0.00867174 0.000446275 0.00220706 0.000292719 -0.00122162 -0.00195812 0.0033523 0.00685864 -0.00150075 -0.000232596 -0.000874867 0.000868007 -0.00356748 0.00179318 0.00677948 -0.00151471 -0.00112332 -0.00247669 0.0082174
internal_weight=96678.7 96389.8 95862.3 95187.4 93236.8 91481.9 2745.62 88736.2 53509.6 43837.4 38980.6 4856.82 35903.2 20725.6 15720.6 14014 15177.6 5363.54 2953.75 35226.7 26728.7 26033.5 18831.3 9672.2 4950.4 4330.05 1432.35 14679.3 12306.7 5005.04
internal_count=595456 593358 567955 538489 527102 516596 16387 500209 301776 246513 218935 27578 201352 116134 88145 78646 85218 29705 16334 198433 150065 145535 105439 55263 28507 23885 7791 82084 68564 27989
is_linear=0
shrinkage=0.03


Tree=148
num_leaves=31
num_cat=0
split_feature=12 6 6 14 11 15 17 17 15 16 12 12 15 12 16 17 17 13 12 11 12 12 14 14 14 11 13 13 17 17
split_gain=183.951 175.348 171.664 165.029 167.398 154.295 207.597 150.382 147.112 133.083 301.953 342.601 243.75 369.496 219.655 244.577 235.546 228.664 214.517 206.79 206.523 223.764 199.154 279.277 232.959 193.043 184.341 176.26 318.454 243.359
threshold=0.34356646944828623 5.5000000000000009 -6.4999999999999991 0.046189505838202333 -68.910543978746759 0.17102959293316927 0.037505513252837727 0.035123536656494349 0.22293996438092828 0.084912013066054864 0.25752731697955794 0.24766770882827008 0.20185149778879355 0.23010492442192595 0.091859370313247077 0.031051521817010885 0.030484290578444897 0.082472014344963443 0.19023209442751823 -27.524607623120911 0.27508481738869722 0.2807271102694619 0.039434340827964993 0.029924107930404838 0.023401308796103987 19.021252440025822 0.087734497007029275 0.092942709985358959 0.021796137765327146 0.038279170691366972
decision_type=2 2 2 2 2 2 2 2 2 2 2 2 2 2 2 2 2 2 2 2 2 2 2 2 2 2 2 2 2 2
left_child=1 2 -1 4 -4 6 -6 -5 -9 27 11 12 13 18 25 16 17 -16 -11 -13 -12 -22 23 24 -19 -14 -25 28 -7 -30
right_child=-2 -3 3 7 5 9 -8 8 -10 10 20 19 14 -15 15 -17 -18 22 -20 -21 21 -23 -24 26 -26 -27 -28 -29 29 -31
leaf_value=-0.021038642788467614 0.023725353233318862 0.017260677529750679 -0.0091178155990433388 -0.010594342439361885 0.0085165833421371722 0.0085165833421371722 -0.0044557611435944652 -0.010594342439361885 0.0085165833421371722 -0.004114141806667462 -0.0044557611435944652 -0.0044557611435944652 -0.00092209376351068081 -0.0044557611435944652 -0.0044557611435944652 -0.0044557611435944652 0.0085165833421371722 -0.0044557611435944652 0.0085165833421371722 0.0085165833421371722 0.0085165833421371722 -0.0018440238565794068 0.0085165833421371722 0.0085165833421371722 0.0085165833421371722 0.008419392112737567 -0.0044557611435944652 -0.0039713492204702314 -0.002428536233289516 0.0061896940962048851
leaf_weight=353.40016555041075 289.719104135409 516.7982118492946 1764.2727374415845 1482.4706914676353 2209.6090699126944 1467.6011978285387 552.52094926964492 253.83116239216179 215.26402536034584 1305.3896225839853 4712.9408179642633 216.67301557399333 3603.5710813719779 1701.8794040624052 3949.7884217724204 9528.9383961521089 2246.5054536284879 1146.2302294401452 3918.7540880059823 4642.8243759740144 956.88652365002781 4038.8009976819158 842.23743907641619 658.04894676990807 2682.2781392699108 4446.1137571297586 3086.8581309402362 14557.557697643526 15659.481326039881 3630.9047966040671
leaf_count=18559 2101 25317 10765 9069 13242 8419 3442 1480 1200 7609 26976 1169 20441 9839 22458 54315 12428 6562 22775 26744 5804 23238 4839 3740 15510 25686 17479 83630 89536 21027
internal_value=-6.13331e-05 -0.000133351 -0.000227511 -0.000150042 3.02135e-05 0.000206293 0.00718664 -0.00877978 0.0067673 -1.04988e-05 0.000930391 0.00198755 0.001046 0.0061506 -5.26029e-05 -0.00148363 0.000990194 -0.000653424 0.00851658 0.00851658 -0.00385755 0.00170009 0.00230403 0.00035775 0.00610123 0.00423834 -0.00445576 -0.00144076 0.000334154 -0.000805909
internal_weight=96638.1 96348.4 95831.6 95478.2 93526.7 91762.4 2762.13 1951.57 469.095 89000.3 53684.7 43976.1 39116.6 6926.02 32190.6 24140.9 14611.9 12365.4 5224.14 4859.5 9708.63 4995.69 8415.65 7573.42 3828.51 8049.68 3744.91 35315.5 20758 19290.4
internal_count=595399 593298 567981 549422 537673 526908 16684 11749 2680 510224 307612 251594 223681 40223 183458 137331 83016 70588 30384 27913 56018 29042 48130 43291 22072 46127 21219 202612 118982 110563
is_linear=0
shrinkage=0.03


Tree=149
num_leaves=31
num_cat=0
split_feature=12 6 6 15 15 13 13 15 14 12 12 12 17 17 12 14 16 12 15 15 13 13 16 16 17 14 6 13 13 13
split_gain=184.67 173.308 166.139 144.196 161.417 533.259 218.448 208.217 196.715 208.378 194.879 183.581 159.524 169.074 157.95 152.024 145.94 641.08 234.185 381.364 158.422 214.055 251.942 177.982 173.08 308.741 184.429 167.263 168.321 185.311
threshold=0.34356646944828623 5.5000000000000009 -6.4999999999999991 0.2754975140169213 0.26713435610812081 0.074260733974363238 0.0694997121821712 0.2638666867191472 0.029243735648676973 0.23612031212847359 0.17647723953144479 0.28261741100219145 0.02163262813968379 0.037073553981582567 0.17736066974312367 0.03015368492013713 0.11132124989002323 0.19503078877250371 0.22396457944673256 0.24196805290697335 0.073422256988720805 0.09447066659764837 0.065909391267145387 0.060934737720447836 0.021447580998683633 0.02793715020318387 -1.4999999999999998 0.094976145929963868 0.095790895577951771 0.095942898986313141
decision_type=2 2 2 2 2 2 2 2 2 2 2 2 2 2 2 2 2 2 2 2 2 2 2 2 2 2 2 2 2 2
left_child=1 2 -1 4 6 -6 8 16 11 12 -7 -4 -10 -14 -5 -11 20 -18 -19 -20 -8 22 23 -22 25 -24 -26 -23 -29 -30
right_child=-2 -3 3 14 5 10 7 -9 9 15 -12 -13 13 -15 -16 -17 17 18 19 -21 21 27 24 -25 26 -27 -28 28 29 -31
leaf_value=-0.020951442247280298 0.02381031261049512 0.017313678835734606 0.0085472421099758687 0.0085472421099758687 -0.010547644598045809 -0.010547644598045809 -0.006933876387517246 -0.010547644598045809 0.0085472421099758687 -0.010547644598045809 0.0085472421099758687 -0.010547644598045809 -0.0085838679529680901 0.007767905704404535 -0.0047356674201103647 0.0085472421099758687 -0.010547644598045809 0.0085472421099758687 -0.010547644598045809 0.0085472421099758687 -0.004937095597688063 -0.010547644598045809 -0.010547644598045809 0.0085472421099758687 -0.0053849811193898431 0.0085472421099758687 0.0010150536524600889 0.0081236781891067585 -0.010547644598045809 -0.001646356430976114
leaf_weight=344.61360403429717 288.95458334218711 508.10867620166391 2865.4523285347968 622.26322128903121 603.24989081919193 148.1699544955045 3578.9103171573952 1287.5442636320367 249.69646845012903 331.72590895649046 2610.7253452716395 446.95540139637887 2816.8390107741579 711.39066853001714 8736.0235618334264 1875.433345399797 1206.5891847759485 3073.3390805153176 1360.7508782204241 1482.3600807255134 961.29355628602207 857.23156781028956 581.7406009119004 1353.2175156399608 4902.3076115325093 1188.0217938581482 23325.661252246238 1436.7780686896294 2286.6402030931786 24475.790848044679
leaf_count=18463 2108 25272 16506 3503 3364 879 20848 7506 1475 1913 14450 2472 16091 4140 50250 10981 6946 18104 7853 8303 5752 4814 3355 7848 39087 6868 123693 8219 12950 140982
internal_value=-5.41063e-05 -0.000126259 -0.000219195 -0.000143847 0.000240937 0.00668257 -2.12414e-05 -0.000570336 0.00431037 0.000965811 0.00854724 0.00854724 -0.00331251 -0.00528436 -0.00367993 0.00828526 -0.000353126 0.00372268 0.00796406 -0.000103719 -0.000800235 -0.000442318 0.0012378 0.00854724 0.00047797 0.00854724 -9.67332e-05 -0.00231065 -0.00187261 -0.00240984
internal_weight=96517.8 96228.8 95720.7 95376.1 86017.8 3362.15 82655.7 73358.2 9297.49 5985.09 2758.9 3312.41 3777.93 3528.23 9358.29 2207.16 72070.6 7123.04 5916.45 2843.11 64947.6 61368.7 32312.2 2314.51 29997.7 1769.76 28228 29056.4 28199.2 26762.4
internal_count=594995 592887 567615 549152 495399 18693 476706 423128 53578 34600 15329 18978 21706 20231 53753 12894 415622 41206 34260 16156 374416 353568 186603 13600 173003 10223 162780 166965 162151 153932
is_linear=0
shrinkage=0.03


Tree=150
num_leaves=31
num_cat=0
split_feature=12 17 17 15 15 16 15 15 14 13 16 13 12 17 13 12 12 14 13 13 17 15 15 13 13 13 16 14 12 12
split_gain=189.144 244.042 293.039 244.305 233.489 220.359 136.703 299.829 261.868 246.159 239.748 216.407 414.012 206.631 187.077 199.697 184.073 314.356 230.974 217.528 317.761 370.505 315.725 325.322 255.296 270.812 267.597 260.264 215.778 224.965
threshold=0.3168280324219514 0.028801820172797945 0.026004676439026122 0.21542347939597487 0.22683530259580223 0.095956243107101213 0.2754975140169213 0.27452996098736698 0.02682225791729137 0.084028043882921566 0.054407150276939313 0.064685862214177728 0.18247631728715161 0.045756550210542472 0.10817929016388377 0.3053319043816845 0.20050927249903708 0.044721705064030663 0.072192534493073612 0.088715524689523609 0.029860201342827752 0.28320149262956057 0.29234939425386608 0.087027895341913297 0.10658099037073096 0.093717474563977096 0.080934404760728038 0.03215095954713839 0.26544145962544713 0.26137585464054641
decision_type=2 2 2 2 2 2 2 2 2 2 2 2 2 2 2 2 2 2 2 2 2 2 2 2 2 2 2 2 2 2
left_child=6 2 4 -4 -2 -3 7 -1 -9 -10 -8 12 -12 14 15 16 -13 18 -18 22 21 -21 23 -20 25 26 -23 -28 29 -22
right_child=1 5 3 -5 -6 -7 10 8 9 -11 11 13 -14 -15 -16 -17 17 -19 19 20 28 24 -24 -25 -26 -27 27 -29 -30 -31
leaf_value=0.00011204612904993609 -0.018526739577585591 0.010503682184955785 0.017726206872148657 -0.043328699724525799 0.031957774637640587 0.045527705732035025 0.045369399903021898 -0.014982802024993932 0.0052700423797620577 0.066400216407539625 0.022229624616695982 -0.0090166786566681419 -0.034310648929817514 -0.043884027769398364 -0.012335657411883322 -0.055790994601682728 0.021591591334953121 -0.036052552477765572 0.012632938103183198 -0.024817196622400603 0.020232038520898561 -0.02230542902006686 -0.016417323741855474 -0.047641819442532075 0.059133582116337929 -0.0067313626581869852 0.064653761621818712 0.0059766055497677195 -0.023872343844791845 0.077327039316972712
leaf_weight=85557.025057130493 121.21700945589691 437.42084132321179 82.738916577771306 195.77838880941272 248.90761934313923 256.04356878995895 87.130089981481433 92.245611104182899 94.684945467859507 158.24115675408393 151.43450444191694 1540.0690811192617 487.70567458122969 106.87839939910918 1392.1465731337667 55.92010713648051 596.74590417463332 180.05582840368152 872.40939020179212 428.52160066645592 917.39298731926829 81.139518149197102 1104.1587643017992 86.806162625551224 79.057127185165882 716.50958051159978 155.15518959145993 120.74994861613959 90.461160966195166 65.020943010225892
leaf_count=527762 790 2992 490 1098 1649 1696 564 752 535 943 779 9514 3046 634 8635 288 3531 1349 5211 2553 5392 530 6733 623 454 4243 884 700 570 379
internal_value=8.3384e-06 0.0111836 -0.00204681 -0.0251941 0.0154132 0.0235291 -0.00014941 0.000224949 0.0280481 0.0437365 -0.00360085 -0.00407294 -0.0208867 -0.00281722 -0.00228955 -0.000314085 0.000142672 0.00271247 0.00403899 0.00181039 0.00748816 -0.00106615 -0.0054928 0.00709047 0.00779179 0.00390802 0.0251775 0.0392015 0.0200735 0.0241603
internal_weight=96559.8 1342.11 648.642 278.517 370.125 693.464 95217.7 85902.2 345.172 252.926 9315.47 9228.34 639.14 8589.2 8482.32 7090.17 7034.25 5494.18 5314.13 4717.38 2654.01 1581.13 2063.37 959.216 1152.61 1073.55 357.045 275.905 1072.88 982.414
internal_count=595319 8715 4027 1588 2439 4688 586604 529992 2230 1478 56612 56048 3825 52223 51589 42954 42666 33152 31803 28272 15705 9364 12567 5834 6811 6357 2114 1584 6341 5771
is_linear=0
shrinkage=0.03


Tree=151
num_leaves=31
num_cat=0
split_feature=6 6 12 1 5 5 17 17 2 2 2 15 2 3 0 6 3 0 6 10 0 6 3 9 15 12 13 12 12 11
split_gain=167.966 162.462 152.059 146.347 284.034 238.046 137.882 197.762 137.52 129.725 126.954 113.499 111.561 108.814 96.1042 98.7802 89.8347 57.9922 65.6258 170.944 84.1259 55.905 46.3264 44.3006 40.8032 54.8876 46.6128 40.9707 50.0165 40.161
threshold=6.5000000000000009 -6.4999999999999991 0.3168280324219514 1.0000000180025095e-35 1.0000000180025095e-35 1.0000000180025095e-35 0.028801820172797945 0.026004676439026122 1.0000000180025095e-35 1.5000000000000002 1.0000000180025095e-35 0.22683530259580223 1.5000000000000002 1.0000000180025095e-35 8.5000000000000018 -1.0000000180025095e-35 1.0000000180025095e-35 9.5000000000000018 1.0000000180025095e-35 4.5000000000000009 7.5000000000000009 2.5000000000000004 1.0000000180025095e-35 16.500000000000004 0.2754975140169213 0.26399857989839759 0.10352655830587114 0.21911681860361193 0.1808873607400413 -80.729183010929191
decision_type=2 2 2 2 2 2 2 2 2 2 2 2 2 2 2 2 2 2 2 2 2 2 2 2 2 2 2 2 2 2
left_child=1 23 3 4 8 10 7 11 13 -6 16 -4 -7 -3 21 -16 -5 18 20 -20 24 22 -10 -1 29 26 27 28 -26 -12
right_child=-2 2 6 5 9 12 -8 -9 14 -11 17 -13 -14 -15 15 -17 -18 -19 19 -21 -22 -23 -24 -25 25 -27 -28 -29 -30 -31
leaf_value=-0.027871678565391755 0.022168567882476831 0.0012299305145758552 -0.010397071342697916 -0.0015493698655642159 0.011051037154660617 -0.010397071342697916 0.011051037154660617 -0.010397071342697916 -0.0019259133626384482 0.0026060754122811821 -0.010397071342697916 0.011051037154660617 -0.0026788564454945439 0.0072757125755005111 -0.010397071342697916 0.0025439098494423307 -0.0069547326319107225 0.011051037154660617 0.011051037154660617 0.0013447457117863881 -0.005727189921317692 0.0053045600650158294 0.00088021030645467108 -0.010397071342697916 0.0013447457117863881 -0.010397071342697916 -0.010397071342697916 0.0013447457117863881 -0.010397071342697916 0.0009421756494823111
leaf_weight=249.40586221963167 304.73838346358389 12141.370020676404 120.70411025825888 13079.064359142445 2152.3971947133541 2283.933315038681 689.48791886959225 286.81966461800039 15158.362552228384 1997.2406410351396 182.2018385771662 248.73456755373627 2151.3506772555411 3436.4137894958258 657.86856892611831 538.77573202550411 3508.3968801479787 321.27858457714319 812.54813000001013 5902.5894210767001 2332.5462299529463 1361.2523736283183 8135.2478328552097 87.498679919168353 150.26880885474384 254.028873777017 343.61073726788163 665.35432436689734 449.15514881536365 16551.221026154235
leaf_count=16259 16017 70265 744 74016 13121 13166 4596 1618 79791 12411 1094 1609 12798 20004 7580 2240 20131 1698 10635 42051 18231 22054 42879 2170 726 1270 1752 3289 2398 78882
internal_value=4.14133e-06 -6.64936e-05 6.77108e-06 -0.000135827 0.00108765 -0.00127417 0.0100125 -0.00277276 0.000337966 0.00856865 -0.000614176 0.011051 -0.00790056 0.00256438 -0.00100373 -0.0092992 -0.00269335 0.000619202 0.000468758 0.00304878 -0.000359286 -0.000600385 -0.000945889 -0.0208009 0.000314574 -0.00389526 -0.00146671 0.00120771 -0.00648827 0.000783535
internal_weight=96553.9 96249.1 95912.2 94566.5 45578.9 48987.5 1345.75 656.258 41429.3 4149.64 44552.3 369.439 4435.28 15577.8 25851.5 1196.64 16587.5 27964.8 27643.5 6715.14 20928.4 24654.9 23293.6 336.905 18595.8 1862.42 1608.39 1264.78 599.424 16733.4
internal_count=595495 579478 561049 552482 270345 282137 8567 3971 244813 25532 256173 2353 25964 90269 154544 9820 94147 162026 160328 52686 107642 144724 122670 18429 89411 9435 8165 6413 3124 79976
is_linear=0
shrinkage=0.03


Tree=152
num_leaves=31
num_cat=0
split_feature=6 12 17 16 17 16 17 6 1 5 5 2 4 2 2 4 15 9 6 16 16 13 14 2 17 6 8 4 6 10
split_gain=163.123 158.536 203.915 206.344 200.446 216.678 165.866 150.678 130.508 252.863 237.734 152.248 128.983 119.725 101.671 105.953 97.6074 84.0071 99.1679 79.2876 143.339 119.947 106.01 72.0314 63.012 50.7355 50.1891 68.0081 52.2112 115.976
threshold=-6.4999999999999991 0.3168280324219514 0.028801820172797945 0.095956243107101213 0.026004676439026122 0.074414265807664068 0.024479342878293817 5.5000000000000009 1.0000000180025095e-35 1.0000000180025095e-35 1.0000000180025095e-35 1.0000000180025095e-35 1.0000000180025095e-35 1.5000000000000002 1.0000000180025095e-35 1.0000000180025095e-35 0.25014886468714881 3.5000000000000004 -1.0000000180025095e-35 0.082778757376822956 0.088200443372480744 0.081771822726316182 0.024126778695810116 1.5000000000000002 0.035738501783780935 -1.4999999999999998 1.0000000180025095e-35 1.0000000180025095e-35 1.0000000180025095e-35 10.500000000000002
decision_type=2 2 2 2 2 2 2 2 2 2 2 2 2 2 2 2 2 2 2 2 2 2 2 2 2 2 2 2 2 2
left_child=-1 7 4 19 5 -3 16 8 9 11 14 12 -2 -12 15 25 -7 18 -13 22 -21 -22 -4 -11 -9 -10 27 28 -16 -30
right_child=1 2 3 -5 -6 6 -8 24 10 23 13 17 -14 -15 26 -17 -18 -19 -20 20 21 -23 -24 -25 -26 -27 -28 -29 29 -31
leaf_value=-0.020976519752151174 0.0016654171593785737 0.054936668381783432 0.00019610268727943191 0.043212459719632994 -0.010461245278000134 -0.010461245278000134 0.043604668701901862 0.024414086794967538 -0.0059672048181315818 0.008161763458191338 -0.010461245278000134 -0.010461245278000134 0.008161763458191338 -0.0024739138987601708 0.00024605309031665984 -0.0098216529386524754 0.026876894335917268 -0.00076893378559943356 0.0027017486263236547 -0.010461245278000134 0.049753181139670304 -0.0055456955717161551 0.040081182385423124 0.0024754713044035557 0.008161763458191338 -0.00096226620672431879 0.008161763458191338 -0.0027779740902493183 0.008161763458191338 0.0019272802964261911
leaf_weight=331.08719526603818 14093.359104107134 87.90871421340853 115.2999314153567 250.35102308634669 280.77089625597 157.01474129315466 62.812670440413058 342.22406349796802 2123.2417682008818 2114.8276000656188 2274.2639354830608 645.34554377663881 1463.8058708971366 2152.7130877766758 17071.871682346798 1587.4171113371849 61.215618538670242 24524.681154954247 529.38448540866375 68.949312459677458 65.150102142244577 73.67631533741951 123.03325342107564 2008.3189857890829 145.81495830789208 12821.490327602252 329.0611928217113 5075.9441212015226 1888.6103927856311 3603.1280384249985
leaf_count=18524 80589 506 660 1685 1588 1003 463 17677 18151 12663 13012 7500 8419 12668 87166 8616 456 141624 2202 462 551 489 882 12214 7267 65674 1736 29190 19162 22533
internal_value=-1.85794e-05 5.40292e-05 0.0102692 0.0215223 -0.00182245 0.0143989 0.00142027 -9.12487e-05 -0.000177461 0.000981331 -0.00125222 0.000273213 0.00261535 -0.00788069 -0.000592488 -0.00245746 -0.0104612 -0.0011447 -0.0089748 0.00921146 -0.00432245 0.0207436 0.0209479 0.00806325 0.016501 -0.00167404 0.000509989 0.000358839 0.00106469 0.00360851
internal_weight=96472.8 96141.7 1346.18 696.46 649.723 368.952 281.043 94795.5 94307.5 45379.7 48927.7 41256.6 15557.2 4426.98 44500.8 16532.1 218.23 25699.4 1174.73 446.109 207.776 138.826 238.333 4123.15 488.039 14944.7 27968.6 27639.6 22563.6 5491.74
internal_count=595332 576808 8745 4729 4016 2428 1922 568063 543119 265211 277908 240334 89008 25680 252228 92441 1459 151326 9702 3044 1502 1040 1542 24877 24944 83825 159787 158051 128861 41695
is_linear=0
shrinkage=0.03


Tree=153
num_leaves=31
num_cat=0
split_feature=6 10 6 13 16 13 14 12 14 15 15 14 12 16 16 15 12 16 15 12 15 15 14 13 13 12 12 16 11 12
split_gain=154.594 175.285 137.955 128.539 175.944 138.811 304.276 163.77 136.411 155.51 193.794 143.949 165.378 164.663 163.75 136.155 160.406 247.812 124.572 122.256 173.309 251.615 251.197 206.273 239.484 201.882 262.732 261.623 234.82 248.379
threshold=2.5000000000000004 6.5000000000000009 -7.4999999999999991 0.069849350354847531 0.063939976903660836 0.073422256988720805 0.031899595323704254 0.26544145962544713 0.046189505838202333 0.21827966470375729 0.24975103256198714 0.040046107955859563 0.17021349288435997 0.090380671677284266 0.068908541224620576 0.1897131302834851 0.25310080527486795 0.093156678161620973 0.16774043473970665 0.17833203176042509 0.29568377261519452 0.25155180533575605 0.038944965302884403 0.087856220609525609 0.10959954339273138 0.27508481738869722 0.26261515398844071 0.077948766145354995 -35.876049590340351 0.22428625398606869
decision_type=2 2 2 2 2 2 2 2 2 2 2 2 2 2 2 2 2 2 2 2 2 2 2 2 2 2 2 2 2 2
left_child=2 -2 -1 4 -4 6 7 -5 11 -10 -11 12 13 14 -7 16 -14 18 -18 -17 21 22 25 -22 -25 26 28 -28 29 -21
right_child=1 -3 3 5 -6 8 -8 -9 9 10 -12 -13 15 -15 -16 19 17 -19 -20 20 23 -23 -24 24 -26 -27 27 -29 -30 -31
leaf_value=-0.025533305887305468 0.016564950546729067 0.002392792210698966 -0.012894306805090842 -0.012894306805090842 0.002392792210698966 -0.012894306805090842 0.002392792210698966 0.002392792210698966 -0.012894306805090842 0.002392792210698966 -0.012894306805090842 0.002392792210698966 0.002392792210698966 -0.012894306805090842 0.002392792210698966 0.002392792210698966 0.002392792210698966 0.002392792210698966 -0.012894306805090842 -0.005513096979840839 -0.012894306805090842 0.002392792210698966 -0.012894306805090842 0.002392792210698966 -0.012894306805090842 0.002392792210698966 0.002392792210698966 -0.012894306805090842 -0.00090131759596449174 -0.012894306805090842
leaf_weight=192.72487235069275 966.20872569642961 4058.302594397217 625.84788097348064 1879.1192614538595 10037.019753081724 199.71918743476272 1929.8488649530336 519.92543687112629 723.58886288292706 588.05732648354024 402.72670466732234 6603.833913766779 6168.882907983847 1012.1889645941556 876.47899249568582 1600.3106405995786 144.83556953817606 536.56347551569343 946.83752154931426 1739.4100950071588 994.23810184746981 12639.100569599308 1497.0913257393986 1344.8756347792223 472.13748717214912 3473.5297890836373 388.0830827942118 1775.0859039118513 31124.208633907139 958.28282173443586
leaf_count=11723 34584 57759 3349 10414 53382 1149 10369 2601 4191 3308 2453 35968 32615 5564 4887 9000 771 2927 5106 9890 5720 67800 8102 7380 2659 18456 2130 9457 165975 5604
internal_value=-2.74647e-05 0.00509475 -0.000309169 -0.000255308 0.00239279 -0.000669447 -0.00589393 -0.0128943 -0.000372539 -0.00873421 0.000191224 -0.000179882 -0.000635537 -0.00894276 6.83618e-05 -0.000371629 0.00239279 -0.00731902 -0.0128943 -0.000890782 -0.0012181 -0.000837088 -0.00198677 -0.00847616 -0.00138645 -0.00152656 -0.00228623 -0.0124175 -0.00163756 -0.0101249
internal_weight=96419.1 5024.51 91394.6 91201.8 10662.9 80539 4328.89 2399.04 76210.1 1714.37 990.784 74495.7 67891.9 2088.39 1076.2 65803.5 7797.12 1628.24 1091.67 58006.4 56406 53594.8 40955.7 2811.25 1817.01 39458.6 35985.1 2163.17 33821.9 2697.69
internal_count=595293 92343 502950 491227 56731 434496 23384 13015 411112 9952 5761 401160 365192 11600 6036 353592 41419 8804 5877 312173 303173 287414 219614 15759 10039 211512 193056 11587 181469 15494
is_linear=0
shrinkage=0.03


Tree=154
num_leaves=31
num_cat=0
split_feature=12 15 15 14 11 13 13 17 13 15 14 11 15 13 13 11 6 14 13 12 17 9 12 12 14 14 12 13 15 12
split_gain=150.547 141.67 218.99 205.003 201.895 186.338 175.72 308.918 201.654 255.893 333.218 195.536 229.557 191.614 180.013 200.029 177.182 175.625 174.624 367.28 204.091 173.03 171.745 171.432 166.355 345.221 183.727 163.164 159.282 158.949
threshold=0.34356646944828623 0.2754975140169213 0.27452996098736698 0.02682225791729137 -80.729183010929191 0.084028043882921566 0.0694997121821712 0.017951894258910365 0.073422256988720805 0.26713435610812081 0.032815597873557589 66.838317951155105 0.19177274340560094 0.092942709985358959 0.073708096592433089 21.822066163622257 -1.0000000180025095e-35 0.015950891760879205 0.064685862214177728 0.18247631728715161 0.045756550210542472 4.5000000000000009 0.20137106179262457 0.26902340016074028 0.029157918345103142 0.027745449309613274 0.21068160911757827 0.10817929016388377 0.27292508243722707 0.30081089019260393
decision_type=2 2 2 2 2 2 2 2 2 2 2 2 2 2 2 2 2 2 2 2 2 2 2 2 2 2 2 2 2 2
left_child=1 2 4 -4 -1 -5 7 -6 11 14 13 -8 -13 24 15 -10 21 -9 19 -3 27 -16 -15 -21 25 26 -11 -20 -26 -29
right_child=-2 18 3 5 6 -7 8 17 9 10 -12 12 -14 22 16 -17 -18 -19 20 23 -22 -23 -24 -25 28 -27 -28 29 -30 -31
leaf_value=-0.013557397424694244 0.022056026039710588 0.022398206051813831 -0.014795504821910024 0.0028705429591090268 0.044434797390439172 0.055691410319943936 -0.0065617228344633611 0.058687382061435645 -0.0065617228344633611 0.047547658880153797 -0.0039663096348552546 0.041632301680384724 0.00079910100044180683 -0.0065617228344633611 -0.0065617228344633611 0.03333268489604891 0.0010190112400814951 0.0032303380539207738 -4.3146361878807881e-05 -0.021128815254009239 -0.042867897223379671 -0.0012557550836957605 0.035439190973624322 -0.063227695752705898 -0.0065617228344633611 0.058613892754782335 -0.0032678775554664877 -0.013403047019103395 0.046764024604645509 0.03592437612814417
leaf_weight=936.43014211021364 277.29065118683502 152.18172402307391 90.599233504384756 92.713620672002435 167.2022943161428 170.11253448575735 3334.3237438630313 49.685306828469038 56.367945636622608 73.970982916653156 958.42010085470974 142.77724743727595 860.26592796295881 75.821098075248301 2128.2887658989057 282.72215187177062 44087.864668902941 9389.4748900244012 7255.9613478016108 400.96062099188566 108.57571757212281 22324.648496362381 619.24495334364474 110.74630889855325 129.10841577965766 135.79824499879032 406.3057628814131 1333.8868080656976 57.158514620736241 59.61295382399112
leaf_count=6399 2098 785 737 523 1016 993 20394 296 324 467 5592 1034 5511 523 26245 1800 257757 58085 44179 2418 651 139937 3586 779 729 765 2327 8323 276 391
internal_value=6.23057e-05 -1.686e-06 0.000378559 0.0238785 0.000281674 0.0372209 0.000433952 0.0042556 -5.12897e-05 0.000330652 0.00984243 -0.00633026 0.00668275 0.0186743 -8.7547e-06 0.0217313 -0.00011694 0.00353462 -0.00349475 -0.0183054 -0.00236812 -0.00216494 0.0301851 -0.0304508 0.00865221 0.0167534 0.00472332 -0.00184994 -0.00656172 -0.0112444
internal_weight=96268.5 95991.2 86569.3 353.425 86215.9 262.826 85279.4 9606.36 75673.1 71335.7 2455.83 4337.37 1003.04 1497.41 68879.9 339.09 68540.8 9439.16 9421.93 663.889 8758.04 24452.9 695.066 511.707 802.342 616.075 480.277 8649.46 186.267 1393.5
internal_count=594940 592842 535316 2253 533063 1516 526664 59397 467267 440328 14265 26939 6545 8673 426063 2124 423939 58381 57526 3982 53544 166182 4109 3197 4564 3559 2794 52893 1005 8714
is_linear=0
shrinkage=0.03


Tree=155
num_leaves=31
num_cat=0
split_feature=6 9 6 12 17 15 17 14 12 14 14 14 12 12 11 13 6 12 14 17 13 17 15 17 14 12 15 14 14 14
split_gain=147.538 197.262 130.066 103.73 117.995 158.746 128.258 225.448 206.357 224.234 190.162 154.714 321.204 152.756 121.168 134.963 110.617 109.575 108.705 235.858 105.765 102.077 92.3633 90.733 87.9055 85.9395 145.862 78.4806 73.1541 88.698
threshold=-2.4999999999999996 8.5000000000000018 6.5000000000000009 0.3168280324219514 0.028544756975185503 0.19177274340560094 0.025148183628271561 0.01944139686681964 0.18320223301812444 0.034936034579427608 0.033875710580376653 0.029321274200808437 0.24174718421215752 0.24877175117678155 99.143032179048319 0.075725772906333824 1.0000000180025095e-35 0.258050753758025 0.036286379148454097 0.021447580998683633 0.067272022839602888 0.028801820172797945 0.22068538169270532 0.026004676439026122 0.033531365190026301 0.20686919203798135 0.21408027772596402 0.023921903646901121 0.039619399928731612 0.041661559575366609
decision_type=2 2 2 2 2 2 2 2 2 2 2 2 2 2 2 2 2 2 2 2 2 2 2 2 2 2 2 2 2 2
left_child=1 -1 3 4 5 27 7 -7 -8 10 11 12 25 -13 20 -16 -14 -17 -9 -20 -6 23 -21 -5 -15 26 -10 -2 -22 -30
right_child=2 -3 -4 21 14 6 8 18 9 -11 -12 13 16 24 15 17 -18 -19 19 22 28 -23 -24 -25 -26 -27 -28 -29 29 -31
leaf_value=-0.013520728182097298 -0.0018052328934641743 -0.0018052328934641743 0.020392114360111607 0.010324823504209473 0.0015103774755431561 0.010324823504209473 0.010324823504209473 -0.0018052328934641743 0.010324823504209473 -0.0018052328934641743 0.010324823504209473 -0.0018052328934641743 -0.0018052328934641743 0.010324823504209473 0.0015103774755431561 0.010324823504209473 0.010324823504209473 0.0015103774755431561 0.010324823504209473 0.0097142206949650152 -0.0018052328934641743 0.010324823504209473 -0.0018052328934641743 -0.0018052328934641743 -0.0018052328934641743 0.010324823504209473 -0.0018052328934641743 0.0092725680462356179 0.0015103774755431561 -0.0018052328934641743
leaf_weight=1555.3071111841127 464.76618734188378 6430.4213708490133 287.70108069851995 335.32550751976669 3685.0857616271824 456.98653139732778 1276.2205337937921 11245.181688080542 208.71034826897085 3419.5235123634338 733.23189512826502 2545.2177789425477 1709.6376102119684 800.62433857470751 1252.7146955188364 2361.0541391614825 560.69507274962962 581.64299933146685 1164.0492715360597 634.81230221968144 40349.752964768559 607.98691819701344 1553.4910083422437 265.12501421943307 117.12519187200814 2370.8866950543597 536.10263456683606 3106.1606898568571 2225.3832405712456 3343.8204702828079
leaf_count=40590 2636 65156 15932 2108 19930 2452 6524 59150 1294 17766 3978 12889 7605 4466 7607 14849 4735 3655 6412 3463 214803 4034 8101 1371 606 12818 2759 17307 11813 17594
internal_value=-2.9907e-05 -0.00393414 0.000323672 0.000257533 0.000135771 0.00155088 0.000823577 -0.00110828 0.00286038 0.00163663 0.00428822 0.00265542 0.00584525 -0.00180523 -0.000729724 0.00416458 -0.00180523 0.00867227 -0.00180523 0.00359725 -0.00114383 0.00897903 -0.00180523 -0.00180523 0.0103248 0.0103248 -0.000599835 0.00752128 -0.00160139 0.00151038
internal_weight=96184.7 7985.73 88199 87911.3 86702.9 32903.4 29332.5 15054.5 14278 13001.8 9582.23 8849 5386.03 3462.97 53799.5 4195.41 2270.33 2942.7 14597.5 3352.35 49604 1208.44 2188.3 600.451 917.75 3115.7 744.813 3570.93 45919 5569.2
internal_count=594403 105746 488657 472725 465212 174961 155018 79578 75440 68916 51150 47172 29211 17961 290251 26111 12340 18504 77126 17976 264140 7513 11564 3479 5072 16871 4053 19943 244210 29407
is_linear=0
shrinkage=0.03


Tree=156
num_leaves=31
num_cat=0
split_feature=6 12 15 12 13 12 13 14 13 14 13 14 12 15 13 12 16 13 17 17 13 12 14 12 11 15 15 17 15 14
split_gain=152.927 140.785 138.625 232.23 156.411 174.072 346.58 301.241 330.795 311.143 280.727 181.766 221.177 177.398 160.595 153.797 138.006 218.719 204.596 254.151 318.653 251.975 420.954 266.798 248.368 234.772 465.164 324.085 524.625 313.487
threshold=6.5000000000000009 0.3168280324219514 0.29568377261519452 0.17647723953144479 0.061390305033968154 0.20594078473948416 0.10880267205346288 0.036507715603152462 0.10085675053114554 0.033456277760038837 0.11896483077371138 0.023710304423435236 0.25044087757749284 0.32044804025323004 0.088374761565945426 0.19938557364591061 0.084754773995779048 0.11978918110970578 0.027677790779959896 0.025676672175203776 0.11539268489154882 0.21692169136768408 0.026760772965464398 0.21464989294045447 2.0213992003801882 0.20321779385115693 0.20072042208499621 0.031360534798157348 0.2124719796253183 0.0199056281967234
decision_type=2 2 2 2 2 2 2 2 2 2 2 2 2 2 2 2 2 2 2 2 2 2 2 2 2 2 2 2 2 2
left_child=1 2 16 -4 -5 7 11 8 -6 10 -10 12 -7 -13 -15 -9 17 18 19 20 21 22 -1 24 -24 26 -20 28 -27 -30
right_child=-2 -3 3 4 5 6 -8 15 9 -11 -12 13 -14 14 -16 -17 -18 -19 25 -21 -22 -23 23 -25 -26 27 -28 -29 29 -31
leaf_value=-0.032042992773911316 0.021782490725152138 0.0096274056832923813 0.010837992137548677 -0.040852869218382444 -0.043506569055822716 -0.004723394989268874 -0.028489096328615373 0.010837992137548677 0.010837992137548677 -0.061800880588308127 -0.05448747543457446 0.0098903524292917305 -0.055613669644886538 -0.028797921184283086 0.0074352838235460803 -0.040179515055950445 0.00094713089958497066 -0.013271617991430484 -0.0043348010020541894 0.0093027375416616792 -0.036860929924828797 0.0050842621613426267 -0.010157139877195761 -0.052280158091043832 0.010837992137548677 -0.043575582528827428 -0.029031188127136388 0.0024808340922246445 -0.050828926514724461 -0.0029470242712810982
leaf_weight=493.38242442812771 286.12295798072591 1316.9113713894039 309.26411865558475 121.64391429908574 442.15276557765901 353.13615907821804 405.31978733744472 208.04366751480848 150.77445553429425 58.650272978469729 58.620083593763411 1583.2997256731614 96.4066714476794 230.18847532756627 208.1091483226046 51.329293430782855 55040.686480775476 1353.6580821294338 6834.6107639595866 3410.5684797558933 212.12312338873744 3764.3895768262446 776.54154288768768 83.246273726224899 818.52235150337219 319.13467454817146 761.20379894413054 11224.949152432382 124.06783887278289 5182.9353316687047
leaf_count=2922 16136 8540 1702 760 2804 2073 2524 1356 858 338 381 9153 545 1433 1339 365 330939 8532 41460 20780 1289 23067 4914 415 4951 1906 4745 67874 782 30734
internal_value=-4.1006e-05 -0.000106506 -0.000242101 -0.00551843 -0.0076305 -0.00655905 -0.00284858 -0.0175385 -0.0276233 -0.00129486 0.010838 0.00137665 -0.0158351 0.00521588 -0.0116383 0.0100751 7.64541e-06 -0.00145474 -0.000983592 0.00273742 -0.000906377 0.000390424 -0.00774302 -0.000569779 0.00219107 -0.00243862 -0.0068167 -0.000464571 -0.00633987 -0.00408514
internal_weight=96280 95993.9 94677 4276.94 3967.67 3846.03 2876.46 969.571 710.198 268.045 209.395 2471.14 449.543 2021.6 438.298 259.373 90400 35359.3 34005.7 9558.77 6148.21 5936.08 2171.69 1678.31 1595.06 24446.9 7595.81 16851.1 5626.14 5307
internal_count=595617 579481 570941 25631 23929 23169 17067 6102 4381 1577 1239 14543 2618 11925 2772 1721 545310 214371 205839 58338 37558 36269 13202 10280 9865 147501 46205 101296 33422 31516
is_linear=0
shrinkage=0.03


Tree=157
num_leaves=31
num_cat=0
split_feature=6 6 10 16 16 17 12 16 16 16 15 11 16 16 17 12 14 14 11 12 12 11 9 12 11 14 11 16 17 12
split_gain=138.249 130.485 167.444 116.228 520.452 181.784 177.913 228.975 151.573 162.53 151.339 129.171 210.348 172.89 121.2 109.465 105.112 95.6601 100.16 90.927 89.331 81.3439 80.0468 78.6042 82.8127 79.716 73.6033 61.5261 54.0147 41.411
threshold=-5.4999999999999991 2.5000000000000004 4.5000000000000009 0.098583821318967771 0.09636592536254697 0.020406836954622191 0.19277588917132946 0.10965315181231929 0.095006007092879791 0.094048204552910922 0.30698755011761392 -0.69423242523703255 0.089226559766740085 0.084912013066054864 0.027449647728488357 0.18387364146065124 0.039762534127967437 0.025469246048361545 -8.7469612533395757 0.21104346249751751 0.28747602148034296 -48.164878517288336 16.500000000000004 0.21721247733024332 46.79971808462745 0.027615053271640346 68.293339316227176 0.075595853637879795 0.026935054727741433 0.27430906658021775
decision_type=2 2 2 2 2 2 2 2 2 2 2 2 2 2 2 2 2 2 2 2 2 2 2 2 2 2 2 2 2 2
left_child=22 3 -3 4 8 16 7 15 9 11 21 12 17 14 27 -7 -5 18 -2 -4 -15 -8 -1 -21 -25 29 -11 -13 -29 -26
right_child=1 2 19 5 -6 6 10 -9 -10 26 -12 13 -14 20 -16 -17 -18 -19 -20 23 -22 -23 -24 24 25 -27 -28 28 -30 -31
leaf_value=-0.022453950956872585 -0.0069626226228854757 0.020784246945918426 0.0023039012215566035 -0.0069626226228854757 -0.0069626226228854757 0.0023039012215566035 -0.0069626226228854757 -0.0069626226228854757 0.0023039012215566035 -0.0069626226228854757 -0.0069626226228854757 0.0023039012215566035 -0.0069626226228854757 0.0023039012215566035 -0.0010314777892494651 -0.0069626226228854757 0.0023039012215566035 -0.0010314777892494651 -0.0010314777892494651 0.021606233934202964 -0.0010314777892494651 0.0023039012215566035 -0.0069626226228854757 0.0023039012215566035 0.0074910626011820518 0.020265789800747988 0.0023039012215566035 -0.0010314777892494651 0.0023039012215566035 0.029210666917367293
leaf_weight=429.07899003475904 1903.3968868386 525.269746132195 1299.2004809258506 1002.1610422525555 3965.4456082824618 1434.4832210987806 657.59981595724821 1627.5095210149884 4323.0858013443649 1461.5544991716743 361.62752963230014 3793.201477650553 2403.4681958090514 13424.247586946934 18493.397442445159 729.15012456849217 154.67743030562997 10631.169501878321 441.43530805408955 315.46593497600406 1016.7594288941473 19456.825182190165 201.70182700641453 1821.1015097470954 308.56654985062778 607.54643341433257 277.00698825344443 2607.3673407826573 465.64067897759378 108.30719955917448
leaf_count=25267 10271 20627 18362 5297 20869 7567 3546 8438 22325 7621 2059 19435 13018 68817 95936 3896 812 57056 2343 5122 5400 100881 4366 26259 6495 13181 1438 13824 2417 2430
internal_value=-2.0711e-05 7.17813e-05 0.00479599 -0.000188189 -0.000859015 0.00153227 0.00211197 -0.00421162 -8.39608e-05 -0.00061701 0.0023039 -0.000315217 -0.00265003 0.000587072 -0.000976577 0.0023039 -0.00696262 -0.00103148 -0.00696262 0.00290461 0.0023039 0.0023039 -0.013997 0.00744052 0.00585598 0.0126782 -0.00696262 0.0023039 -0.00103148 0.00749106
internal_weight=96247.4 95616.7 4985.46 90631.2 65207.2 25424 24267.2 3791.14 61241.7 56918.6 20476.1 55180.1 15379.5 39800.6 25359.6 2163.63 1156.84 12976 2344.83 4460.19 14441 20114.4 630.781 3160.99 2845.52 1024.42 1738.56 6866.21 3073.01 416.874
internal_count=595375 565742 92476 473266 340770 132496 126387 19901 319901 297576 106486 288517 82688 205829 131612 11463 6109 69670 12614 71849 74217 104427 29633 53487 48365 22106 9059 35676 16241 8925
is_linear=0
shrinkage=0.03


Tree=158
num_leaves=31
num_cat=0
split_feature=12 6 6 1 5 5 9 3 3 15 14 14 9 17 6 10 0 0 6 0 6 13 12 16 13 11 15 0 4 14
split_gain=144.186 138.65 131.84 123.232 241.011 217.14 113.933 92.9209 89.6159 62.1595 68.8102 150.976 61.9122 61.7588 60.9332 112.171 77.284 59.0078 56.1198 80.8705 43.9979 43.4276 61.2761 57.0892 50.6043 102.477 38.1888 37.6806 35.5958 33.2454
threshold=0.34356646944828623 -5.4999999999999991 5.5000000000000009 1.0000000180025095e-35 1.0000000180025095e-35 1.0000000180025095e-35 2.5000000000000004 1.0000000180025095e-35 1.0000000180025095e-35 0.26261957835322192 0.024336263819012074 0.021652034352161679 16.500000000000004 0.035738501783780935 -1.0000000180025095e-35 2.5000000000000004 8.5000000000000018 7.5000000000000009 1.0000000180025095e-35 7.5000000000000009 -1.0000000180025095e-35 0.070126330525460842 0.26544145962544713 0.067285982893156279 0.084028043882921566 25.940450322664109 0.23913086926274743 2.5000000000000004 1.0000000180025095e-35 0.030649156330218096
decision_type=2 2 2 2 2 2 2 2 2 2 2 2 2 2 2 2 2 2 2 2 2 2 2 2 2 2 2 2 2 2
left_child=1 12 3 4 6 8 20 18 14 10 11 -2 -1 -4 16 -16 -5 -9 21 26 -3 -8 24 -24 25 -23 -20 -6 -10 -28
right_child=9 2 13 5 27 -7 7 17 28 -11 -12 -13 -14 -15 15 -17 -18 -19 19 -21 -22 22 23 -25 -26 -27 29 -29 -30 -31
leaf_value=-0.021459248764952567 0.030191103239538244 -0.0070632938245522789 0.024193665342473421 -0.00068072537823481616 0.0027697672768157377 -0.0070632938245522789 0.00054219533709517912 0.0022152712130384267 -0.0016027782792370929 0.045494315962693516 0.033849019424733624 -0.034392818285270639 -0.0070632938245522789 0.0079810448993725466 0.0079810448993725466 0.00085281065229143133 -0.0070632938245522789 0.0079810448993725466 0.00054219533709517912 0.0079810448993725466 0.0018620222396395251 -0.0070632938245522789 0.00054219533709517912 -0.0070632938245522789 -1.397520840807344e-05 0.00054219533709517912 0.00083506050098706487 0.0079810448993725466 -0.0051871973772743048 0.0079810448993725466
leaf_weight=418.85527024231851 65.478782179765403 640.92095990665257 323.35831828042865 9118.9486574288458 1251.437468405813 4414.2667834656313 2572.8171765655279 10983.508782275952 9828.5391952777281 70.362298385240138 83.294706366956234 60.983328067697585 198.06879040040076 140.42447302397341 766.86523834522814 20960.386694525369 721.94378749839962 1069.2003106661141 4204.279542023316 578.56788390688598 547.51296308636665 2128.3812416661531 172.62392868846655 2035.1321622114629 12055.452118806541 2394.6125742793083 1058.9827820919454 2906.1111486395821 3340.6181162893772 1073.7970502972603
leaf_count=25208 546 7007 17912 53513 6147 25064 12444 59923 55241 525 654 406 4320 7367 6105 109018 7623 8908 31273 7446 2282 11185 857 9983 60564 11658 7394 18701 18872 7196
internal_value=3.03605e-05 -3.26355e-05 5.92922e-05 -1.89154e-05 0.00110297 -0.00106141 0.000413162 0.000688456 -0.00043403 0.0214459 0.0130254 -0.00100353 -0.0141859 0.015981 0.000433219 0.00132022 -0.00152502 0.00289386 -0.000251785 0.00209669 -0.00706329 -0.0010123 -0.001655 -0.0063478 -0.00102937 -0.00373457 0.000960522 0.00798104 -0.00251269 0.00461895
internal_weight=96185.7 95905.6 95288.7 94824.9 45673.3 49151.6 41515.8 40327.4 44737.3 280.119 209.757 126.462 616.924 463.783 31568.1 21727.3 9840.89 12052.7 28274.6 6915.63 1188.43 21359 18786.2 2207.76 16578.4 4522.99 6337.06 4157.55 13169.2 2132.78
internal_count=595342 593211 563683 538404 262968 275436 238120 228831 250372 2131 1606 952 29528 25279 176259 115123 61136 68831 160000 53309 9289 106691 94247 10840 83407 22843 45863 24848 74113 14590
is_linear=0
shrinkage=0.03


Tree=159
num_leaves=31
num_cat=0
split_feature=6 6 14 17 17 16 11 16 16 12 12 16 11 14 14 11 14 14 12 16 12 17 14 17 12 16 16 16 14 12
split_gain=130.437 122.583 121.83 145.349 194.038 145.978 123.688 121.271 391.452 237.891 286.572 218.053 205.272 190.048 196.861 163.251 212.821 205.342 155.754 154.138 179.755 145.329 122.703 117.71 113.462 112.125 183.252 153.651 205.682 160.852
threshold=-7.4999999999999991 6.5000000000000009 0.046189505838202333 0.022954179582427427 0.034460705244934053 0.080309527330571742 -68.910543978746759 0.098583821318967771 0.09636592536254697 0.19277588917132946 0.21721247733024332 0.095006007092879791 99.143032179048319 0.027375155055644414 0.02537561860131694 41.421654525907691 0.030078440096827776 0.025569504039894726 0.27508481738869722 0.10965315181231929 0.18247631728715161 0.037631929128108248 0.031413472998520903 0.032499276911442325 0.23540692146525047 0.094048204552910922 0.085444015240009177 0.076520504883781384 0.02682225791729137 0.276560808869247
decision_type=2 2 2 2 2 2 2 2 2 2 2 2 2 2 2 2 2 2 2 2 2 2 2 2 2 2 2 2 2 2
left_child=-1 2 6 24 -5 -6 -2 8 11 19 21 12 25 14 23 16 -12 -17 -14 20 -9 -11 -23 -13 -4 26 27 28 -8 -29
right_child=1 -3 3 4 5 -7 7 9 -10 10 15 13 18 -15 -16 17 -18 -19 -20 -21 -22 22 -24 -25 -26 -27 -28 29 -30 -31
leaf_value=-0.025448201233125512 -0.0077390840032401141 0.020134287594662521 0.010054520236600157 -0.012708143956602381 -0.012708143956602381 0.010054520236600157 -0.0037299283852301785 0.010054520236600157 -0.0037299283852301785 0.010054520236600157 0.0012524305664851133 0.010054520236600157 0.010054520236600157 0.010054520236600157 -0.0037299283852301785 0.0012524305664851133 -0.0037299283852301785 0.0080697314077546097 0.0033239607667944733 -0.0037299283852301785 -0.0037299283852301785 -0.0037299283852301785 0.010054520236600157 -0.0037299283852301785 -0.012708143956602381 -0.0037299283852301785 0.0024168267157995854 -0.0037299283852301785 0.0024077002099760205 0.0033239607667944733
leaf_weight=179.15895901061594 1762.6212747711688 270.23666840512305 167.61947484686971 1200.2685553655028 115.55346168577671 389.31541758403182 5625.2174258027226 1377.6708187153563 4013.3586441613734 5125.1278271665797 3906.4667152659968 580.65065567661077 2908.429093439132 2991.5642887186259 567.02019192185253 2220.7602582206018 4341.5617387928069 5505.2143312152475 466.22108796704561 1707.6548899346963 914.0077846609056 474.69086889270693 399.5989945596084 235.09731091558933 59.156971333548427 1719.8445750949904 16907.479341589846 14717.78768820595 13822.058236063458 1518.1963399723172
leaf_count=11733 11123 16018 1107 7562 681 2269 32920 7884 23540 30165 22387 3513 19164 17342 3266 13737 24833 33951 2924 9753 5553 2877 2469 1479 435 10278 99778 86128 81695 9232
internal_value=-1.60731e-05 3.19133e-05 -2.52471e-05 -0.00747856 -0.0105608 0.00628404 0.000128405 0.000279227 -0.000403506 0.00201595 0.00325345 0.000448327 -4.14657e-05 0.00690439 -0.00239636 0.00115344 -0.00178163 0.00428649 0.00713559 -0.00372993 0.00417083 0.00884268 -0.00257678 0.0100545 0.0100545 -0.000487667 -0.000155671 -0.00137464 0.000424108 -0.00352895
internal_weight=96189.6 96010.5 95740.2 1931.91 1705.14 504.869 93808.3 92045.7 66072.9 25972.8 21973.4 62059.6 57685.2 4374.33 1382.77 15974 8248.03 7725.97 3374.65 3999.33 2291.68 5999.42 874.29 815.748 226.776 54310.6 52590.7 35683.3 19447.3 16236
internal_count=595796 584063 568045 12054 10512 2950 555991 544868 391259 153609 130419 367719 342119 25600 8258 94908 47220 47688 22088 23190 13437 35511 5346 4992 1542 320031 309753 209975 114615 95360
is_linear=0
shrinkage=0.03


Tree=160
num_leaves=31
num_cat=0
split_feature=6 10 14 15 15 15 15 6 11 13 15 16 13 13 12 12 14 14 23 12 13 16 12 13 13 11 11 12 15 13
split_gain=132.416 265.461 118.648 248.242 185.254 145.714 133.899 115.35 112.412 106.233 101.327 106.534 85.6112 183.899 80.8758 79.0159 72.5333 153.119 139.466 105.697 140.812 146.662 79.6532 76.0787 99.4213 71.1031 66.2346 66.0072 65.1709 84.6483
threshold=1.5000000000000002 3.5000000000000004 0.046189505838202333 0.20248517103023309 0.24975103256198714 0.25493837823306825 0.26713435610812081 -7.4999999999999991 -80.729183010929191 0.058605519976797978 0.2754975140169213 0.060934737720447836 0.10352655830587114 0.091313655250854289 0.20441115472523869 0.3168280324219514 0.032369427737120676 0.029853033104167804 0.030663960154294029 0.24108755238422369 0.086388416129551074 0.067285982893156279 0.15928827727622527 0.11539268489154882 0.12240612828705338 59.748767575844234 79.868749167444108 0.26399857989839759 0.18450406483106366 0.088209982858439076
decision_type=2 2 2 2 2 2 2 2 2 2 2 2 2 2 2 2 2 2 2 2 2 2 2 2 2 2 2 2 2 2
left_child=2 -2 7 14 -5 -6 -7 -1 -9 -3 11 27 13 25 -4 26 17 19 -19 -13 -21 -22 -18 -23 -25 -12 -11 -10 -16 -30
right_child=1 9 3 4 5 6 -8 8 10 15 12 16 -14 -15 28 -17 22 18 -20 20 21 23 -24 24 -26 -27 -28 -29 29 -31
leaf_value=-0.024803925963919244 0.018417190338177986 0.02335238601462691 -0.050722232717804634 0.0013347165094990533 -0.049046611327553183 0.0013347165094990533 -0.025062616261660623 -0.010841547112365998 -0.0054580782735977112 0.0013347165094990533 -0.0054580782735977112 0.0013347165094990533 -0.0054580782735977112 0.0013347165094990533 -0.039905299454475782 0.028235936151148666 -0.0054580782735977112 -0.0054580782735977112 0.00037018600776892385 0.0013347165094990533 0.0013347165094990533 -0.0054580782735977112 0.0013347165094990533 0.0013347165094990533 -0.0054580782735977112 0.0013347165094990533 0.0082647977881172216 0.0013347165094990533 -0.033072019991375663 0.0013347165094990533
leaf_weight=169.69702715240419 928.13638091646135 197.74426990561187 120.19705718383193 993.02126935496926 112.9368091635406 58.340645335614681 208.77721721678972 880.09058195073158 1685.1576480558142 8702.9181021787226 4224.9819168485701 20040.654230059125 1645.9001954933628 1884.019138770178 86.85477895848453 96.375677009578794 436.43484825268388 6084.9836424812675 5214.238087897189 5858.0190566349775 431.89445521682501 5384.5284355971962 27353.709010642022 606.52678545191884 502.11650555208325 440.62996840849519 1265.0821671225131 292.17812117189169 69.705146688967943 64.496182770468295
leaf_count=11318 24050 2793 701 5786 612 326 1533 5537 9171 90831 23250 103971 8945 10192 599 1586 2419 32421 26348 30018 2193 27670 142644 3039 2587 2327 20173 1517 381 302
internal_value=3.44701e-06 0.00307055 -0.000401113 -0.00820866 -0.00250034 -0.0207864 -0.00856238 -0.000239921 -0.000189082 0.00167923 -7.46094e-05 0.000276452 -0.00323905 -0.00122362 -0.0310284 0.00133472 0.000468395 -0.000309274 -0.00332108 0.000727648 -0.00156131 -0.00447692 0.00133472 -0.00545808 0.00133472 -0.00534711 0.00133472 -0.00545808 -0.0199613 -0.00665719
internal_weight=96040.3 11190.3 84850.1 1714.33 1373.08 380.055 267.118 83135.8 82966.1 10262.1 82086 73890.4 8195.53 6549.63 341.253 10064.4 71913.1 44123 11299.2 32823.7 12783.1 6925.07 27790.1 6493.17 1108.64 4665.61 9968 1977.34 221.056 134.201
internal_count=595240 139433 455807 10240 8257 2471 1859 445567 434249 115383 428712 383998 44714 35769 1983 112590 373310 228247 58769 169478 65507 35489 145063 33296 5626 25577 111004 10688 1282 683
is_linear=0
shrinkage=0.03


Tree=161
num_leaves=31
num_cat=0
split_feature=12 1 5 5 2 2 4 2 2 4 9 7 9 15 14 14 8 4 3 16 17 2 14 3 16 11 15 17 12 12
split_gain=121.798 110.557 270.552 187.92 153.394 121.148 154.538 113.357 100.525 97.8536 92.5066 158.078 83.2201 71.7341 66.501 143.585 61.633 58.7365 50.5229 47.8242 88.5107 45.1163 41.624 38.981 37.0199 68.0644 73.5808 64.7032 56.2426 82.8573
threshold=0.34356646944828623 1.0000000180025095e-35 1.0000000180025095e-35 1.0000000180025095e-35 1.5000000000000002 1.0000000180025095e-35 1.0000000180025095e-35 1.5000000000000002 1.0000000180025095e-35 1.0000000180025095e-35 3.5000000000000004 1.0000000180025095e-35 10.500000000000002 0.26261957835322192 0.024336263819012074 0.021652034352161679 1.0000000180025095e-35 1.0000000180025095e-35 1.0000000180025095e-35 0.054407150276939313 0.02658739304935645 1.5000000000000002 0.016764669911191698 1.0000000180025095e-35 0.084912013066054864 100.41498684734496 0.20356018140213045 0.036225946708087521 0.25752731697955794 0.24910022182579253
decision_type=2 2 2 2 2 2 2 2 2 2 2 2 2 2 2 2 2 2 2 2 2 2 2 2 2 2 2 2 2 2
left_child=1 2 5 8 12 6 18 -5 9 23 11 -7 -4 14 15 -2 17 -10 -1 20 -12 -19 -21 -3 25 -24 -27 -28 29 -26
right_child=13 3 4 7 -6 10 -8 -9 16 -11 19 -13 -14 -15 -16 -17 -18 21 -20 22 -22 -23 24 -25 28 26 27 -29 -30 -31
leaf_value=0.00046548612843407325 0.028885869279109029 -0.00086090229489536201 0.023887958026418247 -0.011582378926224808 0.0023228650158888405 0.0028756419398070047 0.011486871495225866 -0.002058875687742242 0.0010862622042069321 -0.0093883139712625414 0.038492131920544868 -0.019001210577016564 0.010333064405296541 0.04549957095546657 0.031871448477446385 -0.034049391780765555 0.013452915267729543 -0.005610564335209396 0.0049580653289310684 0.01293396603595893 -0.0025992672116706217 5.1078877828919812e-05 -0.0028989698610151719 -0.0047437053376123564 0.00015876923018634241 0.0027269628145793036 0.010008461597171926 0.044934883979648683 -0.003905974121399904 0.0087947040171439186
leaf_weight=11511.750058471225 62.659981420263648 12288.037684669718 547.8972339797765 2299.8834370253608 2041.22226820793 539.70105275511742 1491.3340857755393 2201.9141012551263 22893.183308476582 1602.2538722315803 77.645280788652599 658.50400790572166 1605.170951500535 70.459640705958009 78.85767210368067 63.871857937425375 329.253099325113 2278.1564135942608 2799.2186710387468 196.50546336639673 115.15797269996256 2850.1004324117675 9156.433618654497 2869.0806869063526 11180.719108100049 299.81356157083064 136.28308316972107 72.838398581370711 2624.1111207809299 1096.1077887760475
leaf_count=70513 541 73839 4552 14128 13570 2249 9179 13951 140504 9301 501 9035 9384 522 650 415 1758 14073 17172 1237 745 17842 56304 17313 69185 2153 1030 566 16351 6801
internal_value=-4.33362e-05 -0.000100881 0.000955967 -0.00108399 0.00821894 0.000229541 0.00230329 -0.00692724 -0.000500578 -0.00234237 -0.00102351 -0.00915897 0.0138014 0.0197906 0.0106173 -0.00291863 0.000588276 0.000436167 0.0013448 -0.000632196 0.0141743 -0.00246523 -0.000748614 -0.0015964 -0.000859105 -0.00230489 0.0083529 0.022484 7.88759e-05 0.000931115
internal_weight=96038.1 95762.3 46150.4 49611.9 4194.29 41956.1 15802.3 4501.8 45110.1 16759.4 26153.8 1198.21 2153.07 275.849 205.39 126.532 28350.7 28021.4 14311 24955.6 192.803 5128.26 24762.8 15157.1 24566.3 9665.37 508.935 209.121 14900.9 12276.8
internal_count=595364 593236 290527 302709 27506 263021 96864 28079 274630 100453 166157 11284 13936 2128 1606 956 174177 172419 87685 154873 1246 31915 153627 91152 152390 60053 3749 1596 92337 75986
is_linear=0
shrinkage=0.03


Tree=162
num_leaves=31
num_cat=0
split_feature=12 17 17 15 16 15 13 1 4 2 4 9 0 2 6 15 13 16 16 16 13 14 3 2 2 0 6 7 6 9
split_gain=139.032 199.282 241.138 206.197 195.652 165.572 184.254 130.91 182.386 172.34 167.08 107 106.245 104.948 99.4797 98.6412 155.785 93.9917 115.061 201.987 111.688 87.712 86.1048 84.0004 74.7176 67.6484 64.3575 60.2551 50.9892 84.096
threshold=0.3168280324219514 0.028801820172797945 0.027449647728488357 0.22683530259580223 0.095956243107101213 0.21542347939597487 0.075948285721925982 1.0000000180025095e-35 1.0000000180025095e-35 1.5000000000000002 1.0000000180025095e-35 1.5000000000000002 6.5000000000000009 1.5000000000000002 -2.4999999999999996 0.24196805290697335 0.085751922944720338 0.075370537350942943 0.088200443372480744 0.082778757376822956 0.081771822726316182 0.025198690811744806 1.0000000180025095e-35 1.0000000180025095e-35 1.0000000180025095e-35 6.5000000000000009 -1.0000000180025095e-35 1.0000000180025095e-35 -2.4999999999999996 11.500000000000002
decision_type=2 2 2 2 2 2 2 2 2 2 2 2 2 2 2 2 2 2 2 2 2 2 2 2 2 2 2 2 2 2
left_child=7 2 3 5 17 6 -2 8 11 12 14 26 -10 -12 25 -5 27 -3 19 -19 -20 -4 28 -24 -16 -9 -1 -17 29 -13
right_child=1 4 21 15 -6 -7 -8 10 9 -11 13 22 -14 -15 24 16 -18 18 20 -21 -22 -23 23 -25 -26 -27 -28 -29 -30 -31
leaf_value=-0.024276036218977452 0.045523520146472811 0.030255053528071819 -0.010742477888425002 0.047644741988124073 0.042537551720209947 -0.040696952797477391 -0.025478660758039163 -0.0028017323475292349 0.00617340221517634 7.3740603147148419e-05 -0.0077497127038163071 -0.013182928769346824 0.016449403904304376 -0.0011260564341931646 -0.0016401453665645046 0.016447550336029289 0.049186989009821942 0.010322440391903481 0.049632243782309071 -0.056773581399048735 -0.0053720019596389468 -0.06162173560198439 0.0069036502559659159 0.00095195799025447816 0.0011207224744616019 -0.012835165942135742 -0.001952124988686981 -0.026876972626872529 -0.00015539553462002185 -0.0024624375882863537
leaf_weight=252.54766733618453 62.473903931677341 125.81826999410987 55.456068379804492 101.2567458068952 243.39577426714823 107.92935823276639 65.301063782535493 2103.2114146240056 3492.7742675552145 3521.8705647168681 5041.5938777588308 766.33269322989509 1222.9111654870212 3757.6639042468742 14319.766835982911 46.392334297299385 59.575023323297501 97.471116713248193 60.095338399987668 66.344626913778484 70.707625022158027 68.593693448230624 2979.6834687041119 7512.0603240262717 22972.083824438974 842.85796423535794 214.57983925938606 70.301069711335003 23991.800251003355 1599.9676702097058
leaf_count=3632 372 876 340 693 1704 597 490 20115 19775 23148 30462 16115 10146 23659 78198 215 392 614 540 483 488 345 18315 47717 126917 20046 886 588 132467 14492
internal_value=3.18959e-05 0.00976424 -0.00222085 0.00688544 0.021242 -0.013687 0.00940349 -0.000102176 0.00105572 0.00509537 -0.00117784 0.000163758 0.00884411 -0.00492202 -0.00035885 0.0243307 0.0105537 0.0087708 -0.000546288 -0.0172082 0.0202657 -0.0394077 0.000344989 0.00264325 6.05406e-05 -0.00566401 -0.0140734 -0.00966607 -0.000569956 -0.00476948
internal_weight=95892.8 1301.11 637.279 513.229 663.833 235.704 127.775 94591.7 45554.5 8237.56 49037.2 37317 4715.69 8799.26 40237.9 277.525 176.268 420.437 294.619 163.816 130.803 124.05 36849.8 10491.7 37291.9 2946.07 467.128 116.693 26358.1 2366.3
internal_count=594827 8737 4032 3347 4705 1459 862 586090 286693 53069 299397 233624 29921 54121 245276 1888 1195 3001 2125 1097 1028 685 229106 66032 205115 40161 4518 803 163074 30607
is_linear=0
shrinkage=0.03


Tree=163
num_leaves=31
num_cat=0
split_feature=6 6 1 5 5 2 4 9 2 2 2 3 6 0 21 14 6 0 10 6 23 17 13 16 14 21 14 14 17 22
split_gain=117.795 114.233 109.462 222.918 180.29 119.628 104.493 137.637 105.243 102.515 101.003 98.082 71.8328 104.954 70.5388 62.6273 56.0675 83.3735 58.0918 51.8558 45.743 44.5604 67.2638 65.2704 57.2976 56.3209 44.892 46.7711 42.8207 39.4949
threshold=-7.4999999999999991 6.5000000000000009 1.0000000180025095e-35 1.0000000180025095e-35 1.0000000180025095e-35 1.5000000000000002 1.0000000180025095e-35 2.5000000000000004 1.0000000180025095e-35 1.5000000000000002 1.5000000000000002 1.0000000180025095e-35 1.0000000180025095e-35 7.5000000000000009 0.22941288678309338 0.046189505838202333 -1.0000000180025095e-35 8.5000000000000018 2.5000000000000004 -1.0000000180025095e-35 0.036361711112368231 0.027548196694093346 0.10934053187911545 0.11681052582325803 0.027307486615925067 0.23921965804616876 0.033688929867536618 0.038827393088646529 0.05122209023725121 0.065924129216027333
decision_type=2 2 2 2 2 2 2 2 2 2 2 2 2 2 2 2 2 2 2 2 2 2 2 2 2 2 2 2 2 2
left_child=-1 2 3 6 10 -5 7 19 -8 -6 11 16 14 29 15 28 17 -4 -18 -2 21 22 23 -16 -23 -26 -27 -28 -9 -14
right_child=1 -3 4 5 9 -7 8 12 -10 -11 -12 -13 13 -15 20 -17 18 -19 -20 -21 -22 24 -24 -25 25 26 27 -29 -30 -31
leaf_value=-0.024819751700011532 -0.012419644323518655 0.019630197483662293 -0.0017151758231193979 0.0097780240097384112 -0.011209448990298316 0.0018453842106538011 0.0097780240097384112 0.00078695070730628485 0.0017163284480043372 -0.0021208114692269063 0.0016974533687290779 -0.0042046858241390215 0.0097780240097384112 0.0097780240097384112 0.00078695070730628485 -0.012419644323518655 0.0097780240097384112 -0.012419644323518655 0.00024836107407520355 -0.0010023029158757035 0.00078695070730628485 -0.0089109394442332644 -0.0098897153741021541 -0.012419644323518655 -0.0093183112515582665 0.00078695070730628485 -0.0090870880171094234 0.00078695070730628485 -0.012419644323518655 0.00078695070730628485
leaf_weight=170.68004021467641 457.57080007251352 263.53194214869291 6477.8243972864002 2143.0433282731101 2298.913670361042 2029.3456282587722 1485.0971807381138 12485.960634502582 5027.3210026500747 2172.9103154744953 13434.27928293217 8313.2435122355819 450.4791056914255 693.83708374202251 3894.547949465923 277.18223100807518 444.40659144241363 520.52232901565731 15914.201024283655 358.4175351113081 1907.7448116019368 2024.8354578809813 650.55755616351962 313.04778327979147 944.37253291904926 1805.0872355494648 968.3186141140759 733.33190895058215 97.848848330788314 7212.1619536858052
leaf_count=11769 6287 16034 40473 13319 13578 12768 8799 63225 30878 13163 80108 48575 2928 9785 20424 1615 3680 6217 84469 1486 9648 11030 3494 1674 5138 9766 5377 4161 479 54961
internal_value=-6.41595e-05 -1.95369e-05 -7.41495e-05 0.000980497 -0.00105187 0.00759081 0.000320143 -0.000324502 0.00381097 -0.0067961 -0.000482088 -0.00140668 -3.57852e-05 0.00238469 -0.000810793 0.000771605 -0.000410538 -0.00265735 0.000550872 -0.0124196 -0.00234756 -0.00310026 -0.000927897 0.000461775 -0.00472914 -0.00282367 -0.00107034 -0.00476468 0.000786951 0.00129519
internal_weight=95970.6 95799.9 95536.4 45960.1 49576.3 4172.39 41787.7 35275.3 6512.42 4471.82 45104.5 31670.2 34459.3 8356.48 26102.8 12861 23357 6998.35 16358.6 815.988 13241.8 11334.1 4858.15 4207.6 6475.95 4451.11 3506.74 1701.65 12583.8 7662.64
internal_count=595308 583539 567505 277242 290263 26087 251155 211478 39677 26741 263522 183414 203705 67674 136031 65319 134839 46690 88149 7773 70712 61064 25592 22098 35472 24442 19304 9538 63704 57889
is_linear=0
shrinkage=0.03


Tree=164
num_leaves=31
num_cat=0
split_feature=12 17 17 15 16 15 13 12 13 15 16 12 16 15 17 13 13 16 11 12 15 13 13 16 17 12 17 17 14 15
split_gain=127.715 175.326 249.129 208.048 195.478 138.432 191.395 110.381 265.713 247.969 358.921 264.596 301.559 229.039 233.851 233.418 271.641 233.612 238.244 195.783 747.616 335.845 250.092 194.649 230.074 278.983 204.371 379.137 249.709 210.869
threshold=0.3168280324219514 0.028801820172797945 0.027449647728488357 0.22683530259580223 0.095956243107101213 0.21542347939597487 0.075948285721925982 0.28551534059993966 0.057690074354215699 0.1814602787872113 0.067285982893156279 0.29277499873545104 0.077114307187234568 0.26622510358654372 0.027548196694093346 0.072797171872159352 0.065756897880879281 0.077329688537150845 12.948643570895458 0.276560808869247 0.2638666867191472 0.10140287788237164 0.07752474122735864 0.062801752676547876 0.035015358011038757 0.29277499873545104 0.038928401393970573 0.043456287772749257 0.027375155055644414 0.20133451414436612
decision_type=2 2 2 2 2 2 2 2 2 2 2 2 2 2 2 2 2 2 2 2 2 2 2 2 2 2 2 2 2 2
left_child=7 2 3 5 -3 6 -2 19 -9 10 -10 -12 -13 14 15 16 -11 -17 -19 -1 21 -21 -22 24 25 -16 29 28 -28 -25
right_child=1 4 -4 -5 -6 -7 -8 8 9 13 11 12 -14 -15 23 17 -18 18 -20 20 22 -23 -24 26 -26 -27 27 -29 -30 -31
leaf_value=-0.00014230711248398373 0.045284270984237582 0.0078147026995805165 -0.039834176465620208 0.02474212092385342 0.042020830593265043 -0.038094370728193203 -0.027359663313211054 -0.070773268165946424 0.045266118804389521 -0.014330611124284269 0.02292465105524908 -0.092669586282272162 -0.027923990951411237 -0.018189595514005157 -0.059352408839649852 0.03530132657144637 0.052586636571946316 -0.035505848645711519 0.0061881409242977546 0.009588249776160478 -0.057431469971063243 0.041449836018123479 0.00049952436475860548 0.018541286730026009 -0.083577992963477538 0.028725224850255016 0.056483594544850635 -0.024660612302444946 0.00014309664085669459 -0.0091884497045265686
leaf_weight=87517.564014004543 61.137286248616874 414.36155115813017 123.00410805828869 280.07310725934803 235.07471613585949 107.77037249691784 65.679265955463052 51.847301190719008 54.968940874561667 72.107210928574204 57.838546618819237 88.758943230845034 236.59215293545276 647.05250746756792 56.652592595666647 176.45142616331577 213.78008568566293 156.63031144905835 552.71931296400726 1482.2088468652219 179.11840478982776 371.25645323656499 106.4555696407333 283.31141256913543 55.116579540073872 70.366929484531283 189.37638327199966 134.12936587072909 112.3890221780166 1831.2634345702827
leaf_count=542442 364 2979 680 1920 1676 601 490 255 398 405 413 625 1504 3981 301 1066 1255 1017 3329 9304 1131 2298 728 1822 318 492 1228 750 668 11409
internal_value=-3.82866e-05 0.00934084 -0.00183618 0.00736441 0.0202872 -0.0134166 0.00782077 -0.000165959 -0.00448438 -0.00376747 -0.0252693 -0.0355702 -0.0460455 -0.0016873 0.00105551 0.0122563 0.0357263 0.00461809 -0.00309218 7.69587e-05 0.00903985 0.0160081 -0.0359828 -0.00375263 -0.033541 -0.0108698 -0.00160074 0.0170565 0.0356393 -0.0054592
internal_weight=95985.1 1287.1 637.664 514.66 649.436 234.587 126.817 94698 5041.35 4989.51 438.159 383.19 325.351 4551.35 3904.29 1171.69 285.887 885.801 709.35 89656.6 2139.04 1853.47 285.574 2732.61 182.136 127.02 2550.47 435.895 301.765 2114.57
internal_count=595849 8710 4055 3375 4655 1455 854 587139 31236 30981 2940 2542 2129 28041 24060 7072 1660 5412 4346 555903 13461 11602 1859 16988 1111 793 15877 2646 1896 13231
is_linear=0
shrinkage=0.03


Tree=165
num_leaves=31
num_cat=0
split_feature=6 12 6 15 12 13 13 16 15 1 4 4 2 2 9 3 6 16 15 2 10 21 6 0 2 0 9 6 16 16
split_gain=118.931 117.215 113.455 108.685 262.797 226.626 310.7 255.888 130.98 101.236 183.169 135.992 135.39 127.006 104.342 74.3413 65.037 64.2219 63.1125 61.0077 58.439 56.3201 56.8205 76.0077 54.7398 54.2981 53.7132 60.2812 52.0875 68.6274
threshold=-7.4999999999999991 0.34356646944828623 6.5000000000000009 0.29980001134559903 0.18247631728715161 0.087856220609525609 0.11130876630265792 0.091113301219882634 0.30472016658507695 1.0000000180025095e-35 1.0000000180025095e-35 1.0000000180025095e-35 1.5000000000000002 1.5000000000000002 1.5000000000000002 1.0000000180025095e-35 -2.4999999999999996 0.10818303073830211 0.26261957835322192 1.0000000180025095e-35 10.500000000000002 0.17148839828422827 1.0000000180025095e-35 7.5000000000000009 1.0000000180025095e-35 5.5000000000000009 5.5000000000000009 -1.0000000180025095e-35 0.10234087394256457 0.075370537350942943
decision_type=2 2 2 2 2 2 2 2 2 2 2 2 2 2 2 2 2 2 2 2 2 2 2 2 2 2 2 2 2 2
left_child=-1 2 3 9 -5 -6 7 -7 17 10 14 16 -13 25 -2 21 20 -9 28 -18 -11 -16 26 -24 -17 -12 27 -23 29 -3
right_child=1 18 -4 4 5 6 -8 8 -10 11 13 12 -14 -15 15 24 19 -19 -20 -21 -22 22 23 -25 -26 -27 -28 -29 -30 -31
leaf_value=-0.025332855782270111 -0.012668581369678864 0.027460384109561354 0.019675818750186258 0.009780764978723851 -0.012668581369678864 0.009780764978723851 -0.012668581369678864 0.009780764978723851 -0.012668581369678864 -0.010802137355368679 0.005404070600336556 -0.0076013568351128401 6.0194342379703161e-05 0.00086840233675913945 0.0079917612954464312 0.0060482148314948058 -0.001348935411379649 -0.012668581369678864 0.044935052186950694 0.0011849737568670109 -0.002167866806322158 -0.012091287428316999 0.00076602077707733701 0.009780764978723851 0.0011728641181302059 0.009780764978723851 -0.001046375042943566 0.00017226965419978857 0.033068190888554651 -0.012668581369678864
leaf_weight=165.13788835797459 442.12808372825384 51.851827198639512 259.43468633666635 295.09233127627522 1583.6193228792399 826.10370243899524 341.09852603357285 86.971664316020906 372.8844227399677 914.99803728144616 2939.9164366051555 4844.6163704618812 3630.9918210599571 3425.0416738791391 686.54215086158365 2894.7597965793684 13871.705186059698 57.716416085138917 65.526875558309257 22290.144934690557 1863.0907702250406 863.76158291101456 5430.4141743592918 502.70028262957931 7290.7090945262462 1613.2434636671096 17444.65145660378 600.50976566970348 64.231773043051362 85.019200976938009
leaf_count=11691 3990 303 16080 1643 9556 4843 2214 498 2127 18023 15654 28107 21794 21477 4012 17118 73542 324 520 119744 16377 9842 40951 7069 44248 12031 87448 2507 531 768
internal_value=-4.84936e-05 -4.30696e-06 -6.0044e-05 -0.000114289 -0.00525296 -0.0080738 6.10027e-05 0.00760835 -0.0115696 8.5839e-05 0.00111984 -0.000876617 -0.00431987 0.00523355 0.000211873 0.000392741 -0.00012698 0.00978076 0.0197847 0.000212944 -0.00454868 -0.000471843 -0.000706371 0.00185458 0.00255938 0.00851534 -0.00151004 -0.00702496 0.011228 0.00065004
internal_weight=95804.6 95639.5 95372.8 95113.4 3563.49 3268.39 1684.77 1343.68 517.573 91549.9 44134.4 47415.5 8475.61 7978.2 36156.2 35714 38939.9 144.688 266.63 36161.9 2778.09 25528.6 24842 5933.11 10185.5 4553.16 18908.9 1464.27 201.103 136.871
internal_count=595032 583341 581219 565139 21205 19562 10006 7792 2949 543934 266347 277587 49901 49162 217185 213195 227686 822 2122 193286 34400 151829 147817 48020 61366 27685 99797 12349 1602 1071
is_linear=0
shrinkage=0.03


Tree=166
num_leaves=31
num_cat=0
split_feature=6 6 14 15 15 11 17 13 13 16 11 14 17 13 13 17 15 14 13 16 16 13 16 11 11 16 13 17 17 15
split_gain=113.024 108.557 101.796 163.669 232.082 100.846 140.979 144.998 264.529 135.455 131.289 201.103 185.658 175.844 160.324 206.73 122.263 120.152 116.473 115.084 103.431 89.3387 93.4488 87.3845 86.3557 84.8225 79.376 155.427 78.8271 70.5173
threshold=-7.4999999999999991 5.5000000000000009 0.046189505838202333 0.21827966470375729 0.24975103256198714 99.143032179048319 0.028858418764761952 0.067272022839602888 0.068691178444913806 0.063939976903660836 25.940450322664109 0.029606193001129794 0.044610796766958193 0.084028043882921566 0.080256528658169943 0.032834445723388651 0.2754975140169213 0.039910738875756545 0.10352655830587114 0.089226559766740085 0.11854904603666992 0.10658099037073096 0.077948766145354995 -74.452390274339777 5.2857046925211089 0.062135475394648983 0.12240612828705338 0.023456687494716875 0.029296644812658399 0.21121386639240383
decision_type=2 2 2 2 2 2 2 2 2 2 2 2 2 2 2 2 2 2 2 2 2 2 2 2 2 2 2 2 2 2
left_child=-1 2 5 -4 -5 6 16 9 -9 -8 12 -12 13 14 15 28 26 18 20 -7 -18 -20 25 -15 -16 -23 -2 -28 -10 -26
right_child=1 -3 3 4 -6 19 7 8 10 -11 11 -13 -14 23 24 -17 17 -19 21 -21 -22 22 -24 -25 29 -27 27 -29 -30 -31
leaf_value=-0.025000526040485704 0.0018022946822169978 0.014877554867086799 -0.012495643642991947 0.0074090624443881982 -0.012495643642991947 0.0074090624443881982 -0.012495643642991947 -0.012495643642991947 -0.0014431952425274868 0.0018022946822169978 -0.0014431952425274868 0.0018022946822169978 -0.012495643642991947 -0.012495643642991947 -0.012495643642991947 -0.0014431952425274868 0.0018022946822169978 -0.012495643642991947 -0.012495643642991947 0.0018022946822169978 -0.012495643642991947 0.0018022946822169978 0.0018022946822169978 -0.0014431952425274868 -0.0077409919730999383 -0.012495643642991947 0.0018022946822169978 -0.012495643642991947 -0.012495643642991947 -0.0014431952425274868
leaf_weight=160.90454269200563 29824.085372474976 437.92189832311124 816.3015136225149 678.46828090865165 431.23771082051098 2583.7299424335361 235.73209344595671 785.14431159663945 164.97305930219591 3591.1811119941995 11221.066493030638 12829.277217330411 737.34454724751413 547.47242596931756 1274.3181037390605 2051.4960304200649 3429.6981851593591 315.02542463410646 193.98611622769386 3591.6140859909356 238.83611513394862 60.985896915197372 540.7051988914609 15595.939948878251 218.68089454155415 277.13696020655334 197.20613391697407 699.0761720854789 1450.9306560279801 669.5468852603808
leaf_count=11665 173430 25431 5028 4054 2785 16740 1337 4594 1024 20656 65995 74974 4050 3333 7490 11913 20215 1982 1038 22499 1327 370 3194 89881 1265 1694 1220 4027 8519 3638
internal_value=-3.32662e-05 9.23875e-06 -5.943e-05 -0.00688269 0.00119451 8.15303e-05 -0.000181017 -0.00118793 -0.00171989 0.00180229 -0.0013977 0.000147035 -0.00303343 -0.00248787 -0.00703334 -0.00317744 0.00126483 -0.00307602 -0.00165656 0.00378561 0.000887523 -0.0103416 -0.0026316 -0.0014432 -0.0124956 -0.0124956 0.00180229 -0.00717592 -0.0124805 -0.00298634
internal_weight=95850 95689.1 95251.2 1926.01 1109.71 93325.2 87149.8 51373.1 47546.2 3826.91 46761 24050.3 22710.7 21973.4 5829.95 3667.4 35776.7 5056.37 4741.35 6175.34 3668.53 1072.81 878.828 16143.4 2162.55 338.123 30720.4 896.282 1615.9 888.228
internal_count=595368 583703 558272 11867 6839 546405 507166 298669 276676 21993 272082 140969 131113 127063 33849 21456 208497 29820 27838 39239 21542 6296 5258 93214 12393 2064 178677 5247 9543 4903
is_linear=0
shrinkage=0.03


Tree=167
num_leaves=31
num_cat=0
split_feature=12 14 17 13 12 16 16 17 16 16 17 17 6 16 17 16 17 17 12 16 11 16 14 14 17 17 14 13 16 12
split_gain=112.414 173.925 161.318 120.407 147.69 161.872 158.315 135.562 111.915 143.745 108.363 256.992 106.145 106.594 259.281 354.601 186.252 179.288 106.989 206.217 198.107 197.017 354.589 162.29 154.27 335.807 177.388 279.476 210.587 223.581
threshold=0.3168280324219514 0.019127686627040483 0.028801820172797945 0.090437239143747114 0.32090970986202955 0.087899129656897265 0.083288133145543786 0.022292451883402249 0.096168866687304455 0.071042147140111728 0.029941720801813763 0.02638116988390329 -6.4999999999999991 0.054407150276939313 0.02658739304935645 0.047906309480878075 0.024729692324827437 0.030305105839735561 0.26544145962544713 0.057592115157126068 46.79971808462745 0.060934737720447836 0.043239114159064437 0.026261127465763274 0.041267762882067217 0.04063067783213397 0.029998935948431723 0.080256528658169943 0.0897479103951144 0.26795006766098534
decision_type=2 2 2 2 2 2 2 2 2 2 2 2 2 2 2 2 2 2 2 2 2 2 2 2 2 2 2 2 2 2
left_child=12 10 3 4 6 -6 -3 -7 9 -4 11 -2 -1 14 15 -14 -17 -16 21 -20 23 22 -15 -21 25 26 -22 28 -28 -30
right_child=1 2 8 -5 5 7 -8 -9 -10 -11 -12 -13 13 18 17 16 -18 -19 19 20 24 -23 -24 -25 -26 -27 27 -29 29 -31
leaf_value=-0.018425528435452521 0.048286920347439179 0.037064149903317349 0.04413475414806791 0.019391194165522575 -0.061607810010278027 -0.052779091740896504 -0.020818964682927189 0.010253894989790943 0.035321808055602158 -0.0032005747601955526 0.05450687537418071 -0.033161009010018054 0.064511791571559965 -0.0092203124323850093 -0.0092203124323850093 0.04159303799123909 -0.0092203124323850093 0.037803656145627279 0.043722976733747587 -0.0027338860273308902 -0.0019235515820201453 0.00049979114889628221 0.05429023935305597 -0.0092203124323850093 -0.0027338860273308902 0.054671422903463295 0.0020239189126239031 -0.00056250548337486253 -0.0027338860273308902 0.043254870943133975
leaf_weight=280.69409922836348 80.366058554500341 74.897662953473628 69.164422877132893 106.6348448721692 94.041655963286757 43.721958032809198 93.22050997428596 92.020636565517634 164.93932816479355 304.86209079669788 103.93666454032063 58.632292493246496 152.05498166754842 1792.4047491960227 337.11244672350585 64.278287897817791 56.911975279450417 77.81495292019099 83.000183116644621 2423.3226146567613 2677.4002303173766 80270.817021453287 77.167833566665649 3840.3573954235762 492.89311807975173 113.761619403027 265.32970084343106 942.32461892999709 72.886825645342469 437.5008013099432
leaf_count=18377 455 480 524 726 496 277 573 754 1139 2180 774 346 863 11033 2149 394 394 503 473 14212 17304 482312 469 22853 2981 769 1742 6136 438 2868
internal_value=4.98597e-05 0.00885138 0.00350415 -0.00867002 -0.0162496 -0.0317796 0.00510089 -0.0105202 0.0148906 0.00574079 0.0316037 0.0139475 -7.01943e-05 -1.50964e-05 0.0117315 0.0343088 -0.00401832 -0.00322983 -0.000101812 -0.00283186 -0.00318255 0.00027544 -0.00922031 -0.0067368 0.00126903 0.00423423 0.00290456 0.0104222 0.0237333 0.0349671
internal_weight=95744.5 1286.44 1043.5 504.537 397.902 229.784 168.118 135.743 538.966 374.027 242.935 138.998 94458 94177.3 688.173 273.245 121.19 414.927 93489.2 11348.8 11265.8 82140.4 1869.57 6263.68 5002.1 4509.2 4395.44 1718.04 775.717 510.388
internal_count=594994 8724 7149 3306 2580 1527 1053 1031 3843 2704 1575 801 586270 567893 4303 1651 788 2652 563590 69776 69303 493814 11502 37065 32238 29257 28488 11184 5048 3306
is_linear=0
shrinkage=0.03


Tree=168
num_leaves=31
num_cat=0
split_feature=6 6 1 4 5 2 9 2 3 11 2 4 2 21 6 9 0 10 21 3 6 0 9 13 23 16 16 13 21 11
split_gain=111.688 103.517 102.73 195.341 158.167 111.423 100.409 86.7038 81.4826 81.2118 79.6369 76.9359 67.2204 56.5047 61.8482 92.8112 48.8125 46.6233 43.1555 43.0649 42.2565 31.8514 29.9326 28.2574 28.0219 30.8772 27.8512 88.9038 54.3848 53.0522
threshold=4.5000000000000009 -7.4999999999999991 1.0000000180025095e-35 1.0000000180025095e-35 1.0000000180025095e-35 1.5000000000000002 1.5000000000000002 1.5000000000000002 1.0000000180025095e-35 21.066316802066698 1.0000000180025095e-35 1.0000000180025095e-35 1.0000000180025095e-35 0.17148839828422827 -1.0000000180025095e-35 5.5000000000000009 7.5000000000000009 14.500000000000002 0.24751740957288307 1.0000000180025095e-35 1.0000000180025095e-35 3.5000000000000004 17.500000000000004 0.058605519976797978 0.030610403104132943 0.074414265807664068 0.085444015240009177 0.11313314313900645 0.22313102693568376 101.92822852297662
decision_type=2 2 2 2 2 2 2 2 2 2 2 2 2 2 2 2 2 2 2 2 2 2 2 2 2 2 2 2 2 2
left_child=1 -1 3 6 10 21 -3 -5 13 -2 11 19 -10 -8 15 -15 23 -11 26 -4 24 -6 -17 -16 25 -20 27 29 -28 -12
right_child=9 2 4 7 5 -7 8 -9 12 17 18 -13 -14 14 16 22 -18 -19 20 -21 -22 -23 -24 -25 -26 -27 28 -29 -30 -31
leaf_value=-0.024529493220272786 0.0051952543681283835 -0.012290184155281327 -0.00067223536742283064 0.0051952543681283835 -0.0062474359409966903 -0.0015425612352939488 0.0051952543681283835 0.00048830878747149948 0.0051952543681283835 0.025347219100580853 -0.0013724790338922642 -0.0083960836181902199 0.0008842679279693447 -0.011945987976411759 0.0051952543681283835 -0.003788153269322097 0.0051952543681283835 0.011901315604372839 0.003109252993590605 -0.0047715804200211022 0.0051952543681283835 -0.012290184155281327 -0.0012621397822889545 -0.00046911931162444396 0.003109252993590605 -0.0020324980796679699 0.0024700571101094648 -0.012290184155281327 -0.0016556808485865262 0.0051952543681283835
leaf_weight=153.7368714842014 360.21406422648579 460.96448432141915 12179.573583989404 4731.1979808229953 889.47980517521501 2179.1280966764316 688.25000569131225 3523.2925681378692 3028.6622252082452 367.88771721487865 7043.6951464032754 1584.2374936407432 7504.2564276326448 900.23962146788836 285.81170626170933 4701.643088282086 1336.1001026993617 177.76509259827435 809.30091365706176 2843.4740700433031 2194.4871395919472 1384.3977709179744 4222.8714909311384 14265.402193398215 2411.3090610299259 3034.3751363819465 6589.8294193418697 626.76736978907138 5098.6525979675353 317.28745552152395
leaf_count=11649 11958 4199 67865 27740 4202 12809 3902 21076 17327 22112 40218 8610 43741 10398 1617 31772 9518 4856 4055 15898 17521 8898 21402 73882 11825 14872 37122 3832 29055 1956
internal_value=9.08118e-06 -9.10089e-05 -5.08751e-05 0.000974029 -0.00100207 -0.0063927 5.19021e-05 0.00515039 0.000227125 0.0104815 -0.000465193 -0.00211234 0.00245774 -0.000662941 -0.000905301 -0.00277607 0.00025179 0.0186074 0.000507474 -0.00144867 0.00230046 -0.0110353 -0.00184861 -0.000254865 0.00102325 -0.00058436 -0.000262636 -0.00162776 0.000670387 -0.000702565
internal_weight=95894.3 94988.4 94834.7 45648.7 49186 4453.01 37394.2 8254.49 36933.2 905.867 44733 16607.3 10532.9 26400.3 25712.1 9824.75 15887.3 545.653 28125.7 15023 8449.47 2273.88 8924.51 14551.2 6254.99 3843.68 19676.2 7987.75 11688.5 7360.98
internal_count=595887 556961 545312 266574 278738 25909 217758 48816 213559 38926 252829 92373 61068 152491 148589 63572 85017 26968 160456 83763 48273 13100 53174 75499 30752 18927 112183 46006 66177 42174
is_linear=0
shrinkage=0.03


Tree=169
num_leaves=31
num_cat=0
split_feature=14 15 17 17 17 12 16 16 16 16 16 17 12 12 16 16 17 16 15 12 16 14 14 12 14 17 15 12 16 17
split_gain=108.692 187.126 312.033 289.339 275.95 193.576 161.982 261.457 131.652 151.302 175.942 204.11 120.442 198.864 112.067 754.631 418.931 218.349 388.077 267.392 234.076 213.654 283.421 280.254 321.653 334.929 213.014 209.955 467.712 353.597
threshold=0.046189505838202333 0.20248517103023309 0.034460705244934053 0.025325789157436603 0.036134119456207071 0.24476379815444169 0.098147531383075012 0.082029202670518844 0.11504121658439989 0.095716846762479948 0.093156678161620973 0.02163262813968379 0.22460005089357502 0.24527906618580655 0.098583821318967771 0.09636592536254697 0.02163262813968379 0.095006007092879791 0.1963545370806675 0.1722260683451757 0.095153894113309198 0.036087557309572561 0.041661559575366609 0.21812385570570733 0.028066987951427577 0.031589020106581357 0.22396457944673256 0.19277588917132946 0.10965315181231929 0.020406836954622191
decision_type=2 2 2 2 2 2 2 2 2 2 2 2 2 2 2 2 2 2 2 2 2 2 2 2 2 2 2 2 2 2
left_child=14 3 8 -2 -4 -5 7 -6 9 10 11 -3 -11 -14 15 17 -17 -1 -19 -20 -21 23 -23 24 25 -18 -25 28 -16 -29
right_child=1 2 4 5 6 -7 -8 -9 -10 12 -12 -13 13 -15 27 16 21 18 19 20 -22 22 -24 26 -26 -27 -28 29 -30 -31
leaf_value=-0.00012451241013223453 0.036122975644936516 0.042672690214435254 0.065725717086523597 -0.048818990459995389 -0.024024499044384275 0.010266776029883028 -0.033446984082453245 0.048220022247425366 0.0269366737229285 -0.051419011791186242 0.030185131508077126 -0.015545200677040691 0.023048646770238636 -0.042818695420582503 0.0043944255067081489 0.018862959202195384 -0.00093799091954627179 0.040527575172148118 0.047833700255172133 0.028183508910269967 0.0010410286596668676 0.008322800562933717 -0.039289582599645871 -0.015105871350740886 -0.01847569404714194 0.066517047600502963 -0.034038950274766167 -0.014144672511837422 -0.016097499769096815 0.0038441945717952574
leaf_weight=58959.055310125463 55.41159363090992 56.983634264208376 94.502038356848061 252.46621377393603 71.965571552049369 61.3064672248438 66.690698597580194 114.50529377069324 80.951842560432851 134.2137364288792 105.43158260686323 677.0169796096161 73.930252127349377 88.69751594774425 2339.0567938121967 340.08600406441838 220.67341876868159 284.58989857323468 122.00724090449512 307.56279777083546 3752.4373250943609 572.00622795335948 137.95835854345933 1018.5740251466632 567.02348623797297 92.633070979267359 1137.2970803407952 1029.2851006938145 1751.3915926925838 21216.639960603323
leaf_count=367757 375 483 549 1588 481 517 436 635 724 883 635 4465 467 556 14305 2040 1304 1834 660 1780 23292 3571 875 6165 3354 550 6724 6499 10434 131618
internal_value=5.71831e-05 -0.00697882 -0.00243319 -0.0261298 0.0225533 -0.0372826 0.00604874 0.0203793 -0.00959512 -0.0122405 -0.00569936 -0.0109218 -0.0305762 -0.0129593 0.00020233 -0.000445168 -0.0129379 0.000360067 0.0067537 0.00443708 0.00311005 -0.0158333 -0.00101349 -0.0192958 -0.00501769 0.0193014 -0.025116 0.00186207 -0.0043831 0.00301068
internal_weight=95782.4 1934.07 1564.89 369.184 347.664 313.773 253.162 186.471 1217.23 1136.27 839.432 734.001 296.842 162.628 93848.3 67511.9 4086.25 63425.7 4466.6 4182.01 4060 3746.17 709.965 3036.2 880.33 313.306 2155.87 26336.4 4090.45 22245.9
internal_count=595556 12794 10314 2480 2101 2105 1552 1116 8213 7489 5583 4948 1906 1023 582762 419906 24583 395323 27566 25732 25072 22543 4446 18097 5208 1854 12889 162856 24739 138117
is_linear=0
shrinkage=0.03


Tree=170
num_leaves=31
num_cat=0
split_feature=6 6 12 17 17 12 12 15 11 16 12 17 17 11 12 16 14 17 15 15 15 16 12 12 17 17 14 13 13 16
split_gain=110.005 107.204 102.392 109.509 116.255 101.3 179.475 324.757 165.453 201.459 186.337 168.213 192.559 254.567 130.058 172.363 110.815 111.419 108.034 310.379 110.306 102.529 172.228 200.595 92.7643 156.769 104.115 103.161 86.8539 80.9213
threshold=6.5000000000000009 -4.4999999999999991 0.3168280324219514 0.028801820172797945 0.026004676439026122 0.28551534059993966 0.276560808869247 0.2638666867191472 99.143032179048319 0.089226559766740085 0.26544145962544713 0.028858418764761952 0.034554255147819839 -20.543649221516031 0.24433724874453791 0.09636592536254697 0.02909007148606399 0.038279170691366972 0.22961779924247402 0.23913086926274743 0.30472016658507695 0.085946001033674765 0.22902124896870668 0.18458813201500718 0.027677790779959896 0.023850431193932948 0.024336263819012074 0.11539268489154882 0.085251530210494281 0.065639001563083124
decision_type=2 2 2 2 2 2 2 2 2 2 2 2 2 2 2 2 2 2 2 2 2 2 2 2 2 2 2 2 2 2
left_child=1 -1 5 4 -4 6 8 -8 10 -10 11 18 14 -14 21 -16 17 -15 -3 -20 29 -13 23 -23 25 28 -27 -26 -7 -21
right_child=-2 2 3 -5 -6 24 7 -9 9 -11 -12 12 13 16 15 -17 -18 -19 19 20 -22 22 -24 -25 27 26 -28 -29 -30 -31
leaf_value=-0.0081562585439337899 0.019761147731709009 0.0022409853079567487 0.0098020326986522164 0.0098020326986522164 -0.0040935311436924998 0.0098020326986522164 0.0098020326986522164 -0.0040935311436924998 0.0098020326986522164 0.0022409853079567487 -0.0040935311436924998 -0.0040935311436924998 -0.0040935311436924998 0.0022409853079567487 0.0022409853079567487 -0.0040935311436924998 0.0022409853079567487 -0.00097092084339090617 -0.0040935311436924998 -0.0040935311436924998 -0.0040935311436924998 -0.0040935311436924998 -0.0040935311436924998 0.0022409853079567487 -0.0040935311436924998 -0.0040935311436924998 0.0098020326986522164 0.0098020326986522164 -0.0040935311436924998 0.0022409853079567487
leaf_weight=1482.4269711319357 248.2010078956373 13722.490928489715 341.6012733397074 638.26172912679613 278.3576988670975 340.91090110968798 1831.0030411668122 278.53192139603198 2258.5878009777516 3162.9632215509191 3808.3030536780134 7864.3755521755666 2730.4836006928235 3362.5124318934977 3347.1131790596992 1093.7139022164047 11536.876150692813 4247.0297077037394 4305.730494515039 812.48034896980971 1429.0038769971579 1558.2633530693129 2323.5844507291913 7369.0883173337206 2909.7535974066705 96.623934648931026 692.50888956617564 465.47596239019185 437.53501492738724 10789.041996578686
leaf_count=45637 16156 77834 2249 4404 1548 1870 10730 1643 14787 19802 21826 43539 15157 19023 18510 6188 65136 23958 24041 4648 8247 8391 13058 41748 16728 559 3967 2645 2510 59198
internal_value=-0.000105046 -0.000157082 -3.08037e-05 0.00846298 -0.00294184 -0.000146178 8.93895e-05 0.00872991 -0.000123445 0.00494793 -0.000465959 -9.26256e-05 -0.00125579 0.000770824 -0.00313784 0.00149189 0.00215169 -0.000970921 0.00160884 -0.000273841 0.00224099 -0.00409353 -0.00122516 0.00117253 -0.00409353 0.00321327 0.00980203 -0.00409353 -0.00409353 0.00224099
internal_weight=95762.8 95514.6 94032.2 1258.22 619.959 92774 87831.2 2109.53 85721.6 5421.55 80300.1 76491.8 45433 21876.9 23556.1 4440.83 19146.4 7609.54 31058.7 17336.3 13030.5 19115.3 11250.9 8927.35 4942.81 1567.58 789.133 3375.23 778.446 11601.5
internal_count=595737 579581 533944 8201 3797 525743 497464 12373 485091 34589 450502 428676 254708 123274 131434 24698 108117 42981 173968 96134 72093 106736 63197 50139 28279 8906 4526 19373 4380 63846
is_linear=0
shrinkage=0.03


Tree=171
num_leaves=31
num_cat=0
split_feature=14 12 13 6 9 6 17 17 15 15 15 13 13 11 14 12 14 17 13 17 13 17 13 12 14 11 17 17 12 12
split_gain=103.757 333.379 122.877 109.582 121.025 96.4202 96.2458 181.266 85.0468 164.075 179.432 192.309 130.291 232.67 205.507 170.725 160.38 145.25 128.791 255.202 248.978 181.689 175.476 170.023 123.422 119.806 113.036 219.066 256.451 183.743
threshold=0.015950891760879205 0.23242696904884183 0.082155501846214174 -3.4999999999999996 8.5000000000000018 6.5000000000000009 0.031807381958963536 0.02638116988390329 0.2754975140169213 0.25155180533575605 0.25292363276519086 0.1116378259200041 0.089266260033430078 31.871022351097171 0.03215095954713839 0.21511636385936242 0.035830922253163887 0.02499964941702406 0.092534965749127174 0.024280556541011269 0.081533418517677772 0.033697663273308628 0.066120177490173793 0.20985664055418093 0.035540188307811874 77.445188163054709 0.036339846752258854 0.039431741436611399 0.27508481738869722 0.258050753758025
decision_type=2 2 2 2 2 2 2 2 2 2 2 2 2 2 2 2 2 2 2 2 2 2 2 2 2 2 2 2 2 2
left_child=1 2 -1 4 -2 8 7 -3 9 12 -11 18 13 15 -15 -5 -16 -18 20 -20 22 -22 24 -23 -12 -24 -14 29 -29 -28
right_child=3 6 -4 5 -6 -7 -8 -9 -10 10 11 -13 26 14 16 -17 17 -19 19 -21 21 23 25 -25 -26 -27 27 28 -30 -31
leaf_value=-0.063972200496135195 -0.016444203089002633 0.047424644409264138 0.0015391535161905993 0.0008295138852832016 -0.00270916427939866 0.018868937623533935 0.053119367145217054 -0.015619227539264138 -0.00270916427939866 0.0094306076920803016 0.0094306076920803016 0.0094306076920803016 -0.002546073645817101 0.0008295138852832016 0.0094306076920803016 -0.00270916427939866 0.0094306076920803016 0.0008295138852832016 0.0094306076920803016 -0.00270916427939866 0.0094306076920803016 0.0094306076920803016 -0.00270916427939866 -0.00270916427939866 -0.00270916427939866 0.0094306076920803016 0.0094306076920803016 -0.00270916427939866 0.0094306076920803016 -0.00270916427939866
leaf_weight=48.723533993586898 710.95139463664964 83.154703815467656 52.187996231019497 6955.1723169432953 2663.1804256336764 242.18303306028247 116.24007285386324 77.78843804076314 8971.6015796302818 1067.079426523298 618.94178266916424 1193.7607383094728 26473.334410337731 10799.334810446016 3500.515309875831 8722.6295781200752 543.84593318309635 3669.352345995605 672.44170885812491 3061.0165049452335 2201.9885730640963 324.56952837575227 2939.1572883175686 611.26913313660771 137.99209289439023 240.88124635163695 3087.9991375412792 4879.319000294432 324.95297444518656 665.10955273173749
leaf_count=297 29447 555 324 36808 40268 16089 770 410 48373 5848 3498 6284 145269 63918 20606 46865 3203 21056 3518 16444 11838 1821 15868 3402 717 1526 17026 27294 1907 3816
internal_value=-9.01651e-05 0.0155528 -0.0307205 -0.000152566 -0.00546076 4.24303e-05 0.0324985 0.017136 -7.72224e-06 0.000293393 0.00337747 0.00212545 -0.000285619 0.00103547 0.00331271 -0.00165369 0.00705595 0.00275174 0.000753895 -0.00270916 0.00318159 0.00943061 -0.00184286 -0.00270916 0.00943061 -0.00270916 -0.00156046 0.00135241 -0.00263147 0.00687514
internal_weight=95656.7 378.095 100.912 95278.6 3374.13 91904.4 277.183 160.943 91662.3 82690.7 13069.1 12002 69621.6 34190.9 18513 15677.8 7713.71 4213.2 10808.3 3733.46 7074.8 3137.83 3936.97 935.839 756.934 3180.04 35430.7 8957.38 5204.27 3753.11
internal_count=595065 2356 621 592709 69715 522994 1735 965 506905 458532 70764 64916 387768 192456 108783 83673 44865 24259 58632 19962 38670 17061 21609 5223 4215 17394 195312 50043 29201 20842
is_linear=0
shrinkage=0.03


Tree=172
num_leaves=31
num_cat=0
split_feature=6 15 12 12 14 13 14 11 13 11 12 13 14 6 15 11 12 13 13 12 15 17 15 15 13 16 13 16 13 12
split_gain=101.919 96.044 239.954 254.119 281.324 258.791 240.416 217.032 182.358 167.614 117.274 101.174 101.584 97.4077 95.4816 158.414 158.401 194.059 243.728 212.381 174.236 170.709 157.369 197.765 195.804 169.253 165.198 202.505 336.278 200.695
threshold=-7.4999999999999991 0.17102959293316927 0.23393657488491945 0.22033496254261109 0.024411773394292548 0.082307900076708976 0.031128982077672691 31.027748941665894 0.098759188132145445 82.36114706545915 0.34356646944828623 0.083663806194408219 0.029479134395110938 6.5000000000000009 0.2754975140169213 -80.729183010929191 0.26399857989839759 0.10352655830587114 0.091313655250854289 0.24211232834013732 0.27710401336772011 0.022577903935113008 0.25155180533575605 0.25292363276519086 0.1116378259200041 0.060934737720447836 0.0694997121821712 0.065909391267145387 0.096436074544498387 0.22515090808968674
decision_type=2 2 2 2 2 2 2 2 2 2 2 2 2 2 2 2 2 2 2 2 2 2 2 2 2 2 2 2 2 2
left_child=-1 2 3 4 -2 6 -6 8 -4 -7 13 -9 -13 14 15 -3 17 18 19 21 -20 -16 25 -24 -25 -17 -27 28 -28 -29
right_child=1 10 7 -5 5 9 -8 11 -10 -11 -12 12 -14 -15 16 22 -18 -19 20 -21 -22 -23 23 24 -26 26 27 29 -30 -31
leaf_value=-0.024716176246172884 0.046149563223627503 -0.012268779305160038 -0.012375595195161343 -0.012375595195161343 -0.012375595195161343 -0.012375595195161343 0.029819740108033895 0.037640486279617025 0.0093886308356513209 0.029806408422914054 0.020050952274934707 0.0093886308356513209 0.030291145100384435 0.019335916764481539 0.0088303811235356765 -0.0060553478989941786 -0.012375595195161343 -0.010673745516525104 -0.012375595195161343 0.0095154226868643804 0.0095154226868643804 -0.0092129682436974114 0.0095154226868643804 0.00050710445537833202 0.0095154226868643804 0.0039771707548014387 0.0095154226868643804 0.00086893620454752112 -0.0060553478989941786 -0.002712383330702841
leaf_weight=148.81723412917927 137.00111019518226 931.74779140762985 212.24499487690628 425.550786674954 100.35841222759336 583.25873165763915 362.34060950111598 312.79192433040589 88.502094227820635 83.633666242472827 254.64319715788588 244.52761130128056 254.84160707611591 225.81426272401586 559.17949743103236 1718.3894878681749 1307.9855304849334 1674.6700190575793 172.38847412075847 879.67049633618444 1735.7519609956071 2974.6460852385499 1096.2862010085955 11173.337696133181 1226.5703381337225 7696.2850538706407 1497.9861907381564 26151.415554391686 943.96980016492307 30512.522434419021
leaf_count=11709 855 6149 1430 2774 733 3511 2238 2178 578 633 2069 1700 1715 15224 3190 10441 7891 9938 1100 5331 10141 17716 6340 65696 6916 45673 8826 154420 5669 182766
internal_value=-7.39153e-05 -3.50141e-05 0.00543207 -0.00168572 0.00587631 0.000918889 0.0181146 0.0162381 -0.00550675 -0.0110302 -0.000200499 0.024284 0.0158011 -0.000256695 -0.000305071 1.8202e-05 -0.00318646 -0.00160011 0.000806206 -0.00306823 0.00951542 -0.00635448 0.000158084 0.00311881 0.0018408 -0.000425151 -0.00015655 -0.000694926 0.0077603 -0.00105957
internal_weight=95687.1 95538.3 2805.05 1692.14 1266.59 1129.59 462.699 1112.91 300.747 666.892 92733.3 812.161 499.369 92478.6 92252.8 82948.5 9304.29 7996.31 6321.64 4413.5 1908.14 3533.83 82016.8 13496.2 12399.9 68520.6 66802.2 59105.9 2441.96 56663.9
internal_count=595550 583841 18345 10744 7970 7115 2971 7601 2008 4144 565496 5593 3415 563427 548203 492896 55307 47416 37478 26237 11241 20906 486747 78952 72612 407795 397354 351681 14495 337186
is_linear=0
shrinkage=0.03


Tree=173
num_leaves=31
num_cat=0
split_feature=14 15 17 17 17 12 16 16 12 17 12 12 12 15 13 13 13 12 13 12 12 16 15 17 12 16 15 15 11 13
split_gain=102.317 192.111 314.089 249.365 245.464 194.879 125.249 167.351 112.64 112.58 209.727 208.577 141.768 286.053 149.221 246.887 135.065 109.842 151.657 164.656 208.128 219.717 106.263 90.46 244.729 216.797 162.477 162.969 159.136 169.484
threshold=0.046189505838202333 0.20248517103023309 0.034460705244934053 0.035534809193638987 0.025325789157436603 0.24476379815444169 0.078979392493707626 0.098147531383075012 0.20441115472523869 0.022954179582427427 0.23540692146525047 0.20179049138966546 0.22807916165966916 0.24313456874857453 0.10497676442629804 0.092534965749127174 0.10213783024448315 0.18247631728715161 0.10234650930078056 0.19231718909817117 0.20946963946345135 0.094403943135356314 0.22396457944673256 0.028544756975185503 0.3168280324219514 0.095956243107101213 0.19177274340560094 0.19236246579957275 99.143032179048319 0.075725772906333824
decision_type=2 2 2 2 2 2 2 2 2 2 2 2 2 2 2 2 2 2 2 2 2 2 2 2 2 2 2 2 2 2
left_child=23 4 9 -4 -2 -6 -5 8 -8 10 11 -3 17 14 15 -14 -15 -11 19 -19 21 -21 -16 26 28 -26 -1 -28 -25 -30
right_child=1 2 3 6 5 -7 7 -9 -10 12 -12 -13 13 16 22 -17 -18 18 -20 20 -22 -23 -24 24 25 -27 27 -29 29 -31
leaf_value=0.0071496814044016673 0.032617464068026715 -0.02264519483410175 0.075077778882027726 -0.030948209175801315 -0.048219477170197721 0.011035448600356738 0.013950053793891259 -0.014453348759741878 0.065721569586243728 0.017890880431335215 -0.042523028138217372 0.054249064539340371 0.03026664151906909 -0.0015906254408395066 0.0586627606116987 -0.053841067254780613 -0.051479222913512382 -0.061880125948763687 -0.050470585911934721 0.043720328711555456 -0.03199500276678522 -0.032706797233337886 0.007379668518042345 -0.0012302496627101299 0.0048679622640974635 0.040911967442690531 -0.04944231178736317 0.0007407758405201454 0.001726171586009177 0.0095593590271206789
leaf_weight=3880.3603621879593 52.647509379312396 45.343451307155192 64.474829553626478 51.804721699096262 249.53362279431894 61.510069370269775 82.663459565490484 82.300145003013313 69.96255368553102 51.749960191547871 46.177042178809643 97.16579407826066 71.541515180841088 90.139510257635266 90.462569942697883 52.855130702257156 104.9406048906967 56.565209544729441 170.35981904761866 98.794063462875783 145.46061375550926 49.229614056646824 61.000719824805856 52899.656039135065 425.42010896280408 230.68251636857167 56.348740336950868 31763.202141267247 1321.8438610564917 3116.5849277558737
leaf_count=24487 359 367 381 340 1582 530 531 511 360 253 371 692 552 634 620 322 645 313 1219 637 973 341 373 326283 3043 1684 366 195890 8993 21658
internal_value=2.62101e-05 -0.00677764 -0.00224732 0.0227 -0.0263761 -0.036506 0.0104837 0.0198042 0.0382248 -0.00938553 0.0118462 0.0298081 -0.0132415 -0.00103681 0.0185757 -0.00575651 -0.0286776 -0.0232484 -0.0273922 -0.0159376 -0.00672391 0.0182051 0.0383742 0.000167715 -0.000563647 0.0176267 0.00135577 0.000648806 -0.000772401 0.00468259
internal_weight=95640.8 1946.68 1582.99 351.206 363.691 311.044 286.731 234.926 152.626 1231.79 188.686 142.509 1043.1 470.94 275.86 124.397 195.08 572.159 520.409 350.05 293.484 148.024 151.463 93694.1 57994.2 656.103 35699.9 31819.6 57338.1 4438.43
internal_count=595310 12906 10435 2123 2471 2112 1742 1402 891 8312 1430 1059 6882 3146 1867 874 1279 3736 3483 2264 1951 978 993 582404 361661 4727 220743 196256 356934 30651
is_linear=0
shrinkage=0.03


Tree=174
num_leaves=31
num_cat=0
split_feature=13 17 13 14 16 11 12 12 17 17 14 12 16 14 16 14 12 11 16 16 13 17 16 17 11 17 16 17 17 17
split_gain=101.346 339.95 196.258 304.439 345.434 280.665 278.068 242.026 224.672 239.326 216.535 299.756 213.501 211.007 205.791 193.039 305.375 350.517 225.755 410.97 197.727 193.844 191.09 440.91 237.15 226.832 211.711 285.13 436.563 250.568
threshold=0.069849350354847531 0.017236706073630492 0.073422256988720805 0.031899595323704254 0.10704945340457536 117.5711906497353 0.26706266941265983 0.21538793646965534 0.031051521817010885 0.037812952723875755 0.026976134852870679 0.19468804778858953 0.077329688537150845 0.035102100643682001 0.075370537350942943 0.032570278082479746 0.23263776530552557 65.554387356076532 0.09421799661484466 0.082778757376822956 0.070463318302486325 0.026086493826287749 0.068618792067243056 0.026742662713572046 31.871022351097171 0.034460705244934053 0.074414265807664068 0.036447442935651421 0.030484290578444897 0.02733899798174454
decision_type=2 2 2 2 2 2 2 2 2 2 2 2 2 2 2 2 2 2 2 2 2 2 2 2 2 2 2 2 2 2
left_child=1 -1 3 5 12 6 7 10 -8 -10 -2 -12 -5 -6 -13 -14 18 20 19 -17 -18 -21 23 24 -3 -25 27 28 -24 -28
right_child=2 22 -4 4 13 -7 8 -9 9 -11 11 14 15 -15 -16 16 17 -19 -20 21 -22 -23 26 25 -26 -27 29 -29 -30 -31
leaf_value=0.04128201752908444 0.0092571334058331456 0.0017948624887277474 3.3319696204004946e-05 0.014214627549581122 0.061764449444807856 0.03398659579715102 0.0092571334058331456 -0.028029641105147766 -0.040778358881221458 0.0092571334058331456 -0.055025296729294938 -0.046302756245039364 0.030739257061213894 0.0091423906806986886 0.0092571334058331456 -0.023809929170159862 -0.093873880577031721 0.012940036026384973 -0.023440681607788515 -0.017378813847514548 -0.035617349044730719 0.045835085595622695 0.025242286529892414 -0.03342405906009014 0.060923465467615248 -0.0020160483699573481 -0.005828017263636829 0.050218174791719611 -0.017140136498020698 0.0051667197467419905
leaf_weight=200.14315681811422 262.22307458426803 158.76189584471285 80007.021646193229 484.55475238943473 125.49550355132669 106.05313639016822 246.86885218974203 1297.7421874506399 170.4205527594313 96.008083050139248 137.2302829194814 60.764282234013081 98.433803088031709 150.20559375360608 132.15666711796075 176.57591116242111 65.164269657339901 115.28117057401687 246.4356992803514 52.505659622140229 267.32542367838323 232.85669350903481 566.92623117007315 490.43385396664962 97.316734164953232 357.43943961150944 2691.9170149047859 178.61797593906522 353.5955418003723 6065.1021194411442
leaf_count=1233 1705 976 497751 3219 906 709 1568 8284 946 643 802 367 540 977 894 1062 397 696 1399 354 1603 1344 3573 2829 517 2129 16879 1049 2046 38330
internal_value=4.42675e-05 0.00273095 -0.000310498 -0.00638784 0.00229653 -0.0133567 -0.0154723 -0.0207854 0.00409657 -0.0191163 -0.00487404 -0.0214769 -0.00266177 0.0333676 0.00270679 -0.00919218 -0.0126391 -0.0319718 -0.000363117 0.0119963 -0.047528 0.0341639 0.00201956 -0.0098056 0.0245633 -0.0202192 0.00334577 0.015744 0.00896027 0.00178637
internal_weight=95691.6 11160.3 84531.3 4524.3 2014.83 2509.47 2403.41 1890.12 513.297 266.429 592.374 330.151 1739.13 275.701 192.921 1254.58 1156.14 447.771 708.374 461.938 332.49 285.362 10960.1 1103.95 256.079 847.873 9856.16 1099.14 920.522 8757.02
internal_count=595727 69561 526166 28415 12497 15918 15209 12052 3157 1589 3768 2063 10614 1883 1261 7395 6855 2696 4159 2760 2000 1698 68328 6451 1493 4958 61877 6668 5619 55209
is_linear=0
shrinkage=0.03


Tree=175
num_leaves=31
num_cat=0
split_feature=6 10 13 14 15 17 15 12 16 16 6 12 12 16 16 17 13 17 14 16 12 15 17 12 12 16 12 15 13 15
split_gain=106.044 226.763 101.035 92.8582 218.232 158.56 128.772 161.145 96.4534 140.725 88.6422 78.5038 71.823 69.1649 634.716 185.775 184.869 181.029 171.004 164.548 195.422 168.012 137.165 118.151 117.804 242.26 126.238 119.676 87.2871 76.8315
threshold=1.5000000000000002 3.5000000000000004 0.058605519976797978 0.046189505838202333 0.20133451414436612 0.025763570947873637 0.24975103256198714 0.21956471861972879 0.07838113695856562 0.070458614164143937 -7.4999999999999991 0.3168280324219514 0.24394233602516049 0.098583821318967771 0.09636592536254697 0.020406836954622191 0.11313314313900645 0.02163262813968379 0.039762534127967437 0.086341616380575512 0.26620148334713573 0.25839179612706259 0.026742662713572046 0.26137585464054641 0.19277588917132946 0.10965315181231929 0.19156753957525657 0.30698755011761392 0.10880267205346288 0.20603036097229235
decision_type=2 2 2 2 2 2 2 2 2 2 2 2 2 2 2 2 2 2 2 2 2 2 2 2 2 2 2 2 2 2
left_child=3 -2 -3 10 5 -5 8 -8 9 -6 -1 -4 -7 14 16 18 29 -16 -15 20 21 -18 -22 -21 25 26 -17 -26 -27 -12
right_child=1 2 11 4 6 12 7 -9 -10 -11 13 -13 -14 15 17 24 19 -19 -20 23 22 -23 -24 -25 27 28 -28 -29 -30 -31
leaf_value=-0.023793352121914742 0.017264046068697435 0.023119365244300537 0.0011686719673252425 0.0011686719673252425 0.0011686719673252425 -0.050025129335162934 0.0011686719673252425 -0.03605634368782247 0.0011686719673252425 -0.039254384808151375 -0.0014592668987707497 0.028962433069356166 -0.0096228934692913631 -0.012001230405465087 0.0011686719673252425 0.0011686719673252425 -0.012001230405465087 -0.012001230405465087 0.0011686719673252425 0.0011686719673252425 -0.012001230405465087 0.0011686719673252425 0.0011686719673252425 -0.012001230405465087 0.0011686719673252425 -0.012001230405465087 -0.012001230405465087 -0.012001230405465087 0.0011686719673252425 0.0011686719673252425
leaf_weight=141.6792654232122 886.61003100220114 188.53531550429761 9903.6189829772338 53.965335023589432 51.391462488099933 189.80837857723236 181.57416879991069 199.11628552060574 840.62562512699515 131.40410901186988 12638.984118023887 89.653188125696033 51.285963414236903 956.83309085574001 292.97809156682342 1875.0221042586491 1952.0164051903412 3336.8406452490017 128.025096190162 1209.6234777551144 133.56661612261087 586.89747011847794 426.73318729735911 470.49748409725726 18412.381028209813 1287.7860481245443 130.79147792514414 331.90891818329692 223.15179920196533 38236.054176543374
leaf_count=11372 23952 2777 110853 287 282 1211 1228 1280 4855 842 65778 1623 319 5103 1497 10047 11031 17706 675 6296 640 3300 2189 2413 94844 6818 777 1930 1191 201726
internal_value=-3.08384e-05 0.00273 0.00146126 -0.000392653 -0.00733074 -0.0306921 -0.00238492 -0.0175195 0.00116867 -0.0210624 -0.000250051 0.00116867 -0.0415806 -0.000209109 -0.000753775 0.00116867 4.13889e-05 -0.0120012 -0.0112345 -0.00559856 -0.00971066 -0.0120012 0.00116867 0.00116867 0.00116867 -0.00453162 0.00116867 0.00116867 -0.0120012 0.00057142
internal_weight=95539.4 11068.4 10181.8 84470.9 1699.17 295.06 1404.11 380.69 1023.42 182.796 82771.8 9993.27 241.094 82630.1 59284.2 23345.9 55654.4 3629.82 1084.86 4779.33 3099.21 2538.91 560.3 1680.12 22261 3516.75 2005.81 18744.3 1510.94 50875
internal_count=594842 139205 115253 455637 10304 1817 8487 2508 5979 1124 445333 112476 1530 433961 312576 121385 293373 19203 5778 25869 17160 14331 2829 8709 115607 18833 10824 96774 8009 267504
is_linear=0
shrinkage=0.03


Tree=176
num_leaves=31
num_cat=0
split_feature=6 6 17 17 13 15 11 16 16 16 16 12 15 13 13 17 15 12 11 15 17 11 17 13 12 15 13 12 15 16
split_gain=96.8546 95.7985 91.4565 228.355 331.843 212.554 355.05 202.007 159.322 808.206 236.58 233.518 328.231 262.776 392.995 326.816 279.384 277.592 262.852 243.271 255.795 239.596 254.1 230.903 205.692 366.723 260.393 221.315 184.235 336.031
threshold=7.5000000000000009 -7.4999999999999991 0.021447580998683633 0.020900040852416275 0.089939029630395517 0.24401379695559214 9.57967110057041 0.11132124989002323 0.098583821318967771 0.09636592536254697 0.095006007092879791 0.19277588917132946 0.19293160176256482 0.082652679587317049 0.098432714357713932 0.025852770551991821 0.1814602787872113 0.26399857989839759 -37.258940657439318 0.28898427976286861 0.039070850885441155 24.698329484460377 0.024097421767200772 0.066514653836660484 0.2238852791394175 0.20700019782722376 0.092297921168018729 0.3168280324219514 0.25155180533575605 0.10754621538816535
decision_type=2 2 2 2 2 2 2 2 2 2 2 2 2 2 2 2 2 2 2 2 2 2 2 2 2 2 2 2 2 2
left_child=1 -1 3 4 7 -6 -7 -3 9 10 -4 12 -10 19 15 -15 -17 18 -16 20 21 22 -13 -14 25 -18 -27 28 -26 -30
right_child=-2 2 8 -5 5 6 -8 -9 11 -11 -12 13 23 14 17 16 24 -19 -20 -21 -22 -23 -24 -25 27 26 -28 -29 29 -31
leaf_value=-0.02458758620118074 0.024640591052083025 0.010713493558415846 -0.00071456240821769778 0.012293291917077979 -0.012302379529801491 -0.012302379529801491 0.012293291917077979 -0.012302379529801491 0.012293291917077979 -0.012302379529801491 0.0066314893413369456 -0.012302379529801491 0.012293291917077979 0.0081277095642351138 -0.012302379529801491 0.012293291917077979 0.012293291917077979 -0.0083621118073696592 0.011072091559219049 -0.012302379529801491 -0.0064140344807341572 0.012293291917077979 0.0061949933248715856 -0.011637064942378378 -0.012302379529801491 -0.012302379529801491 0.008981251227133169 0.012293291917077979 0.012293291917077979 -0.012302379529801491
leaf_weight=141.03025357192382 141.15612957067788 2422.6570321870968 56096.104391994886 1170.467992390506 1781.6400689668953 307.17008337471634 425.5932694580406 240.28908969089389 622.58406634163111 3794.6182477027178 4242.1071084779687 249.18748386576772 327.9887166749686 1730.7912550512701 363.02006499841809 264.52459740638733 565.22355560678989 953.75121109839529 4873.7197156352922 445.1851293980144 773.88519039470702 3758.2326018190943 1202.3981218747795 2889.2506751604378 3069.2594735156745 1028.6904568783939 572.49167883116752 108.2205709470436 369.04026159923524 618.34976228326559
leaf_count=11659 9942 14689 338829 6915 10630 1989 2539 1426 3455 22509 25406 1467 1805 10593 2145 1612 3223 5529 29320 2704 4638 23541 7263 17347 18163 6296 3465 697 2187 3623
internal_value=-1.70103e-05 -5.40072e-05 -1.71729e-05 0.00346115 0.00065825 -0.00715505 0.0064461 0.00803555 -0.000265559 -0.001055 -0.000197892 0.00177704 -0.00502224 0.00302384 0.000787385 -0.00346834 -0.00651278 0.00651087 0.0092218 0.00807218 0.00966636 0.0120565 9.66947e-05 -0.00891212 -0.00791043 -0.000411954 -0.00830758 -0.0118088 -0.0123024 0.000762478
internal_weight=95548.6 95407.5 95266.4 6347.82 5177.35 2514.4 732.763 2662.95 88918.6 64132.8 60338.2 24785.8 3839.82 20946 14517.1 8326.59 6595.8 6190.49 5236.74 6428.89 5983.7 5209.82 1451.59 3217.24 6331.28 2166.41 1601.18 4164.87 4056.65 987.39
internal_count=595606 585664 574005 38188 31273 15158 4528 16115 535817 386744 364235 149073 22607 126466 86853 49859 39266 36994 31465 39613 36909 32271 8730 19152 37654 12984 9761 24670 23973 5810
is_linear=0
shrinkage=0.03


Tree=177
num_leaves=31
num_cat=0
split_feature=1 5 5 2 2 2 0 2 3 9 6 3 6 6 0 10 20 6 0 0 0 6 6 9 23 11 0 14 2 2
split_gain=101.8 186.174 176.656 117.775 111.791 95.7991 85.2406 79.4309 97.3813 77.4772 73.2434 63.7595 62.9137 53.3829 89.349 68.2764 52.6499 48.5166 137.247 41.636 41.1667 39.8189 35.2315 47.452 42.5587 38.0907 31.8201 29.0427 28.7298 27.6929
threshold=1.0000000180025095e-35 1.0000000180025095e-35 1.0000000180025095e-35 1.0000000180025095e-35 1.5000000000000002 1.5000000000000002 7.5000000000000009 1.5000000000000002 1.0000000180025095e-35 1.5000000000000002 -1.0000000180025095e-35 1.0000000180025095e-35 2.5000000000000004 -1.0000000180025095e-35 8.5000000000000018 2.5000000000000004 1.0000000180025095e-35 1.0000000180025095e-35 8.5000000000000018 7.5000000000000009 3.5000000000000004 1.0000000180025095e-35 -1.4999999999999998 4.5000000000000009 0.044700057726826073 -74.452390274339777 9.5000000000000018 0.045150344511471062 1.0000000180025095e-35 1.0000000180025095e-35
decision_type=2 2 2 2 2 2 2 2 2 2 2 2 2 2 2 2 2 2 2 2 2 2 2 2 2 2 2 2 2 2
left_child=1 3 7 11 6 20 28 8 13 10 -5 26 22 14 27 21 -14 -9 -19 -13 -4 -15 23 -11 25 -25 -1 -2 -3 -22
right_child=2 4 5 9 -6 -7 -8 17 -10 12 -12 19 16 15 -16 -17 -18 18 -20 -21 29 -23 -24 24 -26 -27 -28 -29 -30 -31
leaf_value=0.001259769389010057 -0.0011058473691496166 0.014938724199522975 -0.0058297706988108293 -0.02215376950007019 0.0020043142030425377 -0.0021377903213929163 0.024946664251699557 0.00057039976266158956 -0.0039893712164850315 -0.014302790938548403 -0.00025701444262896952 0.0047828075158827489 0.01199588516009013 0.0045613275665634884 -0.014491976834157011 0.00040060384776478283 0.0023317429403599487 0.0029812337698022395 0.026222102439980213 0.014580828709412855 -0.02093232064207003 0.022643795183076573 -0.00037414439157811095 -0.025696000529786232 -0.021194068067320278 -0.0018199776067458725 0.013794195800931931 -0.013197262040955159 0.0065883511979761998 -0.011466177370868264
leaf_weight=12102.401654311921 6241.3956877081655 529.95500629581511 878.14740480203182 292.66758846491575 2026.4085246478207 2178.4409685856663 367.88847918529063 10350.006725393236 8293.1192206908017 324.40770576847717 257.82567363977432 3025.5369077879004 665.84287660615519 260.32386846840382 508.61155925225466 15987.544791998807 731.37085898406804 2842.6696426095441 246.78082429151982 447.11088575795293 390.48640236025676 188.96180306468159 19379.527298750356 58.334549676161259 104.33004800789058 4225.7470547887497 183.09281100146472 182.0837119310163 1248.3817385849543 1007.312708589714
leaf_count=74592 40275 3196 4200 4252 13550 13875 2975 56754 50817 6600 1068 17450 18656 1071 6778 88304 8548 23333 4081 4071 2793 3099 92004 761 736 33953 994 1440 7832 7086
internal_value=3.48717e-06 0.00102027 -0.000939742 0.000416913 0.00706115 -0.00663789 0.0118294 -0.000376703 -0.00119693 -0.000821881 -0.0119364 0.00246384 -0.000580925 -0.000205696 -0.00241321 0.000725485 0.00560351 0.00155556 0.00485344 0.00605199 -0.0109395 0.0122331 -0.000940021 -0.00326581 -0.00244377 -0.00197747 0.00144879 -0.0014526 0.0090908 -0.0141367
internal_weight=95526.7 45970.8 49555.9 41798.2 4172.63 4454.39 2146.23 45101.5 31662 26040.1 550.493 15758.1 25489.6 23368.9 6932.09 16436.8 1397.21 13439.5 3089.45 3472.65 2275.95 449.286 24092.3 4712.82 4388.41 4284.08 12285.5 6423.48 1778.34 1397.8
internal_count=595144 291238 303906 263685 27553 27954 14003 275952 191784 166578 5320 97107 161258 140967 48493 92474 27204 84168 27414 21521 14079 4170 134054 42050 35450 34714 75586 41715 11028 9879
is_linear=0
shrinkage=0.03


Tree=178
num_leaves=31
num_cat=0
split_feature=14 15 17 15 12 12 17 17 17 17 12 17 15 12 12 17 6 12 6 10 14 12 15 15 12 15 15 17 17 14
split_gain=95.5268 184.138 261.841 269.05 161.782 155.726 134.738 147.092 134.315 156.355 129.342 114.038 194.411 178.091 218.278 96.3154 91.6616 91.5768 88.9938 141.639 79.6786 86.6475 95.2547 83.6289 167.503 289.215 138.218 101.214 188.981 160.312
threshold=0.046189505838202333 0.21827966470375729 0.035198913656044176 0.22171717052132686 0.23917630935371295 0.25856907081559949 0.034054430963169881 0.033527550616386563 0.022954179582427427 0.028309267655763398 0.23393657488491945 0.02492183039035099 0.20133451414436612 0.19077163594780408 0.22460005089357502 0.032741798698029539 -7.4999999999999991 0.20844547975655575 2.5000000000000004 4.5000000000000009 0.039910738875756545 0.25901650212964061 0.19991517580852033 0.1897131302834851 0.25310080527486795 0.16946623355140336 0.18744667246754027 0.043810643592892946 0.036339846752258854 0.021116726575332433
decision_type=2 2 2 2 2 2 2 2 2 2 2 2 2 2 2 2 2 2 2 2 2 2 2 2 2 2 2 2 2 2
left_child=16 5 3 -3 -4 11 7 8 10 -10 17 -2 -13 -14 -15 -16 -1 -5 20 -20 23 -22 -23 24 -18 -26 -27 28 29 -25
right_child=1 2 4 6 -6 -7 -8 -9 9 -11 -12 12 13 14 15 -17 18 -19 19 -21 21 22 -24 27 25 26 -28 -29 -30 -31
leaf_value=-0.024347954840558295 0.011216100267013767 0.062585690706069577 0.015933768672698464 -0.00054063668113661569 0.076490768450305863 0.021168609588372762 -0.051856638904711601 0.046419289971997686 -0.030378008459135391 0.001025950422783244 -0.030379137914028593 -0.04647138916725925 0.038095442438882708 -0.037810873086341089 0.038996678381259864 -0.012784592442022782 0.0020672747662382448 0.053396698485670191 0.01993978777417978 0.0024628874964523063 0.0020672747662382448 0.0020672747662382448 -0.012092481058934776 0.0020672747662382448 0.0020672747662382448 -0.012092481058934776 0.0020672747662382448 -0.0061862957705812018 0.0020672747662382448 -0.001724392099846447
leaf_weight=135.51450374955311 83.207762555684894 47.002219176851213 159.81720829196274 48.091063582804054 51.54756273329258 83.543824123684317 61.265259524807334 42.950406112708151 313.78441377915442 260.0746184582822 39.854954922571778 251.67186945164576 51.76304923184216 230.12308820802718 57.614259256049991 69.0603755149059 7591.1695670615882 66.807115744799376 461.03063679672778 4239.6859261216596 7116.6800507414155 153.18650530744344 489.50097176060081 3817.0476372614503 453.0502184284851 1420.0176319619641 125.66469869762659 2896.6781240776181 12301.339792187326 52362.876072512008
leaf_count=11362 646 318 1014 348 253 653 354 299 2192 1745 385 1722 340 1308 413 410 40614 481 20122 70448 38907 864 2639 20524 2507 7707 654 15670 66282 284099
internal_value=-8.96205e-06 -0.00663268 0.00146212 -0.00575607 0.0312809 -0.0172914 -0.00975376 -0.00628519 -0.00951059 -0.0161915 0.0151542 -0.0216585 -0.025823 -0.0129393 -0.0205143 0.0110067 0.000126972 0.031198 0.000162993 0.00418471 -5.01653e-05 0.00206727 -0.00938054 -0.000340829 0.00206727 -0.00662806 -0.0120925 -0.000695445 -0.000463014 -0.00122388
internal_weight=95481.6 1918.18 1091.19 879.83 211.365 826.984 832.828 771.563 728.612 573.859 154.753 743.44 660.233 408.561 356.798 126.675 93563.4 114.898 93427.9 4700.72 88727.2 7759.37 642.687 80967.8 9589.9 1998.73 1545.68 71377.9 68481.3 56179.9
internal_count=595280 12881 7389 6122 1267 5492 5804 5450 5151 3937 1214 4839 4193 2471 2131 823 582399 829 571037 90570 480467 42410 3503 438057 51482 10868 8361 386575 370905 304623
is_linear=0
shrinkage=0.03


Tree=179
num_leaves=31
num_cat=0
split_feature=11 15 13 16 14 6 10 16 16 13 15 11 15 13 17 17 16 6 17 15 14 15 16 16 14 11 16 16 14 14
split_gain=97.2404 196.603 116.218 171.705 274.279 103.148 102.404 95.1802 283.174 186.819 153.985 172.92 171.71 237.865 188.388 136.66 135.334 117.118 98.31 104.825 119.002 96.3281 86.2922 80.2567 146.191 112.157 90.8756 74.1604 71.8024 182.01
threshold=-68.910543978746759 0.18223695970833351 0.083037123594547055 0.095716846762479948 0.033332971543466698 3.5000000000000004 7.5000000000000009 0.098583821318967771 0.09636592536254697 0.098989905815499143 0.21378723855938986 55.850948040450369 0.24313456874857453 0.088209982858439076 0.021796137765327146 0.020900040852416275 0.095006007092879791 1.0000000180025095e-35 0.038279170691366972 0.2638666867191472 0.026529478700380939 0.20356018140213045 0.086495951348515787 0.090074318676176088 0.035745485826124614 -74.452390274339777 0.099944030461381297 0.078751885362903548 0.023288884348807749 0.021116726575332433
decision_type=2 2 2 2 2 2 2 2 2 2 2 2 2 2 2 2 2 2 2 2 2 2 2 2 2 2 2 2 2 2
left_child=1 -1 3 4 -3 7 -7 8 9 10 11 22 -12 14 -14 -9 -11 -16 19 28 -21 -20 -2 -4 25 26 -25 -13 29 -17
right_child=5 2 23 -5 -6 6 -8 15 -10 16 12 27 13 -15 17 18 -18 -19 21 20 -22 -23 -24 24 -26 -27 -28 -29 -30 -31
leaf_value=-0.05847083400176873 -0.0033317798907722272 -0.0033317798907722272 -0.0033317798907722272 -0.0033317798907722272 -0.05726328487389639 0.018873848013416246 0.0034437276493721049 -0.0033317798907722272 -0.0033317798907722272 -0.0033317798907722272 0.0034437276493721049 0.0034437276493721049 0.0034437276493721049 0.0034437276493721049 -0.0033317798907722272 0.0034437276493721049 0.0034437276493721049 0.0034437276493721049 0.0034437276493721049 0.0034437276493721049 -0.0033317798907722272 -0.0033317798907722272 -0.00027365726032947593 -0.051570183453394369 -0.0033317798907722272 -0.0033317798907722272 -0.019694516831032016 -0.00027365726032947593 0.0034437276493721049 -0.0033317798907722272
leaf_weight=62.030748561024666 5709.812186839059 104.89286105288193 828.4354459811002 145.9562619952485 173.56368803419173 484.81993817491457 1527.9039497701451 1406.8531856341287 4004.3653317429125 15520.976902680472 16655.432478738017 1916.2678908174857 997.50417160941288 4764.2224229653366 6646.9299521786161 937.22404555324465 1147.928880778607 2011.9557175673544 1044.1550942910835 1026.967150981538 2572.9572868822142 2666.8668140801601 2928.7619925104082 157.16071190405637 170.04663178278133 48.647557012736797 136.47294804872945 3588.3462425759062 15030.754684208427 989.2943744356744
leaf_count=351 31968 784 5426 921 1059 26617 33547 8200 22611 89729 94284 10938 5629 27058 37707 5279 6330 12986 6115 6044 14655 15336 16692 1150 1113 291 950 21211 84689 5550
internal_value=2.64223e-05 -0.00682388 -0.00494481 -0.0193358 -0.0339995 0.000160321 0.00687487 1.25834e-05 -0.000591174 0.0001489 0.00114964 -0.00144523 0.00233062 -0.000215032 -0.00304913 0.00156199 -0.0025657 -0.00333178 0.00218237 0.00299362 -0.0017865 -0.00231072 -0.00333178 -0.00333178 -0.0161155 -0.0283591 -0.0360573 0.00278447 0.00344373 -0.00258338
internal_weight=95407.5 1827.21 1765.18 424.413 278.457 93580.3 2012.72 91567.6 65892.5 61888.1 45219.2 14143.2 31076 14420.6 9656.39 25675.1 16668.9 8658.89 24268.2 20557.2 3599.92 3711.02 8638.57 1340.76 512.328 342.281 293.634 5504.61 16957.3 1926.52
internal_count=595220 12045 11694 2764 1843 583175 60164 523011 377143 354532 258473 80809 177664 83380 56322 145868 96059 50693 137668 116217 20699 21451 48660 8930 3504 2391 2100 32149 95518 10829
is_linear=0
shrinkage=0.03


Tree=180
num_leaves=31
num_cat=0
split_feature=12 16 17 16 17 16 12 11 16 14 17 12 15 12 12 12 12 17 15 15 16 12 16 17 11 12 14 12 14 17
split_gain=89.0429 90.4994 224.43 352.8 350.181 193.665 203.866 236.133 123.313 329.904 188.608 190.702 124.206 288.024 163.731 129.442 221.448 219.14 241.427 265.285 311.173 206.204 164.106 154.608 149.082 171.898 140.829 293.633 165.639 165.7
threshold=0.34356646944828623 0.054407150276939313 0.02658739304935645 0.047906309480878075 0.024729692324827437 0.047906309480878075 0.21538793646965534 31.514866981957883 0.056331779331570728 0.02529097855196839 0.031875518532518889 0.23804223341092137 0.29980001134559903 0.17647723953144479 0.1722260683451757 0.21911681860361193 0.21997751829831394 0.029171762440937107 0.30472016658507695 0.31309737318105751 0.10781944949461846 0.26544145962544713 0.084646307469573662 0.034760362366509791 -1.168135070006201 0.2543436421947029 0.036087557309572561 0.19938557364591061 0.03094083008848959 0.032329466414898263
decision_type=2 2 2 2 2 2 2 2 2 2 2 2 2 2 2 2 2 2 2 2 2 2 2 2 2 2 2 2 2 2
left_child=1 2 3 -1 -5 -4 -7 -8 9 -3 11 -11 -10 14 -14 26 -17 24 -19 20 21 -20 23 -21 25 -18 28 -28 29 -15
right_child=-2 8 5 4 -6 6 7 -9 12 10 -12 -13 13 15 -16 16 17 18 19 22 -22 -23 -24 -25 -26 -27 27 -29 -30 -31
leaf_value=0.062804789309422515 0.017524540373803379 -0.06775455102981634 -0.024664840353217043 0.04169413376454139 -0.057009836709703929 0.057839061625357367 -0.030473715766044043 0.048437649337132134 7.6604763096572721e-05 -0.041853968121408749 0.040082530859316783 0.014322966212036766 0.0024476516224504396 -0.0026876690922607318 0.059224058672092683 0.052912893342326434 -0.047368152348702543 -0.026036318258044658 0.065826798088971711 0.020905434727786394 -0.013424613757208863 0.00031712890109494439 -0.044546149795888668 -0.027305691256592431 -0.0060418626453120653 -0.017602351945956562 0.027501671618734923 -0.027499957723328656 -0.040191641949825337 -0.037866696650705217
leaf_weight=147.72389303473756 255.90696809254587 87.166846238076687 196.90213742293417 66.106604566797614 59.636080297641456 69.42774061858654 98.791736770886928 49.611731187440455 90633.624445897527 114.376146055758 70.976699849590659 100.64303214289248 91.365311125293374 429.34035853855312 89.84781295247376 59.577792445197701 228.34766578162089 161.47511638514698 189.04367621988058 197.54082460375503 91.875150420702994 55.921989554539323 68.961967684328556 83.59788027452305 809.02071644971147 134.50343062216416 178.14738343004137 167.59900445630774 291.44427784625441 165.70897670648992
leaf_count=908 2074 558 1319 447 425 419 720 347 565155 713 516 590 536 2751 479 328 1497 1022 1112 1187 571 293 421 478 4772 841 1171 1073 1891 1002
internal_value=-7.90783e-05 -0.000126772 0.010697 0.0316886 -0.00527793 -0.00323018 0.0161932 -0.0038001 -0.00020582 -0.0173712 -0.00165127 -0.0156698 -0.000137401 -0.00568662 0.0309373 -0.00770787 -0.00313718 -0.00484077 0.00676225 0.0145252 0.0334491 0.0509956 -0.00376854 0.00647802 -0.0132384 -0.0291628 -0.015405 0.000835059 -0.0217265 -0.0125783
internal_weight=95444.2 95188.3 688.2 273.467 125.743 414.733 217.831 148.403 94500.1 373.163 285.996 215.019 94126.9 3493.32 181.213 3312.11 2079.87 2020.29 848.417 686.941 336.841 244.966 350.101 281.139 1171.87 362.851 1232.24 345.746 886.494 595.049
internal_count=595616 593542 4585 1780 872 2805 1486 1067 588957 2377 1819 1303 586580 21425 1015 20410 12522 12194 5084 4062 1976 1405 2086 1665 7110 2338 7888 2244 5644 3753
is_linear=0
shrinkage=0.03


Tree=181
num_leaves=31
num_cat=0
split_feature=14 16 17 17 6 10 6 9 16 13 16 15 17 17 16 16 17 14 17 14 16 16 16 17 17 14 14 11 16 13
split_gain=96.678 251.644 317.028 122.011 92.9784 141.466 83.2595 110.833 79.2784 72.3817 133.338 90.4241 86.3075 110.017 67.231 168.542 139.707 121.317 70.4056 60.9676 107.135 58.792 58.4727 53.0309 52.1901 102.875 97.2461 148.542 60.4247 43.954
threshold=0.015950891760879205 0.088519783588357895 0.030073971235038976 0.029941720801813763 2.5000000000000004 6.5000000000000009 -3.4999999999999996 7.5000000000000009 0.064847045370592285 0.092942709985358959 0.11170627670500309 0.28320149262956057 0.036339846752258854 0.039431741436611399 0.081158548669436767 0.084912013066054864 0.041586715133523515 0.041318156631788373 0.022292451883402249 0.02593444634107642 0.09636592536254697 0.095502388906850602 0.081842321289748873 0.022954179582427427 0.028544756975185503 0.03264037195810051 0.029321274200808437 -6.0994583297768932 0.10369856243219634 0.087390145524346693
decision_type=2 2 2 2 2 2 2 2 2 2 2 2 2 2 2 2 2 2 2 2 2 2 2 2 2 2 2 2 2 2
left_child=1 2 -1 -3 6 -6 7 -2 -9 11 12 14 24 -14 -8 -16 17 18 -17 20 22 -5 -7 -13 25 26 27 -11 -27 -19
right_child=4 3 -4 21 5 19 9 8 -10 10 -12 23 13 -15 15 16 -18 29 -20 -21 -22 -23 -24 -25 -26 28 -28 -29 -30 -31
leaf_value=0.023631301498533454 -0.016234682865290732 0.0098492053631387428 -0.068838596827827267 0.077371763869271998 0.015105717716929409 0.0076725874807308846 0.0018827754225439932 -0.023450059211535743 -0.0025062909968055738 -0.0025062909968055738 0.0018827754225439932 0.0018827754225439932 0.0018827754225439932 -0.0025062909968055738 -0.0025062909968055738 -0.0025062909968055738 -0.0025062909968055738 -0.0025062909968055738 0.0018827754225439932 0.0018827754225439932 0.0018827754225439932 0.034956571166494553 0.026551071972342712 -0.0025062909968055738 -0.0025062909968055738 0.0018827754225439932 -0.0025062909968055738 0.0018827754225439932 -0.0025062909968055738 0.0018827754225439932
leaf_weight=72.454195415601134 630.5245837662369 112.56447714008391 58.72058994974941 51.514913087710738 852.19928071065806 278.22745013423264 14645.255990259349 161.05109141627327 2527.5904928795062 1441.1060044020414 3538.5381537266076 536.3318712040782 3474.7929620482028 4188.5801917389035 3980.1692827884108 2487.3216896615922 2192.7012538276613 1704.4805156625807 20940.974513951689 3067.0916810045019 260.09330223267898 80.272422665730119 318.15276985289529 3034.1550755538046 13466.382601639256 3545.0490189325064 2484.9991440549493 4003.4130126535892 690.3565511032939 615.52069628611207
leaf_count=509 27659 658 366 354 34481 4193 72551 2950 39003 7297 17508 2742 17067 21032 19662 12280 11067 8508 104073 44373 4115 507 5094 15455 66368 17477 12101 19708 3457 3026
internal_value=1.1587e-05 0.0151629 -0.0181751 0.033062 -4.85816e-05 0.00402995 -0.000264396 -0.00492621 -0.00250629 -8.63711e-05 -0.00109608 0.000655427 -0.00178068 0.00101822 0.00103076 0.00016388 0.00117804 0.00188278 0.00188278 0.00188278 0.00989814 0.0524452 0.0177988 -0.00250629 -0.00250629 -0.000534577 -0.00250629 0.00150709 0.00188278 -0.00250629
internal_weight=95440.6 375.527 131.175 244.352 95065.1 4775.76 90289.3 3319.17 2688.64 86970.1 36833.2 50136.9 33294.7 7663.37 46566.4 31921.2 27941 25748.3 23428.3 3923.57 856.474 131.787 596.38 3570.49 25631.3 12164.9 7929.52 5444.52 4235.41 2320
internal_count=595641 2394 875 1519 593247 92256 500991 69612 41953 431379 182015 249364 164507 38099 231167 158616 138954 127887 116353 57775 13402 861 9287 18197 126408 60040 39106 27005 20934 11534
is_linear=0
shrinkage=0.03


Tree=182
num_leaves=31
num_cat=0
split_feature=6 6 1 5 5 2 2 4 2 2 4 9 0 3 6 15 11 14 4 6 0 0 14 3 6 6 21 0 23 0
split_gain=88.6848 87.823 82.8622 202.234 135.73 129.332 107.661 110.121 88.8213 73.5138 88.1915 66.3675 42.7531 39.7177 43.6959 39.8357 40.576 42.2603 37.7514 45.6936 133.704 49.6752 37.7508 37.294 35.2565 34.4974 34.3865 32.596 32.5602 32.2182
threshold=-7.4999999999999991 7.5000000000000009 1.0000000180025095e-35 1.0000000180025095e-35 1.0000000180025095e-35 1.5000000000000002 1.0000000180025095e-35 1.0000000180025095e-35 1.5000000000000002 1.0000000180025095e-35 1.0000000180025095e-35 1.5000000000000002 9.5000000000000018 1.0000000180025095e-35 -2.4999999999999996 0.23913086926274743 58.260641633103553 0.03264037195810051 1.0000000180025095e-35 1.0000000180025095e-35 8.5000000000000018 8.5000000000000018 0.036087557309572561 1.0000000180025095e-35 -1.0000000180025095e-35 -1.0000000180025095e-35 0.24319711802953689 2.5000000000000004 0.018325953122213096 2.5000000000000004
decision_type=2 2 2 2 2 2 2 2 2 2 2 2 2 2 2 2 2 2 2 2 2 2 2 2 2 2 2 2 2 2
left_child=-1 2 3 6 9 29 7 23 27 10 -4 25 18 14 -13 16 -16 -18 19 21 -21 -11 -19 -2 -23 -8 -17 -6 -28 -5
right_child=1 -3 4 5 8 -7 11 -9 -10 12 -12 13 -14 -15 15 26 17 22 -20 20 -22 24 -24 -25 -26 -27 28 -29 -30 -31
leaf_value=-0.024084385965673218 0.00072544312046686087 0.023975334807219587 -0.0011839829482042505 0.0051082998154066504 -0.0040570228219224194 0.00182065810316559 -0.012003501952682093 0.010074474486867928 -0.0014665876142012245 0.00061953122397601719 -0.0086074220411170212 -0.0066831527903557153 0.011288904224248776 0.00097799175821743317 -0.0034565957780305656 0.0054307105374105172 -0.0013109234007265284 0.01200897524679371 -0.0018445640797945084 0.0018207652310901798 0.01200897524679371 -0.012003501952682093 0.00017555543536397616 0.0046037585820669167 0.00022279768383095443 -0.00092051250801501521 0.01200897524679371 -0.012003501952682093 -0.00072443075690386128 0.01200897524679371
leaf_weight=134.91748962504789 11462.713908558246 136.19682955974713 15090.074565129355 621.45230982638896 619.62319915741682 2014.4385800985619 283.14221913879737 1479.8140115449205 2172.0993039025925 16349.025069161784 1590.437985049095 1346.5605133692734 332.08144620526582 8910.2019821116701 6820.5745462579653 1220.4288102667779 1865.3956299917772 453.0034653567709 5081.2500346829183 5110.9895063154399 412.17640875512734 480.91149213863537 476.19945900235325 2769.2456067739986 363.53247162699699 255.56460519880056 110.53276690654457 1656.1251688762568 4142.8840350024402 1506.673595183529
leaf_count=11766 68365 10107 88510 3120 2841 12983 3816 8905 13323 82175 8997 16331 1773 54872 36985 8051 11939 2885 30631 39804 6429 6000 2841 16624 1503 1058 619 10816 20708 10346
internal_value=4.26596e-05 7.73821e-05 4.26157e-05 0.000962073 -0.00081115 0.0072816 0.000332392 0.00229122 -0.00580836 -0.000314895 -0.00189273 -0.00085669 0.0006208 -0.000634773 -0.00150911 -0.00104655 -0.00220943 0.000834749 0.000492553 0.00101543 0.00338882 0.000252713 0.00608329 0.00148062 -0.00683383 -0.0112568 0.000996178 -0.00994746 -0.000278173 0.012009
internal_weight=95268.3 95133.3 94997.2 45738.8 49258.3 4142.56 41596.3 15711.8 4447.85 44810.5 16680.5 25884.5 28130 25345.8 16435.6 15089 9615.17 2794.6 27797.9 22716.6 5523.17 17193.5 929.203 14232 844.444 538.707 5473.85 2275.75 4253.42 2128.13
internal_count=595123 583357 573250 280448 292802 26449 253999 93894 26980 265822 97507 160105 168315 155231 100359 84028 54650 17665 166542 135911 46233 89678 5726 84989 7503 4874 29378 13657 21327 13466
is_linear=0
shrinkage=0.03


Tree=183
num_leaves=31
num_cat=0
split_feature=1 5 5 2 2 2 4 2 0 9 6 3 6 9 0 3 0 4 6 10 0 6 9 0 6 2 0 2 17 21
split_gain=86.2488 194.143 148.48 148 105.196 92.1968 85.7929 79.8236 70.227 68.155 71.0492 62.9905 56.0699 50.1258 47.4119 42.484 41.6481 46.1709 51.8071 182.52 51.6468 40.2894 38.4631 37.0515 34.0557 30.9142 29.0902 29.0039 28.5975 28.2967
threshold=1.0000000180025095e-35 1.0000000180025095e-35 1.0000000180025095e-35 1.5000000000000002 1.0000000180025095e-35 1.5000000000000002 1.0000000180025095e-35 1.0000000180025095e-35 7.5000000000000009 1.5000000000000002 -1.0000000180025095e-35 1.0000000180025095e-35 2.5000000000000004 10.500000000000002 6.5000000000000009 1.0000000180025095e-35 9.5000000000000018 1.0000000180025095e-35 1.0000000180025095e-35 4.5000000000000009 8.5000000000000018 -2.4999999999999996 10.500000000000002 7.5000000000000009 -1.0000000180025095e-35 1.5000000000000002 3.5000000000000004 1.0000000180025095e-35 0.028109128409108449 0.29444821494368767
decision_type=2 2 2 2 2 2 2 2 2 2 2 2 2 2 2 2 2 2 2 2 2 2 2 2 2 2 2 2 2 2
left_child=1 4 7 8 6 14 29 11 -3 10 -6 -2 15 -14 -4 21 17 18 20 -20 26 22 -11 -8 -22 -19 -9 -16 -23 -1
right_child=2 3 5 -5 9 -7 23 16 -10 12 -12 -13 13 -15 27 -17 -18 25 19 -21 24 28 -24 -25 -26 -27 -28 -29 -30 -31
leaf_value=0.0018580827793875771 -0.0010362637061304416 0.010120253607979489 -0.0075826806193762808 0.0012913264903943373 -0.021585592369792819 -0.0016834019858043912 0.0064888884067698556 0.0018069556826114731 0.024588424514458907 -0.014697599396179808 0.00017741380883220983 -0.0055370023725966897 0.015125251955814009 0.00215644787160181 -0.027460326244001198 0.00075631984835393211 0.011188511261257986 -0.0046827391620208941 0.018756005630066734 0.0019288698857102815 -0.012202832501138757 0.00040633195903766255 -0.0040923362343387544 0.017713802277974335 -7.5490335776498373e-05 1.2171625220785943e-05 -0.00072652575221127244 -0.013143204404355372 -0.0024015435051047709 -0.0041391562748021651
leaf_weight=13492.690038143657 13188.022382883821 1782.2840400799178 1638.2530793985352 2028.2546952471603 285.80033464822918 2188.8711847937666 1130.7018563528545 8826.7671116162091 363.63622001279145 394.49604504648596 254.24570159614086 3551.0417637000792 345.55932184285484 1023.4240806126036 179.13945764023811 8422.5360924610868 329.82484337873757 2275.5093108504079 632.58706970978528 4919.7221662569791 479.35466125048697 5040.9312494508922 987.48319858685136 345.60341331921518 367.56194245815277 2831.5657974248752 7580.3852628092282 461.38099825102836 9258.8187051657587 745.42568098194897
leaf_count=83269 79303 11081 8838 13596 4267 13975 6696 38704 2967 9180 1055 21729 12453 14719 1526 46869 1760 14127 10427 38351 6664 24282 9294 2469 1520 17879 45505 3810 44829 4596
internal_value=9.17772e-07 0.000937382 -0.000868357 0.00710448 0.000320154 -0.00608328 0.00225801 -0.000350164 0.0125926 -0.000850575 -0.011377 -0.0019916 -0.000626533 0.00527501 -0.0103044 -0.000962116 0.000622747 0.000497109 0.0010745 0.00359449 0.000263247 -0.00188505 -0.00677288 0.00913705 -0.00695214 -0.00208071 0.000636498 -0.0172204 -0.0014118 0.00154356
internal_weight=95351.9 45901.9 49450 4174.17 41727.7 4467.64 15714.4 44982.3 2145.92 26013.3 540.046 16739.1 25473.2 1368.98 2278.77 24104.3 28243.3 27913.5 22806.4 5552.31 17254.1 15681.7 1381.98 1476.31 846.917 5107.08 16407.2 640.52 14299.7 14238.1
internal_count=595740 291622 304118 27644 263978 28149 97030 275969 14048 166948 5322 101032 161626 27172 14174 134454 174937 173177 141171 48778 92393 87585 18474 9165 8184 32006 84209 5336 69111 87865
is_linear=0
shrinkage=0.03


Tree=184
num_leaves=31
num_cat=0
split_feature=16 17 17 15 13 13 16 14 12 13 13 12 15 12 12 16 12 12 13 14 13 14 13 13 13 14 16 16 13 13
split_gain=87.1186 218.487 166.325 208.283 160.106 133.17 132.343 305.415 158.115 242.831 181.153 105.748 111.047 188.706 166.458 186.583 183.662 127.82 257.159 248.962 348.609 312.064 416.445 226.378 335.8 249.228 290.179 314.75 245.112 305.639
threshold=0.054407150276939313 0.02658739304935645 0.030305105839735561 0.23563243008612575 0.084757877149286315 0.10635831078337207 0.056331779331570728 0.02529097855196839 0.23464919088815003 0.087222503678209759 0.089266260033430078 0.34356646944828623 0.29568377261519452 0.17647723953144479 0.1722260683451757 0.10429575840378651 0.16752277527482809 0.20594078473948416 0.10880267205346288 0.036507715603152462 0.10085675053114554 0.033456277760038837 0.11896483077371138 0.087856220609525609 0.085593441751613333 0.024653516358932443 0.11560595657585908 0.10574614849159464 0.07251634321112041 0.061390305033968154
decision_type=2 2 2 2 2 2 2 2 2 2 2 2 2 2 2 2 2 2 2 2 2 2 2 2 2 2 2 2 2 2
left_child=1 4 3 5 -1 -3 7 -2 10 -10 -9 12 -8 14 16 -16 -14 19 23 20 -15 22 -22 24 25 -19 27 28 29 -27
right_child=6 2 -4 -5 -6 -7 11 8 9 -11 -12 -13 13 17 15 -17 -18 18 -20 -21 21 -23 -24 -25 -26 26 -28 -29 -30 -31
leaf_value=-0.004722173042050421 -0.066168687026807338 -0.035157831914603088 0.033754382052114611 0.032295078684795961 0.045785103757057091 0.016184385880502628 0.0002101385688783888 0.019807727388640613 -0.024386674594043097 0.057962364817513629 -0.047738775404672175 0.019983156452386047 0.027745757410483674 -0.042025795123658088 0.068679523012742369 0.0024973611788389892 -0.038341634560074361 -0.028051744189375984 -0.026262834318765985 0.0090682189393238976 0.044840176026570935 -0.060974020897340858 -0.051859519088623657 0.0095464772141977544 -0.0474937586318111 -0.025935007405415763 -0.056140577476911147 0.058870174265426005 -0.010136008763788628 0.045406361681052061
leaf_weight=78.624448510818183 87.590973646845669 213.34705965686589 86.944796286523342 72.444474854506552 195.49515682132915 56.358220122754574 89663.750068593305 54.980872533749789 55.913061134051532 71.380938787944615 95.516146474052221 236.65172333270311 74.999778223223984 429.89641136443242 85.328910801559687 68.618741409853101 72.469540883786976 266.66811438184232 384.97776200063527 254.67999179428443 149.1087275929749 53.395222101360559 52.698862849734724 1185.0915979323909 170.62416222551838 73.30943357758224 63.229805520735681 100.30706185102463 476.64653747994453 192.69497795170173
leaf_count=571 576 1495 611 473 1221 342 559672 355 400 397 634 2004 432 2847 426 420 399 1616 2498 1733 848 323 321 7098 1043 472 370 528 3114 1045
internal_value=4.6918e-05 0.010552 -0.00283042 -0.0122692 0.0313691 -0.0243891 -3.15425e-05 -0.0180023 -0.00245045 0.0219734 -0.023126 3.8651e-05 -1.20827e-05 -0.00480564 0.0179792 0.0395906 -0.00480946 -0.00659634 -0.00348795 -0.0162052 -0.0255995 0.00218277 0.0193275 -2.43686e-06 -0.00842726 -0.00267279 0.00484093 0.00953717 0.00273373 0.0256982
internal_weight=95123.7 703.214 429.095 342.15 274.12 269.705 94420.5 365.382 277.791 127.294 150.497 94055.1 93818.5 4154.75 301.417 153.948 147.469 3853.33 2913.55 939.779 685.099 255.203 201.808 2528.57 1343.48 1172.86 906.188 842.958 742.651 266.004
internal_count=594284 4713 2921 2310 1792 1837 589571 2362 1786 797 989 587209 585205 25533 1677 846 831 23856 17784 6072 4339 1492 1169 15286 8188 7145 5529 5159 4631 1517
is_linear=0
shrinkage=0.03


Tree=185
num_leaves=31
num_cat=0
split_feature=6 9 16 15 17 17 13 11 12 17 17 13 13 16 15 11 16 16 17 15 12 12 15 16 13 15 16 16 16 12
split_gain=83.2745 99.4853 90.649 190.112 127.859 127.164 190.642 111.996 81.1283 79.1858 186.947 270.141 242.987 241.782 261.63 171.541 166.702 164.835 137.319 321.496 102.624 249.98 102.7 104.123 100.146 210.268 134.879 95.5584 138.134 117.445
threshold=-3.4999999999999996 16.500000000000004 0.054407150276939313 0.23563243008612575 0.030397332095748204 0.02658739304935645 0.084757877149286315 -15.721178430402118 0.34356646944828623 0.021447580998683633 0.020900040852416275 0.10187718069533296 0.091478216377908178 0.086748081551235715 0.27182718911411924 61.019937405100116 0.062135475394648983 0.10735379037992425 0.017236706073630492 0.24975103256198714 0.20985664055418093 0.22069900095452202 0.23714280626028095 0.065639001563083124 0.08591333758486254 0.24401379695559214 0.10369856243219634 0.076520504883781384 0.10658427019918366 0.26620148334713573
decision_type=2 2 2 2 2 2 2 2 2 2 2 2 2 2 2 2 2 2 2 2 2 2 2 2 2 2 2 2 2 2
left_child=1 -1 3 4 5 6 -2 -5 9 10 12 15 13 14 16 27 -4 -17 19 -15 -18 -22 23 -23 -20 26 -26 -12 29 -29
right_child=2 -3 8 7 -6 -7 -8 -9 -10 -11 11 -13 -14 18 -16 17 20 -19 24 -21 21 22 -24 -25 25 -27 -28 28 -30 -31
leaf_value=-0.0094415725312377696 -0.0022125082996325607 -0.0022125082996325607 -0.0022125082996325607 0.0081935700336589982 0.041941694554360497 -0.0022125082996325607 0.04793854010824837 0.056138358637305763 0.018323657614889351 -0.00015454691179292969 -0.0022125082996325607 0.042760020816063851 -0.0022125082996325607 -0.0022125082996325607 -0.0022125082996325607 0.066433799836622037 0.052500365348118881 0.018070030695270949 -0.0022125082996325607 0.067658929824885389 -0.0022125082996325607 0.053575605526573256 0.057500585497974488 0.016564586177876043 -0.0022125082996325607 0.056565145642527626 0.039700743337844575 0.018070030695270949 -0.0022125082996325607 -0.0022125082996325607
leaf_weight=2082.9634853689931 60.933370682410896 1230.5497996769845 138.19774836674333 73.753999568521976 60.247748087160289 254.69946238212287 112.63486121408641 109.04965558415279 217.96355754090473 84970.2519244086 261.7754721166566 236.73876829911023 2263.4827142399736 153.4008559868671 351.94934383127838 81.702431781217456 172.89675107831135 71.499664371833205 991.73167575662956 83.617955754511058 56.629794411361217 90.550867271143943 126.6339634526521 275.29229110619053 116.26468398422003 80.599724253639579 67.246182415634394 281.28706900309771 126.05382822267711 63.36588229984045
leaf_count=56088 473 13794 755 470 378 1422 609 596 1889 484657 1510 1343 12886 917 1944 465 1043 494 5745 455 305 607 668 1690 586 402 400 1703 631 332
internal_value=3.8783e-05 -0.00463222 0.000207204 0.0111744 0.0013641 -0.00221251 0.023573 0.0370926 0.000126301 8.23428e-05 0.003386 0.0144323 0.000885743 0.00770792 0.0176497 0.00678118 0.0265738 0.0354314 -0.00037723 0.0209859 0.0323427 0.0258282 0.0342751 0.0259668 -0.00221251 0.0168166 -0.00106298 0.00070869 0.0117595 0.01807
internal_weight=95264 3313.51 91950.5 671.319 488.515 428.268 173.568 182.804 91279.1 91061.2 6090.92 1122.42 4968.49 2705.01 1212.15 885.684 860.201 153.202 1492.86 237.019 722.004 549.107 492.477 365.843 1255.84 264.111 183.511 732.482 470.707 344.653
internal_count=595257 69882 525375 3948 2882 2504 1082 1066 521427 519538 34881 6478 28403 15517 7012 5135 5068 959 8505 1372 4313 3270 2965 2297 7133 1388 986 4176 2666 2035
is_linear=0
shrinkage=0.03


Tree=186
num_leaves=31
num_cat=0
split_feature=6 14 12 15 15 6 16 12 15 17 16 13 12 17 11 17 12 11 17 17 17 14 12 12 17 17 12 16 15 11
split_gain=81.2075 81.2842 234.384 88.5096 87.047 77.9754 75.8665 116.409 71.7606 189.525 95.9106 142.647 79.8532 69.1773 214.844 215.598 210.355 145.039 125.76 136.412 118.838 111.976 158.776 195.981 103.078 99.3324 191.176 214.984 191.182 188.585
threshold=-5.4999999999999991 0.015950891760879205 0.24284419111600705 0.22332343537331442 0.2210096131543616 6.5000000000000009 0.13696017927960544 0.19837580344100617 0.17102959293316927 0.037505513252837727 0.09421799661484466 0.083663806194408219 0.22978657077781342 0.036339846752258854 -20.543649221516031 0.039431741436611399 0.26795006766098534 33.007801119298854 0.038797098986297802 0.036893356966599518 0.035943012384205435 0.02909007148606399 0.23540692146525047 0.20357694580367788 0.035808151243748497 0.029296644812658399 0.19837580344100617 0.11132124989002323 0.19757668204318282 102.90135118172408
decision_type=2 2 2 2 2 2 2 2 2 2 2 2 2 2 2 2 2 2 2 2 2 2 2 2 2 2 2 2 2 2
left_child=-1 2 4 -4 -2 6 8 -8 9 10 -3 -12 -11 20 -15 16 17 18 19 -16 24 -17 23 -23 25 -10 -27 29 -29 -28
right_child=1 5 3 -5 -6 -7 7 -9 13 12 11 -13 -14 14 15 21 -18 -19 -20 -21 -22 22 -24 -25 -26 26 27 28 -30 -31
leaf_value=-0.011619157178591142 0.032337637569744268 0.0089364618401777222 0.0052667090507860182 0.053285127245027805 -0.0057727931018628628 0.017895779287262225 -0.0057727931018628628 0.0089364618401777222 0.00042719034889956254 -0.0057727931018628628 0.0089364618401777222 -0.0057727931018628628 0.0089364618401777222 -0.0057727931018628628 0.0056192274920511291 -0.0016976218026443163 -0.0016976218026443163 0.0089364618401777222 0.0056192274920511291 -0.0016976218026443163 -0.0057727931018628628 -0.0016976218026443163 -0.0016976218026443163 0.0089364618401777222 0.0089364618401777222 -0.0057727931018628628 -0.0022133934477816981 -0.0057727931018628628 0.0089364618401777222 0.0089364618401777222
leaf_weight=535.61282489867881 52.993060611188412 1212.3186708800495 48.646689590066671 121.33526459522545 139.6343958247453 217.0796154816635 138.95751888304949 567.86956476746127 38718.321447518189 331.01409510243684 376.6336263641715 628.97757678758353 214.21589802671224 1946.1467972937971 581.70064217131585 4444.3493150947616 970.73158821975812 3666.8043298153207 617.2891373410821 1835.2783193970099 1430.6229753829539 1409.5959024131298 2330.9703060491011 2151.3754547247663 331.1442491505295 5414.0366279827431 21386.629041017033 283.44865649472922 1814.3260263302363 1146.7709329882637
leaf_count=29471 305 7789 281 821 823 16040 721 3431 223973 2035 2372 3627 1402 11283 3179 26283 5994 22057 3508 10384 8092 8237 13552 12855 1959 30693 123590 1663 10621 7449
internal_value=7.44893e-06 7.3571e-05 0.014211 0.0397639 -0.00577279 1.88309e-05 -2.28556e-05 0.00893646 -9.7464e-05 0.0046632 0.00880548 -0.00032981 -0.00577279 -0.00024295 0.00131646 0.00237755 0.00618701 0.00827308 0.00230199 -0.00169762 -0.000684189 -0.000450558 0.00275518 0.00684095 -0.000483288 -0.000577232 -0.00187154 -0.000717858 0.00846329 -0.00157326
internal_weight=95064.8 94529.2 362.609 169.982 192.627 94166.6 93949.5 706.827 93242.7 2763.16 2217.93 1005.61 545.23 90479.5 19954.2 18008.1 7671.8 6701.07 3034.27 2416.98 70525.3 10336.3 5891.94 3560.97 69094.7 68763.5 30045.2 24631.2 2097.77 22533.4
internal_count=594490 565019 2230 1102 1128 562789 546749 4152 542597 17225 13788 5999 3437 525372 117332 106049 45122 39128 17071 13563 408040 60927 34644 21092 399948 397989 174016 143323 12284 131039
is_linear=0
shrinkage=0.03


Tree=187
num_leaves=31
num_cat=0
split_feature=13 17 16 17 17 14 13 12 14 12 12 15 16 14 16 15 13 14 15 14 16 17 15 13 17 17 17 16 7 12
split_gain=84.9794 304.297 196.086 408.479 229.641 355.005 441.51 240.643 413.173 237.448 233.117 261.286 365.31 363.788 242.918 243.963 214.041 339.979 269.057 192.154 186.63 181.901 206.262 181.483 351.483 183.809 174.664 170.897 169.195 204.16
threshold=0.069849350354847531 0.017236706073630492 0.068618792067243056 0.026742662713572046 0.027060901387874769 0.040762966759796654 0.065414459373535336 0.20985664055418093 0.027307486615925067 0.28747602148034296 0.20268280974953554 0.20871311295451087 0.092548790276361606 0.031027887831235411 0.079910500461181075 0.24119882883712843 0.068975601527312067 0.028494146343434067 0.24936192789255246 0.021116726575332433 0.10070917174730779 0.023743910557468065 0.213143537653502 0.070463318302486325 0.036753405244583093 0.039854467449305035 0.034460705244934053 0.088365335268715831 2.5000000000000004 0.21233386750732905
decision_type=2 2 2 2 2 2 2 2 2 2 2 2 2 2 2 2 2 2 2 2 2 2 2 2 2 2 2 2 2 2
left_child=1 -1 3 19 5 6 9 8 -6 27 11 13 14 -10 15 -13 17 21 -18 -3 -14 -8 -23 24 28 -26 -5 -4 -2 -30
right_child=23 2 4 26 7 -7 16 -9 10 -11 -12 12 20 -15 -16 -17 18 -19 -20 -21 -22 22 -24 -25 25 -27 -28 -29 29 -31
leaf_value=0.039244183690453224 -0.0095781430688803328 0.064944232963975307 0.0037727610516848213 -0.032046735806669308 0.036017293420457723 -0.060607452563385691 0.019949023806611961 0.0096725641113132657 -0.057248894054268119 -0.061073131279973714 -0.029533434838671328 0.05801629096805791 0.056163151619339727 -0.0022474916448595316 -0.02063239956246414 -0.014710250872318892 -0.035877259134639947 0.033683260664864101 0.035340614632393873 0.0069111011358199796 0.013558668432971627 0.01835826735160092 -0.045472107367512581 -0.0001968031266551513 -0.085212467261757158 -0.021716330758193191 -0.0042352907318966111 -0.016994963142994843 0.11667802454109427 0.0038656951725902764
leaf_weight=196.81164872972295 547.59657937288284 67.90326976031065 562.1536897267215 486.82245626859367 220.64601818565279 94.528130762279034 156.45472000585869 4909.8718739664182 157.12581667909399 82.499636840075254 341.67050799215212 82.467955689877272 141.01057305559516 338.91338017769158 416.38264573691413 80.358076150529087 152.91314611770213 545.91389683354646 67.172348644584417 195.67463574977592 267.44940837100148 68.850406832993031 127.72062541265041 83313.744774250314 80.535630255006254 85.272019736468792 349.04407215537503 970.40609458182007 19.711156785488129 43.528024193830788
leaf_count=1226 2618 353 3710 2836 1366 687 1068 31370 963 578 2193 500 826 2196 2523 518 917 3302 451 1192 1518 406 711 520942 564 475 2098 6044 224 844
internal_value=-6.1069e-06 0.00246317 0.00179099 -0.0102102 0.00314132 -0.00406388 -0.00206607 0.00607164 -0.00257056 -0.0120949 -0.00726925 -0.00210937 0.00681245 -0.0198297 -0.00850508 0.0223812 0.0124041 0.0188898 -0.0140183 0.0222382 0.0284688 -0.00404749 -0.0231553 -0.00033154 -0.0147477 -0.0532055 -0.020471 -0.00938223 -0.00416898 0.0415274
internal_weight=95171.2 11080.8 10884 1099.44 9784.51 2828.61 2734.08 6955.9 2046.02 1615.06 1825.38 1483.71 987.669 496.039 579.209 162.826 1119.03 898.94 220.085 263.578 408.46 353.026 196.571 84090.4 776.643 165.808 835.867 1532.56 610.836 63.2392
internal_count=595219 69552 68326 6479 61847 17874 17187 43973 12603 10332 11237 9044 5885 3159 3541 1018 6855 5487 1368 1545 2344 2185 1117 525667 4725 1039 4934 9754 3686 1068
is_linear=0
shrinkage=0.03


Tree=188
num_leaves=31
num_cat=0
split_feature=12 15 12 17 14 14 14 11 16 17 12 16 13 15 17 13 13 13 14 12 17 16 17 12 13 12 16 14 11 16
split_gain=91.4628 80.0494 264.106 266.231 223.51 281.182 260.456 195.876 192.232 187.795 342.198 256.887 238.754 279.706 400.458 162.262 191.987 143.505 126.799 129.392 125.393 210.266 175.525 128.888 115.235 113.311 112.299 133.76 110.737 84.9808
threshold=0.34356646944828623 0.17102959293316927 0.24527906618580655 0.033892931397051095 0.023616218244913962 0.02490556823694632 0.021280648130550344 44.27313771073171 0.081683188098282913 0.037724632160133699 0.21382593673687181 0.08154427469898605 0.088715524689523609 0.16774043473970665 0.035123536656494349 0.08591333758486254 0.084654754554684977 0.098759188132145445 0.024209844687442781 0.25901650212964061 0.027866450289627739 0.11132124989002323 0.034460705244934053 0.20403576982637511 0.10904876957954064 0.2238852791394175 0.094635534745090663 0.032735980442094949 60.49824918041066 0.084754773995779048
decision_type=2 2 2 2 2 2 2 2 2 2 2 2 2 2 2 2 2 2 2 2 2 2 2 2 2 2 2 2 2 2
left_child=1 2 4 26 6 -6 -1 8 -5 12 -11 -12 15 14 17 16 20 28 -9 -20 21 -7 23 -22 -19 -25 -4 -28 -14 -3
right_child=-2 29 3 7 5 9 -8 18 -10 10 11 -13 13 -15 -16 -17 -18 24 19 -21 22 -23 -24 25 -26 -27 27 -29 -30 -31
leaf_value=-0.019661501225922712 0.018151501688777601 -0.0012836184094172608 0.047947600110463541 -0.068555335363785747 -0.053817958121799347 0.051089767848233394 0.052909280759942154 0.058816181884977191 -0.0074741832108606038 -0.049355296446991187 -0.027530262559324965 0.039810961296981411 -0.063900505818364733 0.025283034022455016 0.037569387959341526 0.052266255660782558 -0.034396478009383044 0.024563818489619305 0.040870182796531832 -0.0074741832108606038 -0.037037808271545507 -0.011005493316798134 0.035449609065236067 0.038693630746494005 -0.02977681540091677 -0.015931679927198714 0.035277134840659724 -0.011880255979989145 -0.019870151070902568 0.00058239678343740447
leaf_weight=64.753627450205386 248.55111262551509 36154.455564130563 243.18408732814714 64.352593657094985 94.352299441583455 164.90078722173348 134.5359259378165 46.322656244039536 51.712747756391764 181.1633786088787 96.757754765450954 103.48859241046011 151.25359881110489 153.5772924721241 84.002578576095402 92.676083858124912 74.959805299527943 51.664194348268211 52.131217756774276 70.959693030454218 94.413240673951805 68.645131648518145 108.39041431248188 59.25303603336215 100.35703238239512 75.54706069547683 150.59585732594132 82.640467927791178 81.017832081764936 55960.249523872975
leaf_count=498 2109 226251 1724 399 616 1041 795 300 415 1079 644 775 848 958 601 649 460 362 455 467 610 417 910 432 594 468 1068 481 503 348447
internal_value=4.9654e-05 1.86838e-06 0.00499934 0.0200412 -0.00064449 -0.00392991 0.0293683 -0.00286666 -0.032583 -0.0011693 -0.019716 0.00732164 0.00405088 -0.00962969 -0.0211381 0.0155614 0.0101515 -0.0340991 0.0176347 0.00144429 0.0160978 0.0328999 0.00434921 -0.010537 -0.0112301 0.0082942 0.0337226 0.0186093 -0.0488432 -0.000150015
internal_weight=95160.9 94912.3 2797.61 761.899 2035.71 1836.42 199.29 285.479 116.065 1742.07 381.41 200.246 1360.66 621.873 468.295 738.786 646.109 384.293 169.414 123.091 571.15 233.546 337.604 229.213 152.021 134.8 476.42 233.236 232.271 92114.7
internal_count=595376 593267 18569 5309 13260 11967 1293 2036 814 11351 2498 1419 8853 3866 2908 4987 4338 2307 1222 922 3878 1458 2420 1510 956 900 3273 1549 1351 574698
is_linear=0
shrinkage=0.03


Tree=189
num_leaves=31
num_cat=0
split_feature=6 13 12 12 16 17 16 15 17 13 16 17 17 12 15 12 13 14 15 17 13 14 12 11 17 15 14 12 12 16
split_gain=91.4272 83.457 198.453 355.342 225.048 244.814 189.804 202.794 187.349 208.591 185.549 179.128 264.861 168.818 188.168 214.52 198.959 167.512 166.269 170.388 153.764 303.339 257.159 240.696 237.043 355.3 199.932 230.173 243.287 186.717
threshold=6.5000000000000009 0.069849350354847531 0.21104346249751751 0.20594078473948416 0.10965315181231929 0.023099656185517878 0.10781944949461846 0.25626106794999798 0.027998722201315506 0.058605519976797978 0.089560430750753636 0.032834445723388651 0.036339846752258854 0.276560808869247 0.21038998584256427 0.3168280324219514 0.057690074354215699 0.029721468355009339 0.28898427976286861 0.039588703076332325 0.073422256988720805 0.031899595323704254 0.26544145962544713 59.168568974109583 0.031051521817010885 0.21892878671265262 0.034025489994058002 0.23263776530552557 0.28959561405363171 0.095716846762479948
decision_type=2 2 2 2 2 2 2 2 2 2 2 2 2 2 2 2 2 2 2 2 2 2 2 2 2 2 2 2 2 2
left_child=1 2 3 6 13 -6 7 8 -1 -10 -9 17 -13 -4 15 -15 -16 -5 19 -7 21 22 23 -3 -24 -26 -23 29 -29 -28
right_child=-2 20 4 11 5 18 -8 10 9 -11 -12 12 -14 14 16 -17 -18 -19 -20 -21 -22 26 24 -25 25 -27 27 28 -30 -31
leaf_value=0.0097615443751154843 0.019525553236776776 -0.024060810545360471 0.0094813804973605913 0.00060306026970292882 -0.053351544813968518 0.0097615443751154843 0.0097615443751154843 -0.033209902223801012 -0.042593224126262465 -0.0023743011974411859 0.0079403257713380106 0.0097615443751154843 -0.042128555741309498 -0.032810686465159555 -0.036659749932082611 0.0097615443751154843 0.0077408855378278364 -0.056953444689994644 -0.037271519257152198 -0.028346957302752974 -2.0671317023089853e-05 0.0097615443751154843 0.0097615443751154843 0.00015672128726428887 -0.056094612111046757 0.0097615443751154843 0.0097615443751154843 -0.037343316688137493 0.0090694920176249364 -0.015554727427687555
leaf_weight=663.54349175281823 214.26654505101033 1439.1133638224564 5282.626939213369 58.346564843785018 98.753587346524 508.629471429158 587.46043016761541 338.61998351244256 127.4310205494985 1126.2379290452227 137.8676010328345 82.05708056781441 103.28061689808965 290.06481065694243 97.28269824385643 65.144988162443042 1067.0285686613061 204.17234898591414 109.7262445599772 127.51473518460989 79414.088601844851 629.14135264698416 262.59917738568038 496.62101046228781 123.29592516645789 156.8034540573135 612.03024276625365 300.72647128114477 152.02247039973736 302.85794175975025
leaf_count=4055 16128 8875 32549 307 521 3110 3290 1984 808 6834 842 463 621 1754 697 461 6648 1254 711 812 484125 3679 1606 3372 672 938 3782 1817 1012 1761
internal_value=4.19061e-05 -2.46449e-06 0.00244487 -0.00355049 0.00513358 -0.00945606 0.000199778 -0.00384839 0.00051155 -0.00652374 -0.02132 -0.0284041 -0.00572185 0.00694742 -0.0018628 -0.0209116 0.00397454 -0.0442533 -0.00351714 0.0024036 -0.000325633 -0.00573486 -0.0127413 -0.0178539 0.00549351 -0.0183828 0.00296568 -0.00434216 -0.0217876 0.00431975
internal_weight=95179.4 94965.1 11075.8 3429.02 7646.77 844.624 2981.16 2393.7 1917.21 1253.67 476.488 447.857 185.338 6802.15 1519.52 355.21 1164.31 262.519 745.87 636.144 83889.3 4475.21 2478.43 1935.73 542.699 280.099 1996.78 1367.64 452.749 914.888
internal_count=595488 579360 67721 20458 47263 5154 17813 14523 11697 7642 2826 2645 1084 42109 9560 2215 7345 1561 4633 3922 511639 27514 15463 12247 3216 1610 12051 8372 2829 5543
is_linear=0
shrinkage=0.03


Tree=190
num_leaves=31
num_cat=0
split_feature=6 6 1 5 5 2 2 4 2 2 9 3 0 6 20 4 6 10 0 6 0 4 6 6 0 4 11 3 0 6
split_gain=76.2072 75.1687 72.2144 188.421 135.378 112.854 90.9581 99.5209 88.855 77.3749 71.1009 64.6619 45.8122 43.6302 58.486 43.4644 40.2272 132.878 50.6476 39.0051 35.7113 31.8321 30.2626 29.1971 38.703 28.4071 27.4575 27.1833 26.9505 32.9076
threshold=7.5000000000000009 -7.4999999999999991 1.0000000180025095e-35 1.0000000180025095e-35 1.0000000180025095e-35 1.5000000000000002 1.0000000180025095e-35 1.0000000180025095e-35 1.5000000000000002 1.0000000180025095e-35 1.5000000000000002 1.0000000180025095e-35 9.5000000000000018 1.5000000000000002 1.0000000180025095e-35 1.0000000180025095e-35 1.0000000180025095e-35 4.5000000000000009 8.5000000000000018 -1.0000000180025095e-35 2.5000000000000004 1.0000000180025095e-35 -1.0000000180025095e-35 -1.0000000180025095e-35 8.5000000000000018 1.0000000180025095e-35 25.340075158773406 1.0000000180025095e-35 8.5000000000000018 -1.0000000180025095e-35
decision_type=2 2 2 2 2 2 2 2 2 2 2 2 2 2 2 2 2 2 2 2 2 2 2 2 2 2 2 2 2 2
left_child=1 -1 3 6 9 20 7 27 -6 11 22 23 15 21 26 16 18 -18 -11 -20 -5 28 -8 24 -4 -13 -15 -3 -12 -30
right_child=-2 2 4 5 8 -7 10 -9 -10 12 13 25 -14 14 -16 -17 17 -19 19 -21 -22 -23 -24 -25 -26 -27 -28 -29 29 -31
leaf_value=-0.022834213097784224 0.023006033687194123 0.00058959806836079802 -0.0023604443577711978 0.0042921877899493128 -0.010006799300238345 0.0018243664299523454 -0.011441935537120878 0.0094233701388641584 -0.001499003035910372 0.00069359789646806179 -0.0015003294878019404 -0.0042342612025802638 0.011462530955616446 0.0030998163847234484 0.00077333965838262213 -0.0020307859351654895 0.011462530955616446 0.0017983889630010315 -0.011441935537120878 0.00066738870201485433 0.011462530955616446 0.00077333965838262213 -0.0010710830634856376 -0.00011634361227578958 -0.011441935537120878 -0.010999868376789092 0.011462530955616446 0.0039073333822425803 -0.011441935537120878 0.00077333965838262213
leaf_weight=128.49550112709403 126.85239152121358 11438.102927138563 3432.8688229965046 631.77909158356488 2261.9086131681688 2011.9475004244596 273.47421722859144 1472.5343278655782 2159.5151652810164 16321.902625749353 17680.388430563267 2841.5571230878122 326.92624597810209 545.11231865081936 1908.2547686435282 5076.799918546807 599.90423220768571 4897.7257028366439 477.92332251230255 359.07956074178219 1485.4141517700627 4126.650282856077 254.21219060570002 9453.42028925661 270.87728185392916 695.16937351226807 637.48959053959697 2756.9605984496884 234.65456281322986 191.29412662237883
leaf_count=11737 10056 68318 21875 3170 13632 12972 3823 8877 13255 82148 91942 16717 1752 8075 16350 30648 9358 36981 6063 1487 10273 21464 1053 51344 3411 4174 13361 16556 3343 800
internal_value=-4.96864e-05 -8.09718e-05 -4.9658e-05 0.000809608 -0.00084729 0.00691978 0.000201637 0.00200518 -0.00585397 -0.000352423 -0.000891488 -0.00196953 0.000609714 -0.000663797 0.00267481 0.000477629 0.00103984 0.00327261 0.000324168 -0.00686434 0.0114625 -0.00112813 -0.0114419 -0.00100112 -0.00325813 -0.00556956 0.00811334 0.00123443 -0.00168057 -0.00912027
internal_weight=95079.2 94952.3 94823.8 45648.3 49175.6 4129.14 41519.1 15667.6 4421.42 44754.2 25851.5 16693.9 28060.3 25323.8 3090.86 27733.3 22656.5 5497.63 17158.9 837.003 2117.19 22233 527.686 13157.2 3703.75 3536.73 1182.6 14195.1 18106.3 425.949
internal_count=595015 584959 573222 280377 292845 26415 253962 93751 26887 265958 160211 97521 168437 155335 37786 166685 136037 46339 89698 7550 13443 117549 4876 76630 25286 20891 21436 84874 96085 4143
is_linear=0
shrinkage=0.03


Tree=191
num_leaves=31
num_cat=0
split_feature=14 15 15 17 13 17 12 12 13 15 11 13 17 15 12 12 17 16 13 11 6 11 14 13 12 12 14 12 16 15
split_gain=88.7833 157.86 261.362 287.983 164.046 185.467 162.24 127.518 136.966 127.229 191.541 159.941 119.53 137.586 282.505 174.925 106.139 168.058 84.4587 84.251 79.8853 79.7889 78.5679 253.258 335.524 314.758 241.798 246.149 208.24 189.603
threshold=0.046189505838202333 0.21827966470375729 0.22149684241048845 0.035198913656044176 0.10213783024448315 0.034054430963169881 0.23917630935371295 0.25856907081559949 0.073422256988720805 0.23339458810269087 10.006833685843278 0.089266260033430078 0.02492183039035099 0.20133451414436612 0.22460005089357502 0.19424298495851486 0.03063087544403921 0.076520504883781384 0.11029479626358729 2.0213992003801882 -7.4999999999999991 32.263356094185504 0.039619399928731612 0.081533418517677772 0.23722606758203554 0.25706602553293706 0.041318156631788373 0.17311087603922146 0.086341616380575512 0.2754975140169213
decision_type=2 2 2 2 2 2 2 2 2 2 2 2 2 2 2 2 2 2 2 2 2 2 2 2 2 2 2 2 2 2
left_child=20 7 -3 4 5 9 19 8 -2 -4 11 -11 -10 -14 15 -15 17 -6 -16 -5 -1 -9 -22 24 26 -26 27 -24 -29 -25
right_child=1 2 3 6 16 -7 -8 21 12 10 -12 -13 13 14 18 -17 -18 -19 -20 -21 22 -23 23 29 25 -27 -28 28 -30 -31
leaf_value=-0.02389896696494782 0.02050432040493624 0.07062656861669861 -0.022322484570592598 -0.005012477246888504 0.015826239179468869 -0.051414517146199455 0.073945293633894169 -0.01064295113096604 0.0096870881272342474 -0.026930971153995814 0.0435875271794222 0.020434186559789371 -0.04647304246239941 -0.0026006435178894637 -0.003158682598845647 -0.054549734509191941 0.0044156189207548843 -0.044878222677984581 0.050724431355954849 0.038539928499061446 -0.000117320229799733 0.046989383081579787 0.041883148198535745 0.0084054720375082853 0.029746556174070873 -0.011866271025904152 -0.011866271025904152 -0.011866271025904152 0.0079569520691520346 -0.010764859382284532
leaf_weight=122.30945035954937 65.675729018636048 44.561804248020053 92.962989165913314 92.682536345906556 48.921116325538605 50.649865770246834 52.118104115128517 41.812460912391543 80.334260147530586 107.72446564212441 138.66331866476685 79.39024263760075 240.74718202045187 95.781384078785777 50.414486864116043 148.0550618362613 83.254202830605209 227.40685996646062 51.972686872817576 67.767972397152334 84069.134149459889 41.472316496539861 125.54616410471499 5146.8323577675037 441.24940834846348 198.39311188273132 1416.9935451420024 332.85685803275555 726.6413653222844 508.65044125216082
leaf_count=11334 410 253 634 583 436 302 252 300 611 829 1010 549 1673 594 349 867 552 1531 347 435 516297 357 670 31859 2670 1226 8423 2207 4313 3234
internal_value=3.11516e-06 -0.00640919 0.00108598 -0.00201893 -0.0100158 0.00167622 0.0289699 -0.0163604 -0.0203591 0.00831182 0.0171364 -0.00271915 -0.0244301 -0.0291165 -0.01685 -0.0343308 -0.0252032 -0.0340946 0.0246407 0.0136304 0.000134293 0.0184845 0.000166425 0.00284695 -0.00383694 0.0155979 -0.0086228 0.00250882 -0.002227 0.00667811
internal_weight=94991 1902.37 1086.1 1041.54 828.973 469.391 212.569 816.266 732.981 418.741 325.778 187.115 667.305 586.971 346.224 243.836 359.582 276.328 102.387 160.451 93088.6 83.2848 92966.3 8897.16 3241.68 639.643 2602.04 1185.04 1059.5 5655.48
internal_count=595107 12874 7366 7113 5843 3324 1270 5508 4851 3022 2388 1378 4441 3830 2157 1461 2519 1967 696 1018 582233 657 570899 54602 19509 3896 15613 7190 6520 35093
is_linear=0
shrinkage=0.03


Tree=192
num_leaves=31
num_cat=0
split_feature=16 17 12 14 12 12 12 14 6 14 14 17 17 16 12 13 16 16 12 12 13 17 13 12 12 12 12 16 16 14
split_gain=79.7231 327.416 230.19 153.831 227.228 137.082 88.3534 96.886 78.4169 77.2209 171.627 162.381 230.988 182.217 151.272 143.624 119.628 128.319 168.508 178.663 181.948 130.104 136.236 113.116 149.639 102.176 250.046 85.7027 133.127 260.139
threshold=0.13696017927960544 0.023342499943461256 0.17915195878883286 0.028183957248590345 0.27223233144453551 0.20725749757011677 0.22706961306763221 0.024830839606544811 7.5000000000000009 0.045150344511471062 0.044389401747428295 0.022702505370363304 0.034460705244934053 0.087727886557584095 0.2601136754636465 0.11756706880705618 0.11504121658439989 0.086903555355027903 0.23649047688245392 0.20686919203798135 0.1058903279490085 0.031589020106581357 0.085751922944720338 0.23573062549851148 0.19231718909817117 0.20560706785070915 0.20946963946345135 0.054407150276939313 0.056331779331570728 0.02529097855196839
decision_type=2 2 2 2 2 2 2 2 2 2 2 2 2 2 2 2 2 2 2 2 2 2 2 2 2 2 2 2 2 2
left_child=8 -2 -3 4 6 -5 -4 -8 9 10 27 -11 15 23 -12 16 17 18 19 20 -13 22 -19 24 -14 -24 -27 -1 29 -29
right_child=1 2 3 5 -6 -7 7 -9 -10 11 14 12 13 -15 -16 -17 -18 21 -20 -21 -22 -23 25 -25 -26 26 -28 28 -30 -31
leaf_value=0.010533888883795263 0.054570943220701093 -0.058879657267141297 -0.018179259603521531 -0.0074328790623845254 -0.062797556081501019 0.03674985007777553 -0.0090169941808346983 0.046971579046878285 0.023538707715965192 0.01169433534629504 0.01169433534629504 0.01169433534629504 0.0086241880831004879 0.01169433534629504 -0.0282534939313791 0.01169433534629504 0.01169433534629504 0.0028523491776170345 0.01169433534629504 -0.040469408952698252 -0.046545369612878917 -0.042496387015893602 -0.051708838156934382 0.01169433534629504 -0.038368236608164789 0.01169433534629504 -0.030683551984639106 -0.063880001313661755 -0.00013075951743930656 -0.0039875150945757505
leaf_weight=672.04880698816851 120.59150426182896 51.22095544449985 82.487048748880625 94.797651272732764 55.690431468654424 184.15190452476963 48.654078720137477 61.277452373877168 123.93536718841642 251.15926146134734 637.5485419165343 107.81415996979922 95.68729264754802 312.99321631062776 88.003552290145308 98.590909962076694 95.587516913190484 202.75773964496329 231.69692006893456 180.00446713203564 49.816011219285429 266.7219451488927 109.57746113743633 95.169883707072586 163.18302477663383 50.202295710332692 306.82357606152073 84.213758466765285 89973.656496316195 269.9035642016679
leaf_count=4481 763 306 409 553 306 1274 345 407 10027 1789 3640 616 598 1849 545 639 768 1222 1430 1392 338 1660 712 619 1017 276 2025 557 553518 1745
internal_value=-4.3673e-05 0.010037 0.000594027 0.00657457 -0.0105683 0.0217889 0.00503852 0.0224735 -0.000118461 -0.000150037 -4.98718e-06 -0.0052286 -0.00776248 0.00718281 0.0116943 -0.0136296 -0.0159019 -0.0179948 -0.00673134 -0.0202188 0.00312348 -0.0248164 -0.0176658 -0.0106579 -0.0210653 -0.0265558 -0.0185909 -0.000123694 -0.000203219 -0.0185095
internal_weight=95166 698.871 578.28 527.059 248.109 278.95 192.419 109.932 94467.1 94343.2 91725.4 2617.79 2366.63 667.033 725.552 1699.59 1601 1505.41 569.332 337.635 157.63 936.083 669.361 354.04 258.87 466.603 357.026 90999.8 90327.8 354.117
internal_count=595826 4363 3600 3294 1467 1827 1161 752 591463 581436 564486 16950 15161 4083 4185 11078 10439 9671 3776 2346 954 5895 4235 2234 1615 3013 2301 560301 555820 2302
is_linear=0
shrinkage=0.03


Tree=193
num_leaves=31
num_cat=0
split_feature=1 4 2 3 2 0 9 6 3 4 6 6 0 2 21 12 12 14 21 2 14 6 6 9 15 21 4 23 12 12
split_gain=77.7255 141.704 117.027 105.875 96.5723 89.6607 81.1154 65.6129 62.121 59.864 52.1013 47.0121 46.146 46.0551 44.2238 48.3031 52.0539 44.3158 54.3756 40.3084 39.3415 38.7002 32.5681 94.7022 44.6783 49.6078 32.5117 31.2962 32.3645 31.248
threshold=1.0000000180025095e-35 1.0000000180025095e-35 1.5000000000000002 1.0000000180025095e-35 1.5000000000000002 6.5000000000000009 1.5000000000000002 -1.0000000180025095e-35 1.0000000180025095e-35 1.0000000180025095e-35 -2.4999999999999996 4.5000000000000009 8.5000000000000018 1.0000000180025095e-35 0.17148839828422827 0.18458813201500718 0.20686919203798135 0.035540188307811874 0.16283015726574421 1.5000000000000002 0.035540188307811874 4.5000000000000009 -1.0000000180025095e-35 5.5000000000000009 0.23913086926274743 0.24319711802953689 1.0000000180025095e-35 0.02283839955021728 0.26137585464054641 0.27508481738869722
decision_type=2 2 2 2 2 2 2 2 2 2 2 2 2 2 2 2 2 2 2 2 2 2 2 2 2 2 2 2 2 2
left_child=1 6 5 10 9 -3 7 -1 14 -5 12 19 -2 -10 15 -8 20 -18 -19 26 -17 22 23 -16 29 -26 -12 28 -27 -24
right_child=3 2 -4 4 -6 -7 8 -9 13 -11 11 -13 -14 -15 21 16 17 18 -20 -21 -22 -23 24 -25 25 27 -28 -29 -30 -31
leaf_value=-0.023128302002200809 -0.0029456041085168545 0.0051250554835771053 0.00036059667872376721 -0.0033012377915480765 0.00011636466263027877 0.014571022411458181 0.029982827448326973 -0.00054063062555919218 0.0053767455606646003 -0.0087126811926778111 0.00020421053157944398 0.012452820786445523 -0.019318299612006123 0.00099057712036928493 -0.011528697391474595 -0.028984348529023232 0.013452134650373952 0.015542874882560214 -0.025313357807697983 0.0021365924803731689 0.0050168473084964754 0.012309242612211843 -0.0010459281568427341 -0.0012165305182517507 0.0057623080800688221 0.0057623080800688221 -0.0017887637680750025 -0.00043280968584291467 -0.0010459281568427341 0.0042172139146439778
leaf_weight=240.0483325640671 2266.3539452818222 3490.0572050982155 3541.4220514495391 7159.6626189386006 6156.3055171344895 1220.8036937755533 71.65163923567161 221.98886346071959 3009.7212305683643 2476.6416372249369 19969.809594853781 290.90212660166435 164.43007416138425 7574.1222249008715 879.08575469534844 64.189692717976868 381.65107872709632 50.072897181846201 65.451800821349025 8487.2733417805284 56.056985689792782 202.78216293919832 8971.5611622231081 8881.7331165210344 1308.6321810455993 529.22197866998613 2368.424045663327 3895.2458785250783 111.90561591647565 1018.4818379608914
leaf_count=3776 27624 20075 23571 44052 39205 10244 418 920 18683 15559 102514 13493 6004 48560 11428 370 2414 301 436 44149 336 9657 48875 55346 8119 2636 11667 18789 567 6013
internal_value=3.25735e-05 0.000922752 0.00448158 -0.00079349 -0.00281877 0.00757809 0.000140097 -0.012325 0.000296111 -0.00469356 0.000160038 0.000490577 -0.0040681 0.00223865 -0.00048019 0.00700929 0.00425502 0.00853979 -0.00764153 0.000376888 -0.0133108 -0.00068076 -0.000784626 -0.00214744 5.55873e-05 0.00214216 -0.000291833 0.00059155 0.00576231 -0.00104593
internal_weight=95125.7 45785.9 8252.28 49339.8 15792.6 4710.86 37533.6 462.037 37071.6 9636.3 33547.2 31116.4 2430.78 10583.8 26487.7 689.074 617.422 497.176 115.525 30825.5 120.247 25798.6 25595.9 9760.82 15835 5845.01 22338.2 4536.37 641.128 9990.04
internal_count=595801 291534 53890 304267 98816 30319 237644 4696 232948 59611 205451 171823 33628 67243 165705 4275 3857 3151 737 158330 706 161430 151773 66774 84999 30111 114181 21992 3203 54888
is_linear=0
shrinkage=0.03


Tree=194
num_leaves=31
num_cat=0
split_feature=12 17 14 17 14 12 13 16 13 15 11 12 16 17 14 13 12 12 14 17 11 16 12 14 17 12 11 17 17 12
split_gain=76.4175 79.1769 316.916 314.871 299.866 297.198 383.281 324.42 311.91 272.468 225.042 220.979 276.836 211.484 180.856 166.801 201.997 404.085 192.184 203.235 166.282 208.514 159.249 228.868 145.44 143.728 285.588 251.683 240.983 161.248
threshold=0.34356646944828623 0.021447580998683633 0.02793715020318387 0.020900040852416275 0.028183957248590345 0.22740979059505192 0.088715524689523609 0.086341616380575512 0.11235993877937296 0.22425688727034324 -4.5020641126002365 0.2424885698487694 0.071290866652419849 0.01871937365084932 0.019653356562301116 0.086672869903751865 0.22221885263469629 0.20912921230327772 0.033130736761420303 0.019978338657982722 24.016125231809614 0.10781944949461846 0.19077163594780408 0.040762966759796654 0.017236706073630492 0.22807916165966916 75.966287432390814 0.017951894258910365 0.020548542820451914 0.24108755238422369
decision_type=2 2 2 2 2 2 2 2 2 2 2 2 2 2 2 2 2 2 2 2 2 2 2 2 2 2 2 2 2 2
left_child=1 2 3 14 -4 6 15 11 -9 -8 -5 -7 13 -13 -1 16 17 22 -19 -20 24 -22 23 -6 -11 26 27 -16 -29 -27
right_child=-2 -3 4 10 5 7 9 8 -10 20 -12 12 -14 -15 25 -17 -18 18 19 -21 21 -23 -24 -25 -26 29 -28 28 -30 -31
leaf_value=0.019774541542565253 0.016413961092546819 -0.00023166186319687994 0.055189329169345991 -0.017804555115942863 0.026041430688244289 -0.011952128873392255 0.025440496860752292 -0.016822923949326305 0.039597291406447452 -0.049444065091040414 0.028320081104994198 0.040042592213715748 0.04630348067971117 -0.016410350614241911 0.0030198094637701235 0.059703846907474226 0.059165042361348272 -0.0568295390492514 -0.03132251633238245 0.042229558865859107 0.040157517319942423 -0.0034440547017648613 0.047010970236375751 -0.041538969664605865 -0.010114798794910302 0.0098104652848669798 0.039707811114342337 -0.05244292527798497 -0.0036951612617375411 -0.015064634601203398
leaf_weight=157.12912921188399 253.94184646382928 88528.461622229777 118.15146367903799 127.90557777835056 309.60130664939061 211.53493254957721 267.92030889261514 1006.8943477133289 94.740035977214575 114.57702225912362 357.79531196830794 88.052155138459057 257.35641520423815 175.37176524102688 158.9498131647706 124.05050548817962 118.50375760812312 74.01095187664032 70.512347404845059 61.359659127891064 124.43266406096518 48.37461200542748 265.86607046145946 50.892233519814909 314.28739353828132 355.39192674588412 56.312974160071462 367.26051022717729 121.65547520853579 681.4288471210748
leaf_count=1031 2112 553927 694 757 1865 1536 1617 6312 586 790 2224 570 1607 1259 911 727 694 456 545 405 799 298 1672 356 1971 2110 454 2300 596 4279
internal_value=4.3472e-05 -7.21061e-07 0.0032537 -0.00535944 0.00852317 0.00703545 0.0152006 -0.00162848 -0.0119078 0.000385601 0.0161503 0.0138253 0.0243014 0.00261916 -0.0108746 0.027164 0.0228019 0.0174947 -0.0188341 0.00302066 -0.0108185 0.0139148 0.0294578 0.0163243 -0.0208029 -0.0136603 -0.0241023 -0.0297538 -0.0403776 -0.0065357
internal_weight=95062.7 94808.8 6280.32 2383.83 3896.49 3778.34 1944.39 1833.95 1101.63 869.592 485.701 732.315 520.78 263.424 1898.13 1074.8 950.746 832.243 205.883 131.872 601.672 172.807 626.36 360.494 428.864 1741 704.179 647.866 488.916 1036.82
internal_count=595460 593348 39421 14662 24759 24065 12195 11870 6898 5475 2981 4972 3436 1829 11681 6720 5993 5299 1406 950 3858 1097 3893 2221 2761 10650 4261 3807 2896 6389
is_linear=0
shrinkage=0.03


Tree=195
num_leaves=31
num_cat=0
split_feature=6 13 17 17 13 17 15 13 16 17 12 14 17 16 17 14 12 15 17 11 14 16 14 17 12 15 15 13 16 17
split_gain=77.5068 77.3254 271.566 184.453 395.582 235.309 247.081 224.54 251.634 385.371 238.247 269.861 195.669 236.506 296.001 200.083 182.375 456.683 259.275 253.477 241.688 261.633 181.108 174.331 170.747 203.406 174.706 170.084 214.193 271.776
threshold=-7.4999999999999991 0.069849350354847531 0.017236706073630492 0.034460705244934053 0.068691178444913806 0.031875518532518889 0.18894678726549805 0.065093427063582038 0.087727886557584095 0.029941720801813763 0.21266431964110874 0.020937163443550798 0.029296644812658399 0.10369856243219634 0.029559655949888016 0.040762966759796654 0.27347756996570211 0.22601696155059803 0.026166999938011175 2.6261289109178283 0.02893702277852522 0.088063924672642915 0.03264037195810051 0.02492183039035099 0.2807271102694619 0.27292508243722707 0.2545128960997684 0.065414459373535336 0.077730472683388521 0.035461789128452263
decision_type=2 2 2 2 2 2 2 2 2 2 2 2 2 2 2 2 2 2 2 2 2 2 2 2 2 2 2 2 2 2
left_child=-1 2 -2 5 27 7 -7 8 10 -10 -4 -12 15 -14 -15 16 18 -18 23 -20 21 -19 -11 -9 25 26 -13 28 -5 -30
right_child=1 -3 3 4 -6 6 -8 12 9 22 11 24 13 14 -16 -17 17 20 19 -21 -22 -23 -24 -25 -26 -27 -28 -29 29 -31
leaf_value=-0.023624200657445762 0.037888038954074464 -0.0001949611235489533 -0.011754177673147808 0.027147855179771228 0.034763102848844596 0.028451575801090402 -0.011754177673147808 0.016449580698488269 -0.011754177673147808 0.044074188977753732 0.064404084577702775 0.013761301215478045 -0.011754177673147808 -0.011754177673147808 0.052312332509632763 -0.011754177673147808 -0.011754177673147808 0.046671776444125665 -0.0037126829974929009 0.041903044969005765 0.049668942986239174 -0.011754177673147808 -0.0076883661506004768 -0.011754177673147808 -0.011754177673147808 -0.011754177673147808 0.054771869907340009 -0.0062922839624314341 0.040257093691983735 -0.0011895474750222073
leaf_weight=121.93263935251161 189.51284549664706 83882.513970131287 467.51462935563177 446.73726415541023 423.5025408254005 136.85869459062815 1058.8317616814747 555.44056908041239 1496.3786297994666 161.24197975732386 81.270440267398953 644.45108242286369 695.08540903450921 55.240667972713709 126.26966618280858 118.85210600309074 228.81593817798421 74.673585553653538 134.74069025646895 579.26654775207862 181.64765695901588 100.01344526559114 96.137676700018346 181.30889864638448 130.39642281737179 148.51774328108877 107.9288624515757 990.30534639721736 158.14467122405767 1283.2944183484651
leaf_count=11684 1167 515331 2825 2623 2600 805 6753 3482 9221 1031 507 4109 4001 364 845 819 1285 463 766 3571 1095 619 627 1112 827 870 621 6226 994 8107
internal_value=8.48967e-05 0.000115845 0.00247433 0.00184965 0.00776281 -0.000734118 -0.0117542 0.00157066 -0.00380126 -0.0116186 0.00487901 0.0124397 0.00747724 -0.0044654 0.0258725 0.0123354 0.0147533 0.000610411 0.0204491 0.0333086 0.0256396 0.000373323 0.0248294 0.00793008 0.0082279 0.0132948 0.0197739 0.00376896 0.00904693 0.00340717
internal_weight=95056.8 94934.9 11052.4 10862.9 3301.98 7560.88 1195.69 6365.19 3333.84 1753.76 1580.08 1112.56 3031.36 876.596 181.51 2154.76 2035.91 585.151 1450.76 714.007 356.335 174.687 257.38 736.749 1031.29 900.898 752.38 2878.48 1888.18 1441.44
internal_count=595350 583666 68335 67168 20550 46618 7558 39060 20638 10879 9759 6934 18422 5210 1209 13212 12393 3462 8931 4337 2177 1082 1658 4594 6427 5600 4730 17950 11724 9101
is_linear=0
shrinkage=0.03


Tree=196
num_leaves=31
num_cat=0
split_feature=16 17 13 13 11 13 17 1 5 5 9 6 4 0 3 6 10 6 0 0 6 23 23 22 22 11 21 22 23 13
split_gain=76.7185 325.64 143.627 185.337 150.626 91.0173 76.4895 76.0846 161.375 132.278 77.0297 126.445 61.5692 71.9003 59.8451 56.1495 119.546 100.563 78.757 55.4548 53.072 42.1772 65.1643 65.8717 121.027 60.9129 57.146 71.4826 69.7623 63.6974
threshold=0.13696017927960544 0.023342499943461256 0.091104714013079055 0.10959954339273138 82.36114706545915 0.07531591392901231 0.035292662891532496 1.0000000180025095e-35 1.0000000180025095e-35 1.0000000180025095e-35 2.5000000000000004 -1.0000000180025095e-35 1.0000000180025095e-35 7.5000000000000009 1.0000000180025095e-35 -1.0000000180025095e-35 2.5000000000000004 1.0000000180025095e-35 8.5000000000000018 5.5000000000000009 2.5000000000000004 0.034731105207775829 0.033331214064495539 0.098376934827053036 0.096449825859640501 -20.543649221516031 0.20011475749489371 0.068200726405945808 0.033599176529736666 0.10258687563207564
decision_type=2 2 2 2 2 2 2 2 2 2 2 2 2 2 2 2 2 2 2 2 2 2 2 2 2 2 2 2 2 2
left_child=7 -2 4 6 5 -3 -4 8 10 14 11 -1 20 -14 15 18 17 -17 -9 -10 21 22 -12 24 26 -23 -24 -28 -29 -30
right_child=1 2 3 -5 -6 -7 -8 9 19 -11 12 -13 13 -15 -16 16 -18 -19 -20 -21 -22 25 23 -25 -26 -27 27 28 29 -31
leaf_value=-0.016784619406430949 0.053047182628387327 -0.0045296364758631892 0.050683328463215029 -0.015428932748351451 0.022013750391900413 -0.04353873525064892 0.01034582391238657 -0.00073534665877774525 0.0040232415588641497 -0.0057584334691652243 -0.00039480715788820978 0.0032628946166850118 0.0021553376662835151 0.012390658414811693 -0.0020204273042312162 0.0035497517115461058 0.00082802972327305103 0.025774370290795615 -0.011124857854232867 0.011338616232700154 0.0053803498817526349 -0.0058609879736368931 0.0025854072708036842 0.0025854072708036842 -0.044003446406064663 0.0024886778980326499 -0.035949213788870713 -0.024274095435302345 0.0016499331548837997 -0.018805844800265235
leaf_weight=600.95268374821171 126.91251738090068 94.789894951041788 103.14846478099935 107.19473086902872 74.746335161849856 124.15821968670934 72.886987928301096 9117.0405042590573 2708.9493118068203 4418.5822790171951 22178.037520326674 532.82361873239279 5342.4857439044863 696.68042527977377 13085.721340290736 431.55237927287817 20749.527109144721 317.42448800848797 705.66403308231384 1423.4636838897131 1602.1495778365061 875.9829714349471 281.57749884296209 530.23370110848919 84.900742853060365 7538.903326024767 90.544568092562258 188.84863087674603 514.1596311009489 184.63568897917867
leaf_count=8998 792 547 699 634 566 753 417 59588 15334 27945 124267 2243 32434 6195 81504 1791 115289 5591 9591 12130 32190 4940 1462 3081 438 40124 474 1035 2854 988
internal_value=8.63169e-05 0.00993999 0.000306717 0.0154937 -0.0143449 -0.0268443 0.0342855 1.24841e-05 0.000896878 -0.000809418 0.000330425 -0.00737404 0.000548566 0.0033398 -0.000316744 0.000395123 0.00125368 0.0130123 -0.00148384 0.00654738 5.36309e-05 -0.000209535 -0.000849082 -0.00621651 -0.00974387 0.0016183 -0.00736889 -0.0108324 -0.00819529 -0.00379314
internal_weight=94904.7 703.837 576.925 283.23 293.694 218.948 176.035 94200.8 45375.3 48825.5 41242.9 1133.78 40109.1 6039.17 44406.9 31321.2 21498.5 748.977 9822.7 4132.41 34070 32467.8 24052.9 1874.9 1344.67 8414.89 1259.77 978.189 887.644 698.795
internal_count=594894 4408 3616 1750 1866 1300 1116 590486 289187 301299 261723 11241 250482 38629 273354 191850 122671 7382 69179 27464 211853 179663 134599 10332 7251 45064 6813 5351 4877 3842
is_linear=0
shrinkage=0.03


Tree=197
num_leaves=31
num_cat=0
split_feature=14 12 16 13 12 12 13 15 16 13 13 11 15 12 15 13 13 14 15 16 12 17 11 17 17 12 16 11 13 14
split_gain=89.2833 290.729 221.616 99.588 74.711 77.3838 292.826 217.884 382.477 251.462 290.362 213.202 201.809 154.982 642.404 329.699 252.222 185.88 205.614 165.701 165.157 468.033 347.927 334.253 270.46 225.419 205.965 217.629 182.31 217.753
threshold=0.015950891760879205 0.23242696904884183 0.088519783588357895 0.082155501846214174 0.34356646944828623 0.28551534059993966 0.065414459373535336 0.1814602787872113 0.067285982893156279 0.076441625387136156 0.080465167179243069 61.654297305828671 0.28641500378615392 0.276560808869247 0.2638666867191472 0.10140287788237164 0.07752474122735864 0.029157918345103142 0.22462872419794219 0.11854904603666992 0.26544145962544713 0.041267762882067217 99.143032179048319 0.034676938109219672 0.033985252407489362 0.26902340016074028 0.068908541224620576 49.356902040709549 0.093896031989453357 0.027248014341299361
decision_type=2 2 2 2 2 2 2 2 2 2 2 2 2 2 2 2 2 2 2 2 2 2 2 2 2 2 2 2 2 2
left_child=1 3 -3 -1 5 13 11 8 -8 -10 -11 -7 -9 20 15 19 -16 18 -17 -15 -2 22 23 24 26 -23 -22 28 -28 -30
right_child=4 2 -4 -5 -6 6 7 12 9 10 -12 -13 -14 14 16 17 -18 -19 -20 -21 21 25 -24 -25 -26 -27 27 -29 29 -31
leaf_value=-0.058444306179729955 0.00018428473468345971 -0.0063742214269607292 0.05037027756344694 0.0010275016080648325 0.016174344835874273 -0.041232827028381297 0.043968954593431475 0.0016307735111734261 -0.083566092350752491 0.046896491959103954 -0.032418572977743296 0.017472098370627295 -0.022562938160816157 0.0055057137413412087 -0.055742862138244441 -0.017106809154242585 0.0026723066153691221 0.059977007354351075 0.04591221631019738 0.047736607900988215 0.010989231288925426 -0.065882031916098094 0.027583502874205666 0.010989231288925426 -0.051139944844205365 -0.016259476244255597 -0.0091496843011422101 -7.4080977552172953e-05 -0.0091496843011422101 -0.043770881564545387
leaf_weight=48.963157836347818 82048.854825087823 94.29569255001843 176.28388605080545 50.269640456885099 251.36711753159761 284.71802706969902 67.635860213078558 4739.7901984751225 69.113985221367329 46.614227844867855 290.35610917769372 67.892048023641109 330.02378689870238 1378.4065005425364 176.03898344747722 83.114014185033739 105.92567854514346 192.57752169808373 101.73089453019202 87.094088112004101 248.05241573601961 156.97102018725127 306.81228813482448 728.51442460436374 136.60132942115888 174.69174383440986 793.77557856263593 997.78789495537058 275.38595344126225 399.74727956298739
leaf_count=297 513050 613 1134 321 2123 1669 526 29957 415 346 1988 448 1950 8810 1142 505 732 1141 716 549 1542 850 2448 4738 801 1219 5059 6350 1556 2406
internal_value=-3.67598e-05 0.0146353 0.0306934 -0.0288918 -9.44613e-05 -0.000138175 -0.00346524 -0.00177395 -0.0211865 -0.0322008 -0.0212347 -0.0298949 4.75872e-05 8.38285e-05 0.00808404 0.0145425 -0.0339338 0.0394723 0.0176964 0.00807712 -0.000113411 -0.00590109 -0.00297231 -0.00560504 -0.010252 -0.0399992 -0.00815849 -0.0108891 -0.0182253 -0.0296797
internal_weight=94909.4 369.812 270.58 99.2328 94539.6 94288.2 5896.14 5543.53 473.72 406.084 336.97 352.61 5069.81 88392.1 2124.89 1842.92 281.965 377.422 184.845 1465.5 86267.2 4218.34 3886.68 3579.86 2851.35 331.663 2714.75 2466.7 1468.91 675.133
internal_count=595401 2365 1747 618 593036 590913 37299 35182 3275 2749 2334 2117 31907 553614 13595 11721 1874 2362 1221 9359 540019 26969 24900 22452 17714 2069 16913 15371 9021 3962
is_linear=0
shrinkage=0.03


Tree=198
num_leaves=31
num_cat=0
split_feature=6 14 17 17 16 13 13 12 12 16 17 16 17 17 15 15 12 12 13 12 13 16 13 13 16 16 14 16 14 12
split_gain=71.2339 69.8403 145.615 159.312 207.293 86.0751 98.8218 68.9809 68.7272 72.3978 198.184 334.128 148.075 140.183 109.432 78.1546 240.431 171.43 128.125 248.75 280.253 259.524 149.193 106.578 168.63 105.781 103.454 84.3737 250.508 230.474
threshold=-6.4999999999999991 0.016764669911191698 0.021279638743144803 0.033298280760419123 0.087079274966759879 0.080465167179243069 0.072797171872159352 0.23540692146525047 0.34356646944828623 0.054407150276939313 0.02658739304935645 0.047906309480878075 0.024729692324827437 0.030305105839735561 0.23563243008612575 0.29980001134559903 0.17647723953144479 0.1722260683451757 0.087856220609525609 0.2543436421947029 0.11095291882452542 0.067285982893156279 0.10635831078337207 0.10140287788237164 0.077114307187234568 0.070458614164143937 0.037498791736314409 0.060934737720447836 0.042508984245242944 0.26310220663330935
decision_type=2 2 2 2 2 2 2 2 2 2 2 2 2 2 2 2 2 2 2 2 2 2 2 2 2 2 2 2 2 2
left_child=-1 2 -2 5 -5 6 -4 -6 9 10 11 -3 -13 14 -12 27 17 -17 -18 21 26 22 -20 24 25 -23 -21 28 29 -11
right_child=1 8 3 4 7 -7 -8 -9 -10 15 13 12 -14 -15 -16 16 18 -19 19 20 -22 23 -24 -25 -26 -27 -28 -29 -30 -31
leaf_value=-0.016446476385035352 0.04864464601710132 0.059627692138569249 -0.0082302106568685647 -0.0082302106568685647 0.01046864714412787 -0.0082302106568685647 0.032085166472218027 0.052729595998160607 0.01552236132808904 -0.0082302106568685647 -0.0082302106568685647 0.038165507950617565 -0.0082302106568685647 0.034024895295545629 0.028709400226093685 -0.00094924148837838718 -0.0082302106568685647 0.056527858126362206 0.0040094790447047605 0.052232335304610238 -0.0082302106568685647 0.0066922580555445381 0.064034899536209278 -0.0082302106568685647 -0.0042133775807367138 0.057150503058732267 0.0064332522324793574 0.00011220250569774597 0.041469554492502378 0.016129739221196503
leaf_weight=236.0188000779599 73.569049069657922 147.00976466946304 82.111330566927791 61.722300809808075 49.022850606590509 238.57102993596345 101.40655413549393 128.0824044845067 251.20840896153823 1656.3302196119912 261.90961632644758 59.981423924677074 57.774669319391251 74.023280069697648 73.536277297884226 91.310160478577018 1561.3374370932579 93.458388477563858 80.120297581888735 181.22993939369917 87.624914723448455 75.25027834251523 68.143721191212535 521.04634676873684 489.78501527849585 73.526396796572953 59.391741100698709 87501.543543654494 93.661157586611807 347.78050569817424
leaf_count=18596 443 860 556 401 358 1396 599 825 2137 10338 1716 401 399 498 480 542 9559 504 462 975 570 477 354 3157 2993 426 345 532258 647 2081
internal_value=-5.51686e-05 -1.39449e-05 0.00918834 0.00466281 0.0241384 -0.00641879 0.0124049 0.0412793 -8.6114e-05 -0.00012831 0.00965221 0.0297747 -0.00786798 -0.00344062 -0.00823021 -0.000199438 -0.0046747 0.0284174 -0.00660353 0.00046714 0.0237347 -0.00539981 0.0320829 -0.00823021 0.00431071 0.0320564 0.0410741 -3.04035e-05 -0.00597318 -0.00822953
internal_weight=94877.5 94641.5 734.486 660.916 238.828 422.089 183.518 177.105 93907 93655.8 674.235 264.766 117.756 409.469 335.446 92981.5 3382.22 184.769 3197.46 1636.12 328.247 1307.87 148.264 1159.61 638.562 148.777 240.622 89599.3 2097.77 2004.11
internal_count=595353 576757 4578 4135 1584 2551 1155 1183 572179 570042 4354 1660 800 2694 2196 565688 20364 1046 19318 9759 1890 7869 816 7053 3896 903 1320 545324 13066 12419
is_linear=0
shrinkage=0.03


Tree=199
num_leaves=31
num_cat=0
split_feature=11 15 15 14 14 14 17 12 11 13 13 12 12 13 15 11 13 15 15 13 12 12 15 15 13 13 17 14 12 15
split_gain=70.0449 172.413 97.2852 197.148 218.301 267.483 187.298 192.18 182.575 148.445 169.419 141.711 123.137 206.256 116.264 102.483 95.2265 163.219 352.816 132.259 92.0545 78.1466 86.556 214.539 160.397 118.962 245.378 162.825 189.331 173.176
threshold=-68.910543978746759 0.18223695970833351 0.17102959293316927 0.024209844687442781 0.031280024978568972 0.031899595323704254 0.035738501783780935 0.18948926010460868 59.168568974109583 0.083663806194408219 0.068090394247221533 0.24108755238422369 0.24476379815444169 0.092113850296177635 0.16946623355140336 74.508578087413312 0.083037123594547055 0.22751109211750037 0.28193737395938151 0.079494838763467288 0.16752277527482809 0.34356646944828623 0.2754975140169213 0.27452996098736698 0.084028043882921566 0.0694997121821712 0.017951894258910365 0.024653516358932443 0.27347756996570211 0.24569339901159984
decision_type=2 2 2 2 2 2 2 2 2 2 2 2 2 2 2 2 2 2 2 2 2 2 2 2 2 2 2 2 2 2
left_child=1 -1 3 8 14 -6 7 -7 11 10 -9 -2 -11 -14 -5 -8 17 19 -19 -3 -18 22 23 25 -25 26 -4 28 29 -28
right_child=2 16 21 4 5 6 15 9 -10 12 -12 -13 13 -15 -16 -17 20 18 -20 -21 -22 -23 -24 24 -26 -27 27 -29 -30 -31
leaf_value=-0.056381919962352492 0.023297157984689988 -0.0028895748655195235 0.040763907574421693 -0.0028895748655195235 0.053494458786632469 0.046327399492348952 -0.0028895748655195235 -0.0028895748655195235 0.043689260548720514 -0.0028895748655195235 0.034943180497978517 -0.0028895748655195235 -0.0028895748655195235 0.049499998303371165 0.032751786925065959 0.044167018899733165 -0.047337734297749845 -0.058680733380436625 -0.0028895748655195235 -0.047214344036977919 -0.0028895748655195235 0.017164651740305018 -0.0028804929370500167 -0.0017309419203982873 0.040445976572560452 -0.00029843135175605044 0.025012870494244607 0.00072142882641502081 -0.0022234405366667893 -0.0028895748655195235
leaf_weight=56.875065320171416 72.14592001400888 124.827463041991 153.00855174520984 909.65318681299686 120.19649142771959 144.07840034831315 223.70603129873052 82.622841537930071 215.8645732877776 231.02057677414268 268.12498604180291 109.15027891704813 61.747584315016866 106.16066264966503 110.3962490959093 68.041736307088286 45.863127795048058 175.65158149274066 53.214460495859385 63.057232998777181 1256.2342638880946 234.64518954628147 9046.0760577586479 132.94723710604012 205.65225663408637 71538.600574974436 842.43990868050605 7246.0033417451195 622.70422950992361 254.33892986783758
leaf_count=341 502 742 977 6235 719 894 1433 555 1375 1543 1912 715 358 790 796 558 310 1291 287 428 8479 2024 56253 839 1313 446405 5241 45890 3918 1470
internal_value=3.46088e-06 -0.00589537 0.000116217 0.00570106 0.00235595 0.0112254 0.00685695 0.0148344 0.0251799 0.00867467 0.022874 0.00290506 -0.00288957 0.0226952 -0.00288957 -0.00288957 -0.00416123 -0.0174275 -0.0348225 -0.00288957 -0.00288957 -5.23551e-05 -9.76022e-05 0.000213271 0.0239728 0.000112936 0.00333965 0.00269201 0.0109857 0.0184756
internal_weight=94775 1775.72 92999.3 2722.91 2325.75 1305.7 1185.5 893.755 397.161 749.677 350.748 181.296 398.929 167.908 1020.05 291.748 1718.85 416.751 228.866 187.885 1302.1 90276.4 90041.8 80995.7 338.599 80657.1 9118.49 8965.49 1719.48 1096.78
internal_count=594593 11878 582715 18385 15793 8762 8043 6052 2592 5158 2467 1217 2691 1148 7031 1991 11537 2748 1578 1170 8789 564330 562306 506053 2152 503901 57496 56519 10629 6711
is_linear=0
shrinkage=0.03


Tree=200
num_leaves=31
num_cat=0
split_feature=14 15 17 15 12 13 17 12 13 15 11 13 17 14 12 12 17 11 11 15 14 12 15 12 14 6 10 14 13 14
split_gain=71.2252 154.567 237.771 286.886 150.213 149.01 171.644 133.434 130.679 123.486 187.966 143.336 112.518 148.382 249.87 235.909 104.333 84.127 75.9874 169.448 97.3939 198.987 171.018 153.916 106.102 79.7301 129.505 73.2988 93.8753 144.955
threshold=0.046189505838202333 0.21827966470375729 0.035198913656044176 0.22149684241048845 0.23917630935371295 0.10213783024448315 0.034054430963169881 0.25856907081559949 0.073422256988720805 0.23339458810269087 10.006833685843278 0.089266260033430078 0.02492183039035099 0.048644504686005785 0.23149486097740327 0.19784249019295919 0.03063087544403921 2.0213992003801882 -68.910543978746759 0.18223695970833351 0.031027887831235411 0.21104346249751751 0.23116574618543995 0.24619459187738771 0.028183957248590345 2.5000000000000004 4.5000000000000009 0.040046107955859563 0.081771822726316182 0.041471531219918763
decision_type=2 2 2 2 2 2 2 2 2 2 2 2 2 2 2 2 2 2 2 2 2 2 2 2 2 2 2 2 2 2
left_child=18 7 3 -3 17 6 9 8 -2 -5 11 -11 -10 -14 15 -15 -7 -4 19 -1 21 22 24 -23 -21 27 -27 -20 29 -29
right_child=1 2 4 5 -6 16 -8 -9 12 10 -12 -13 13 14 -16 -17 -18 -19 25 20 -22 23 -24 -25 -26 26 -28 28 -30 -31
leaf_value=-0.055179484492499549 0.021388999156718425 0.067210598580586464 -0.0043660675363459142 -0.023014144027670064 0.072402806980143355 -0.033107704540968161 -0.049994350078931674 0.020504210667643085 0.010083585672153882 -0.025690725690107032 0.042265770361540847 0.019529581481539434 -0.04395060588375943 0.024196536067388665 0.025949415725785106 -0.04825217150630455 0.0045583071934370981 0.038997704679392342 -0.00022412738545038192 -0.0029346092329145227 -0.0029346092329145227 -0.0029346092329145227 -0.051758698747410799 -0.044021488167634897 -0.041892346949021511 0.020024722969661662 0.0025154054931027826 0.0021065124358747066 0.0021065124358747066 -0.0029346092329145227
leaf_weight=59.123563311994076 62.473231580108404 44.535588320344687 89.906248432584107 88.667064630892128 53.674981839954853 268.95341830467805 49.398136200848967 81.437252022325993 78.491436632815748 109.56485782004893 142.32263349369168 78.731575184501708 275.92262084363028 51.526098796632141 97.079100104514509 169.98582444386557 86.989156042225659 70.403275533113629 79676.226510467008 96.598811776377261 977.16608932521194 256.26392271462828 173.4108225167729 85.015988430473953 64.664192382246256 417.69235968333669 4048.9451642043423 1147.098066045437 4516.6927817417309 1564.5408215671778
leaf_count=346 388 258 567 615 263 1942 309 656 593 866 1049 540 1763 355 727 1056 581 434 441305 735 6226 1659 1512 602 426 19972 69487 6394 25545 8603
internal_value=1.81509e-05 -0.00572875 0.00170434 -0.00528473 0.0298786 -0.00935313 0.00177074 -0.0155644 -0.0196029 0.00807783 0.0165045 -0.00320661 -0.0234602 -0.0279078 -0.013826 -0.0313341 -0.0239284 0.0149239 0.00013558 -0.0061222 -0.00430311 -0.0145057 -0.0312471 -0.00293461 -0.00882657 0.000252978 0.004161 5.20266e-05 0.00210651 -0.00293461
internal_weight=94983.5 1900.06 1083.15 869.162 213.985 824.627 468.684 816.916 735.478 419.286 330.619 188.296 673.005 594.514 318.591 221.512 355.943 160.31 93083.4 1712.24 1653.12 675.954 334.674 341.28 161.263 91371.2 4466.64 86904.6 7228.33 2711.64
internal_count=595774 12962 7424 6160 1264 5902 3379 5538 4882 3070 2455 1406 4494 3901 2138 1411 2523 1001 582812 11506 11160 4934 2673 2261 1161 571306 89459 481847 40542 14997
is_linear=0
shrinkage=0.03


Tree=201
num_leaves=31
num_cat=0
split_feature=6 6 12 17 17 12 12 17 14 13 17 13 13 17 11 14 13 14 17 12 14 14 17 14 13 11 17 12 17 17
split_gain=71.9911 64.1586 63.751 145.757 102.605 87.8138 234.187 226.144 187.093 179.317 291.032 186.579 230.446 152.724 128.889 203.826 181.116 146.095 133.947 116.241 102.824 96.8768 161.329 140.873 255.044 116.713 149.546 141.102 139.231 221.748
threshold=-5.4999999999999991 8.5000000000000018 0.3168280324219514 0.028801820172797945 0.026004676439026122 0.25752731697955794 0.25399841043560312 0.032414653485922207 0.028864628797599958 0.11539268489154882 0.032577682288083047 0.092297921168018729 0.090773937912477273 0.017951894258910365 46.358284689767181 0.029606193001129794 0.080256528658169943 0.030237390322584341 0.041586715133523515 0.30983826231669637 0.039619399928731612 0.045734706892143574 0.022856704683030873 0.044389401747428295 0.087027895341913297 99.143032179048319 0.030136365089728539 0.20403576982637511 0.029296644812658399 0.030484290578444897
decision_type=2 2 2 2 2 2 2 2 2 2 2 2 2 2 2 2 2 2 2 2 2 2 2 2 2 2 2 2 2 2
left_child=-1 2 5 4 -4 6 21 -8 -9 11 19 12 13 -7 -15 -16 18 -18 -17 -11 -10 23 -23 25 -25 28 -27 -28 -2 -30
right_child=1 -3 3 -5 -6 9 7 8 20 10 -12 -13 -14 14 15 16 17 -19 -20 -21 -22 22 -24 24 -26 26 27 -29 29 -31
leaf_value=-0.011122651565804661 0.0013579730787425211 0.027655790135922193 0.011098620960704476 0.013861368644194351 -0.0055167360392614877 0.013861368644194351 0.013861368644194351 0.013861368644194351 -0.0055167360392614877 -0.0055167360392614877 0.013861368644194351 -0.0055167360392614877 0.013861368644194351 -0.0055167360392614877 -0.0019024339011543821 0.013861368644194351 0.013861368644194351 -0.0019024339011543821 -0.0019024339011543821 0.013861368644194351 0.013861368644194351 0.013861368644194351 -0.0055167360392614877 -0.0055167360392614877 0.013861368644194351 0.0023318253334363632 0.0023318253334363632 0.01378486752312922 -0.0055167360392614877 -0.00053415810091534495
leaf_weight=516.26341623486951 28832.701687895693 73.924274494871497 338.64695997396484 621.42936533270404 270.02514399029315 216.39136902661994 1696.4225787068717 474.68353457842022 611.62066591763869 937.42114143306389 582.50477328617126 5206.4135767617263 411.46478021796793 4462.4430554462597 2213.3468527100049 1083.6684405654669 95.400397750549018 655.61832534754649 89.514801463112235 55.297752197831869 135.30393224861473 217.0124578778632 1689.253473140765 400.00232307426631 549.6214018240571 1488.3743567182682 618.0175670911558 2205.4863066854887 4101.0045328931883 33887.96162250312
leaf_count=29616 168135 6308 2382 4554 1545 1198 10137 2790 3579 5236 3441 31057 2316 26192 14303 7093 530 4271 530 291 719 1516 10421 2297 3000 9598 3817 15300 24067 198462
internal_value=2.78479e-05 8.91795e-05 6.69472e-05 0.00684619 -0.00387944 -2.29467e-05 0.00039785 0.00873089 -0.0012867 -0.0020442 0.0075607 -0.00309329 -0.000283584 -0.00140225 -0.00210305 0.00171187 0.00920221 -0.00190243 0.0138614 -0.00421214 -0.00551674 6.89803e-05 -0.00551674 0.000248303 0.0117144 9.49067e-05 0.00487749 0.00991684 -0.000213841 -0.00140682
internal_weight=94737.2 94221 94147.1 1230.1 608.672 92917 76907.5 2918.03 1221.61 16009.5 1575.22 14434.3 9227.85 8816.38 8599.99 4137.55 1924.2 751.019 1173.18 992.719 746.925 73989.4 1906.27 72083.2 949.624 71133.5 4311.88 2823.5 66821.7 37989
internal_count=594701 565085 558777 8481 3927 550296 453838 17225 7088 96458 8968 87490 56433 54117 52919 26727 12424 4801 7623 5527 4298 436613 11937 424676 5297 419379 28715 19117 390664 222529
is_linear=0
shrinkage=0.03


Tree=202
num_leaves=31
num_cat=0
split_feature=6 9 16 14 14 17 17 17 15 16 15 15 12 17 13 12 17 16 13 14 13 15 17 15 12 16 13 17 14 13
split_gain=75.3598 69.5638 65.3065 192.151 264.644 252.252 238.313 313.576 220.659 253.631 219.519 400.313 339.513 319.903 251.687 221.203 313.006 369.753 218.303 174.53 217.41 201.11 178.553 176.307 237.25 171.762 230.678 217.019 271.688 196.787
threshold=-5.4999999999999991 16.500000000000004 0.084912013066054864 0.035102100643682001 0.033875710580376653 0.019464878723083012 0.027151925312655475 0.026935054727741433 0.20518967024183554 0.060098062850884627 0.2065926511953681 0.20734011903708299 0.22706961306763221 0.035534809193638987 0.099234573601132844 0.17552787574294706 0.0269887857370265 0.074676368322691561 0.096797082396547593 0.02793715020318387 0.096797082396547593 0.20871311295451087 0.036045534373684886 0.2336903148336085 0.25666830450979483 0.065909391267145387 0.08802851596164242 0.025148183628271561 0.021116726575332433 0.084952724925537432
decision_type=2 2 2 2 2 2 2 2 2 2 2 2 2 2 2 2 2 2 2 2 2 2 2 2 2 2 2 2 2 2
left_child=1 -1 3 4 10 -6 7 8 -5 -10 -2 12 -12 15 19 16 -13 18 -18 20 21 -15 -21 -23 -25 26 27 28 -17 -27
right_child=2 -3 -4 6 5 -7 -8 -9 9 -11 11 13 -14 14 -16 25 17 -19 -20 22 -22 23 -24 24 -26 29 -28 -29 -30 -31
leaf_value=-0.021133056239707921 -0.0050739573895864356 -0.0057249054216660968 0.00069013015424797936 0.02470657598539033 0.057498211846582215 0.0081038351274420068 -0.0057249054216660968 0.054897910926788709 0.032721751141322225 -0.0049380253430932608 0.0067906492952232514 -0.0057249054216660968 0.079340387408400145 0.059554531784282688 -0.0037823123506057171 0.06530398152320703 -0.0057249054216660968 0.053283467442691509 0.046351266900892273 0.056643553836181734 0.050516946532065614 -0.0057249054216660968 0.017207179644306462 0.025757033153802331 -0.0057249054216660968 0.0014126673919935904 0.012653293662531507 -0.0057249054216660968 0.0037469019076464636 -0.0057249054216660968
leaf_weight=333.79276421084069 6821.2106242058799 175.72653358895332 56740.844572222559 322.26607316592708 95.333904453553259 2158.0221850094385 7784.6865715356544 101.73758542910218 173.32632350269705 1961.5213579754345 126.76546113565564 221.74428691156209 105.74884559027851 51.747057441622019 1138.6311903023161 80.013401977717876 116.89630345441401 259.36987318191677 71.53900087531656 110.79348498024046 89.071529449895024 677.83709661616012 1309.2820146866143 423.61081180348992 231.42163199139759 4040.6743109347299 1438.6052633440122 922.92222592420876 303.99860564619303 6356.0195200480521
leaf_count=25219 42342 4314 340799 2112 540 12961 45886 592 1102 11724 720 1204 679 252 7021 418 669 1402 360 679 488 4110 7764 2611 1309 24403 8603 5623 1884 37267
internal_value=-1.41869e-05 -0.011498 4.8147e-05 -0.000923351 0.000402267 0.0102427 -0.00440243 0.00380637 0.00164798 -0.0018527 -0.000489083 0.00124138 0.0401819 0.00072953 0.00816137 -0.00144109 0.0153534 0.0301882 -0.00182673 0.0128603 0.00561631 0.00265919 0.0203593 0.000364373 0.0120778 -0.00229891 0.00437284 -0.00474727 0.0168449 -0.00406128
internal_weight=94745.2 509.519 94235.6 37494.8 27151.3 2253.36 10343.5 2558.85 2457.11 2134.85 24897.9 18076.7 232.514 17844.2 4032.39 13811.8 669.549 447.805 188.435 2893.76 1473.69 1384.62 1420.08 1332.87 655.032 13142.2 2745.54 1306.93 384.012 10396.7
internal_count=595057 29533 565524 224725 163309 13501 61416 15530 14938 12826 149808 107466 1399 106067 24234 81833 3635 2431 1029 17213 8770 8282 8443 8030 3920 78198 16528 7925 2302 61670
is_linear=0
shrinkage=0.03


Tree=203
num_leaves=31
num_cat=0
split_feature=1 5 5 9 3 6 6 0 10 6 4 0 0 16 15 12 6 9 15 15 11 14 14 12 11 17 16 17 14 14
split_gain=77.3586 152.569 103.865 89.2858 61.551 54.9609 53.1709 57.7293 53.1833 117.186 50.1055 47.1091 46.4342 40.8461 61.647 51.4578 38.256 57.9456 39.7219 77.6207 56.366 59.2324 85.5104 58.5925 56.3375 44.4189 44.316 42.4842 40.2627 74.5534
threshold=1.0000000180025095e-35 1.0000000180025095e-35 1.0000000180025095e-35 1.5000000000000002 1.0000000180025095e-35 -1.0000000180025095e-35 -2.4999999999999996 6.5000000000000009 1.5000000000000002 1.0000000180025095e-35 1.0000000180025095e-35 5.5000000000000009 9.5000000000000018 0.054407150276939313 0.23563243008612575 0.25270313161626562 -2.4999999999999996 8.5000000000000018 0.23913086926274743 0.23959525441783264 50.48251913382456 0.03264037195810051 0.036087557309572561 0.1808873607400413 71.582417483985196 0.01871937365084932 0.10179630252013205 0.027211528577991657 0.027307486615925067 0.028134465316302332
decision_type=2 2 2 2 2 2 2 2 2 2 2 2 2 2 2 2 2 2 2 2 2 2 2 2 2 2 2 2 2 2
left_child=1 3 6 5 16 -1 7 -2 9 12 13 -3 -8 14 15 -10 17 -5 20 -20 -18 -22 23 -23 -25 -21 -24 -28 -27 -30
right_child=2 11 -4 4 -6 -7 8 -9 10 -11 -12 -13 -14 -15 -16 -17 18 -19 19 25 21 22 26 24 -26 28 27 -29 29 -31
leaf_value=-0.021704079931969659 -0.0021646285491629677 0.0040043133815159835 -0.0052720049787562031 -0.013498406965467396 0.0022100363396674208 -0.0018929924806428747 -0.0021646285491629677 -0.010698807182362591 0.017397265679700177 0.02569821572282853 -0.0021646285491629677 0.010756866820274663 0.012939789329986465 5.0286128728972617e-05 0.036792830434026924 -0.0021646285491629677 -0.0019376220415225085 -0.0019376220415225085 0.027600074702205931 0.01417513328268318 -0.0001985779362331751 -0.0001985779362331751 -0.0001985779362331751 0.0046407763284392689 0.020898730211966331 -0.0019376220415225085 0.032743581937468735 0.004735127366031126 0.01344405269114232 0.0013378323147632213
leaf_weight=262.33879790594801 2348.7947453781962 2723.2899794792756 4431.5459827031009 458.77787927584723 12248.354491657112 241.67461249232292 421.21453223004937 888.57748870551586 133.421904922463 225.689461362781 6073.0232910134364 1413.4419199684635 140.16944089531898 34406.621787189739 65.112926979549229 53.452126236632466 10948.049009309616 2030.1252663489431 99.878519585588947 232.15893410984427 3827.278084481135 68.878908713813871 773.81067486060783 297.15680200001225 546.4335863692686 2921.408137394581 66.019299127627164 175.08129674941301 495.33340211957693 5771.3951866058633
leaf_count=4227 22897 15517 28018 12767 78103 1005 2435 22746 746 4031 32334 12088 698 189336 372 322 59429 20535 575 1240 24477 381 4629 1790 3604 15855 409 1067 2725 30934
internal_value=-6.68617e-05 0.00082322 -0.000892039 0.000274985 0.000429691 -0.0122497 -0.000458138 -0.00415995 -0.000169307 0.00754479 -0.000318733 0.00631561 0.000181363 0.000138773 0.0121253 0.00323176 -0.0003299 -0.00388284 7.59219e-06 0.00155396 -0.000873886 0.00154047 0.00585565 0.0125092 0.0151963 0.00127201 -0.000139118 0.0126108 0.000942971 0.00229871
internal_weight=94788.5 45600.9 49187.6 41464.2 40960.1 504.013 44756.1 3237.37 41518.7 787.073 40731.6 4136.73 561.384 34658.6 251.987 186.874 28711.8 2488.9 26222.9 9520.17 16702.7 5754.66 1927.38 912.469 843.59 9420.3 1014.91 241.101 9188.14 6266.73
internal_count=595292 291357 303935 263752 258520 5232 275917 45643 230274 7164 223110 27605 3133 190776 1440 1068 180417 33302 147115 51329 95786 36357 11880 5775 5394 50754 6105 1476 49514 33659
is_linear=0
shrinkage=0.03


Tree=204
num_leaves=31
num_cat=0
split_feature=6 16 16 17 13 17 16 15 14 13 14 17 16 16 12 17 11 14 14 14 16 16 16 11 16 17 17 14 16 12
split_gain=68.0508 62.1132 577.82 323.688 283.236 245.478 213.673 234.665 212.241 211.904 284.531 224.811 255.838 270.818 449.976 276.707 295.134 313.547 286.514 276.741 236.992 203.848 248.43 223.98 318.013 198.322 197.058 297.313 190.571 393.189
threshold=7.5000000000000009 0.098583821318967771 0.09636592536254697 0.02163262813968379 0.096436074544498387 0.022432913688345098 0.095006007092879791 0.29980001134559903 0.036087557309572561 0.11313314313900645 0.020937163443550798 0.035738501783780935 0.060098062850884627 0.086341616380575512 0.26137585464054641 0.033790476443275624 -37.258940657439318 0.032208977876468266 0.042917153600553558 0.023288884348807749 0.062801752676547876 0.094048204552910922 0.093156678161620973 31.514866981957883 0.094403943135356314 0.042347073889889827 0.032414653485922207 0.025469246048361545 0.091113301219882634 0.16535412638247879
decision_type=2 2 2 2 2 2 2 2 2 2 2 2 2 2 2 2 2 2 2 2 2 2 2 2 2 2 2 2 2 2
left_child=1 2 6 -4 8 -6 9 -8 -5 21 -11 12 -12 15 -15 16 -14 19 -19 -18 -13 22 28 24 -23 -22 -7 -28 -1 -30
right_child=-2 -3 3 4 5 26 7 -9 -10 10 11 20 13 14 -16 -17 17 18 -20 -21 25 23 -24 -25 -26 -27 27 -29 29 -31
leaf_value=0.00068966737036733373 0.022612897733062083 0.0011576560275420914 0.011267747223014671 -0.024164797588090342 -0.062312777696935807 0.011267747223014671 0.0073182442808024887 -0.046006932665178885 -0.0033331436080610345 -0.033021503431627949 0.011267747223014671 -0.054500597279180191 -0.036094354912526716 0.011267747223014671 -0.026852435075102179 -0.045247217110442856 0.011267747223014671 0.011267747223014671 -0.021446285426095016 -0.021446285426095016 0.011267747223014671 -0.042218175628052683 0.011267747223014671 0.0016767537131074971 -0.0092471435922055912 -0.017153237280315623 -0.04588629469860879 0.0026764627843668897 -0.054065779026298943 -0.0043358568769216628
leaf_weight=47212.868507233914 117.10824891063385 26408.988996086642 363.24146339530125 2023.3055901117623 55.361473623663187 564.31118017574772 4446.9226480573416 73.563143999315798 563.30516003258526 330.41473005246371 208.16277843760327 51.978361760731786 382.00016885483637 767.15932759037241 345.99995322944596 261.02228876296431 137.59632176626474 430.09082615701482 83.239378772675991 951.61812611948699 919.40012272214517 361.19471905799583 1687.372430712916 788.43205772573128 545.55563599336892 222.16673949174583 159.14177624275908 382.78832665272057 146.92465093545616 3670.8614949798211
leaf_count=293113 10129 162748 2181 12252 306 3414 27320 449 3435 1950 1289 380 2604 4699 2094 1537 1005 2739 489 5822 5809 2142 10343 5063 3322 1499 868 2166 844 22762
internal_value=-4.88555e-05 -7.74033e-05 -0.000556123 -0.0114553 -0.0141113 -0.00180048 0.000144123 0.00643051 -0.0196342 -0.00033365 -0.00618535 -0.00430961 -0.00807988 -0.0103217 0.00177624 -0.0163151 -0.012468 -0.00679822 0.0112677 -0.0159122 0.00695244 0.000214037 0.000543474 -0.0100196 -0.020171 0.00984098 0.00133483 -0.0117006 0.000168242 -0.00627698
internal_weight=94662.1 94545 68136 4111.45 3748.21 1161.6 64024.5 4520.49 2586.61 59504.1 5090.85 4760.43 3566.89 3358.73 1113.16 2245.57 1984.54 1602.54 513.33 1089.21 1193.55 54413.2 52718 1695.18 906.75 1141.57 1106.24 541.93 51030.7 3817.79
internal_count=594773 584644 421896 24622 22441 6754 397274 27769 15687 369505 31916 29966 22278 20989 6793 14196 12659 10055 3228 6827 7688 337589 327062 10527 5464 7308 6448 3034 316719 23606
is_linear=0
shrinkage=0.03


Tree=205
num_leaves=31
num_cat=0
split_feature=14 12 16 6 6 11 16 13 16 12 12 16 11 12 14 14 14 11 15 13 16 12 13 13 13 16 14 14 16 15
split_gain=77.4494 276.227 211.039 72.5851 63.0136 63.0149 89.9507 95.1674 76.7338 206.131 282.731 192.583 213.785 209.945 276.925 185.736 397.932 185.82 180.294 160.578 158.954 239.569 235.555 422.479 281.168 236.718 225.212 177.62 152.738 151.887
threshold=0.015950891760879205 0.23242696904884183 0.088519783588357895 -7.4999999999999991 8.5000000000000018 -68.910543978746759 0.08413447690228254 0.10531468831145389 0.084912013066054864 0.25752731697955794 0.25399841043560312 0.091113301219882634 19.021252440025822 0.23885652429744667 0.02618339047547948 0.034852432166307949 0.033875710580376653 100.41498684734496 0.22396457944673256 0.084135837065654764 0.098583821318967771 0.19277588917132946 0.098432714357713932 0.082652679587317049 0.065093427063582038 0.10938584749472319 0.04203881970066229 0.040505026154646621 0.070458614164143937 0.28641500378615392
decision_type=2 2 2 2 2 2 2 2 2 2 2 2 2 2 2 2 2 2 2 2 2 2 2 2 2 2 2 2 2 2
left_child=1 -1 -3 -2 5 6 -5 -8 15 10 11 12 -10 14 -14 16 17 18 -7 -12 -13 -22 23 24 -23 27 29 -24 -20 -26
right_child=3 2 -4 4 -6 8 7 -9 9 -11 19 20 13 -15 -16 -17 -18 -19 28 -21 21 22 25 -25 26 -27 -28 -29 -30 -31
leaf_value=-0.028575768270107854 -0.024016078825704848 -0.0062804112950486449 0.049882008174515338 -0.0027463032762981314 0.027925809533760833 -0.0027463032762981314 -0.012000520578964663 -0.0027463032762981314 -0.00036908608325431238 -0.0027463032762981314 -0.0027463032762981314 -0.0025040397231758989 0.013959646217369255 0.013959646217369255 0.0039741884255118116 -0.0027463032762981314 0.013959646217369255 0.0095002391271570442 -0.0027463032762981314 0.013959646217369255 -0.0027463032762981314 -0.0027463032762981314 -0.00024390300977346067 -0.0027463032762981314 0.013959646217369255 0.013959646217369255 -0.0027463032762981314 0.013959646217369255 0.0037771797228078868 -0.0027463032762981314
leaf_weight=98.189997084438801 111.25663956138305 92.63293245062232 167.93172407522798 741.6393343671225 70.7441575974226 9418.4888686090708 717.26418873714283 321.39871821785346 4336.3254019026645 10000.922318903496 503.82712891697884 13022.678976408206 982.12139319488779 1523.0529013271444 3681.9219003021717 10601.674201247282 1746.5847070603631 1580.4981369166635 4969.2531390944496 1177.0438196025789 4020.07501940988 831.96712894784287 2502.0989815536886 6902.7620202065445 3132.6926120780408 2216.1860383367166 277.09644297650084 302.78287408873439 8443.4104327266105 240.36550513841212
leaf_count=619 11551 609 1112 4847 6363 57287 4680 2043 26051 62109 3243 78428 6208 9269 22860 64673 10664 11073 30354 6861 23836 5096 15498 41596 19663 13078 1692 2038 50334 1401
internal_value=3.92325e-05 0.013913 0.03002 -1.38001e-05 1.50377e-05 -6.5171e-06 -0.00559385 -0.0120005 0.000101238 0.000803791 0.00166139 0.00119948 0.00473866 0.00831746 0.00486 -0.000962401 0.000549523 -0.000441131 -0.0011301 0.0137292 8.57932e-05 0.00173703 0.00343161 0.00104382 0.00826626 0.00884317 0.0120252 0.00287417 0.00132104 0.0139596
internal_weight=94734.9 358.755 260.565 94376.1 94264.9 94194.1 1780.3 1038.66 92413.8 55653.9 45653 43972.1 10523.4 6187.1 4664.04 36759.9 26158.2 24411.7 22831.2 1680.87 33448.7 20426 16406 11384.9 4482.12 5021.07 3650.15 2804.88 13412.7 3373.06
internal_count=595136 2340 1721 592796 581245 574882 11570 6723 563312 338927 276818 266714 64388 38337 29068 224385 159712 149048 137975 10104 202326 123898 100062 69448 27852 30614 22756 17536 80688 21064
is_linear=0
shrinkage=0.03


Tree=206
num_leaves=31
num_cat=0
split_feature=1 5 2 5 2 4 2 2 4 0 9 6 6 9 6 0 10 6 0 6 0 0 6 0 3 13 15 14 12 11
split_gain=63.8862 160.642 114.254 112.94 85.5246 101.304 82.093 70.6739 77.8289 58.9036 46.5573 57.1477 35.5185 44.7505 35.2325 66.4182 39.3238 57.112 33.7747 31.9001 36.6146 31.6406 31.3608 125.627 30.2746 28.3701 38.8809 27.7176 28.8258 38.0119
threshold=1.0000000180025095e-35 1.0000000180025095e-35 1.5000000000000002 1.0000000180025095e-35 1.0000000180025095e-35 1.0000000180025095e-35 1.5000000000000002 1.5000000000000002 1.0000000180025095e-35 7.5000000000000009 1.5000000000000002 -1.0000000180025095e-35 2.5000000000000004 10.500000000000002 -1.0000000180025095e-35 8.5000000000000018 5.5000000000000009 1.0000000180025095e-35 7.5000000000000009 1.0000000180025095e-35 7.5000000000000009 5.5000000000000009 1.0000000180025095e-35 8.5000000000000018 1.0000000180025095e-35 0.058605519976797978 0.23176198812830617 0.026976134852870679 0.27347756996570211 66.838317951155105
decision_type=2 2 2 2 2 2 2 2 2 2 2 2 2 2 2 2 2 2 2 2 2 2 2 2 2 2 2 2 2 2
left_child=1 4 9 7 5 19 21 8 14 -3 11 -6 -12 -14 15 27 17 -16 -7 -1 -21 -5 -9 -24 -19 26 -18 28 -2 -30
right_child=3 2 -4 6 10 18 -8 22 -10 -11 12 -13 13 -15 16 -17 25 24 -20 20 -22 -23 23 -25 -26 -27 -28 -29 29 -31
leaf_value=0.00043749663856264552 -0.0030312385238356622 0.0089690882726478523 0.0012900284630108505 -0.0065661100399018648 -0.019385676313962107 0.0069085299035167294 -0.0012138016961953607 0.00069936628890520942 -0.0050321181136170042 0.022194245463923172 -0.00093795054191697506 0.00042503295249775173 0.013828151072739376 0.0015773385071004651 -0.0010180132794750777 -0.011811877002127377 -0.0010180132794750777 0.014005997858733224 0.017643389822760737 0.0028790760704463709 0.014492123415910345 -0.013912412344806207 0.002448623941486924 0.025827041365010187 0.0046073120101169799 -0.00040724617036085487 0.018872041275880318 -0.0010180132794750777 -0.019339704510655472 -0.0010180132794750777
leaf_weight=11145.013928218279 1774.3878308907151 1741.7982085940894 2006.5664991270751 1376.896630467847 266.13930934062228 1113.9755957860034 2168.9934655064717 10246.625161587726 3989.5603912228253 366.99957725452259 23966.084498268086 256.16728166490793 322.6016693606507 1008.8840113626793 677.74417596310377 596.87583640450612 181.56122364988551 596.8963482491672 346.09983116295189 2758.2525168636348 266.34917934658006 861.35215556109324 2807.5217978628352 221.38657717499882 210.5410421716515 17362.850591500755 161.86806266661733 5518.7165981316939 234.03737939614803 94.758820137940347
leaf_count=60894 11619 10983 13583 7188 4319 6687 13908 56490 24100 2972 134225 1064 12318 14748 2790 8281 1129 9339 2449 22589 4426 6885 23397 4056 3124 92073 925 36425 1541 522
internal_value=-4.36037e-05 0.000765323 0.00641698 -0.000794557 0.00020391 0.00195527 -0.00537518 -0.000342457 -0.00111829 0.0112895 -0.000856318 -0.00970488 -0.000672874 0.00409263 -0.000548312 -0.00219162 0.000155592 0.00484108 0.0094738 0.00117931 0.00391063 -0.00940311 0.00149248 0.0041733 0.0102326 -0.000237924 0.00827536 -0.00143535 -0.00455093 -0.0126842
internal_weight=94647.5 45564.9 4115.36 49082.6 41449.6 15629.7 4407.24 44675.3 31399.8 2108.8 25819.9 522.307 25297.6 1331.49 27410.2 8218.78 19191.5 1485.18 1460.08 14169.6 3024.6 2238.25 13275.5 3028.91 807.437 17706.3 343.429 7621.9 2103.18 328.796
internal_count=595049 291257 27538 303792 263719 97045 27981 275811 191868 13955 166674 5383 161291 27066 167768 58388 109380 15253 9136 87909 27015 14073 83943 27453 12463 94127 2054 50107 13682 2063
is_linear=0
shrinkage=0.03


Tree=207
num_leaves=31
num_cat=0
split_feature=14 17 16 16 11 13 14 17 14 13 17 12 17 13 15 15 11 12 13 16 13 15 17 17 17 13 13 17 17 14
split_gain=75.3733 498.243 245.35 282.924 308.194 282.496 274.811 362.092 264.579 242.704 210.861 227.35 270.152 311.365 241.574 202.822 215.67 188.395 205.312 228.662 169.823 145.475 144.096 140.275 242.695 212.215 202.437 190.56 182.324 154.379
threshold=0.021116726575332433 0.043810643592892946 0.10938584749472319 0.12381062067787439 69.489448519786734 0.10187718069533296 0.020152786128087099 0.027449647728488357 0.018726837769657938 0.11442759504093067 0.040169285262888099 0.22807916165966916 0.024280556541011269 0.085751922944720338 0.28641500378615392 0.23011246633153379 -5.5715532993480101 0.23299931749640562 0.061390305033968154 0.065233609318350982 0.12899909349616595 0.26473209696514893 0.037724632160133699 0.031508780294306517 0.030664012022279166 0.081533418517677772 0.096436074544498387 0.027151925312655475 0.03211986956840205 0.019653356562301116
decision_type=2 2 2 2 2 2 2 2 2 2 2 2 2 2 2 2 2 2 2 2 2 2 2 2 2 2 2 2 2 2
left_child=1 2 5 22 -5 10 8 -8 20 -9 11 14 13 -13 21 16 -10 -14 -19 -20 -7 -1 -4 24 25 27 -27 -21 -25 -30
right_child=-2 -3 3 4 -6 6 7 9 15 -11 -12 12 17 -15 -16 -17 -18 18 19 23 -22 -23 -24 28 -26 26 -28 -29 29 -31
leaf_value=0.01856725671447516 -0.00026784837179568761 -0.040670951538125236 0.036842510431367922 -0.051249967992235607 0.037547870349735835 0.014760713126183364 -0.028055013022649396 0.049697689352412852 -0.055984679647335563 -0.0065539244622378513 0.036124649294155611 0.044497856969494431 -0.026516769945268876 -0.012245434525824458 -0.022610894474540139 -0.051688500564303137 0.0090742081495961795 0.059854755860332912 -0.046801230023758564 -0.0063657337045375014 -0.039153362508147438 0.057855786925064961 -0.0036243437097920471 0.045169376298682402 -0.05996714152467094 -0.037145287456646761 0.014032964102975222 0.035279943396742071 -0.010968710680854081 0.023351247372411319
leaf_weight=723.65099029289559 89103.346752634039 220.06295913364738 496.90682024229318 87.110023509711027 56.304186535533518 219.46750169992447 154.44840157404542 180.74285833584145 65.756727476604283 110.26159043051302 209.00543602183461 229.65251318691298 300.51804264448583 138.26686360128224 116.62882982380688 267.03326765913516 140.54065177962184 46.944686792325228 96.318628297653049 222.03833651915193 66.957296582870185 94.944529501255602 93.734147707466036 114.54955985862762 70.781015550717711 214.39213927555829 101.22465892601758 175.55704563623294 281.34631324093789 200.15055586537346
leaf_count=4520 560128 1410 3097 478 420 1299 867 1137 423 661 1542 1435 1909 928 651 1719 968 406 575 1313 407 583 648 679 370 1387 623 1052 1937 1356
internal_value=-5.75196e-05 0.00335171 0.00520289 0.0212706 -0.0163511 0.00259742 -0.00984066 0.00884335 -0.0207898 0.0284847 0.00709421 0.00513197 -0.00015594 0.0232224 0.0174983 -0.0345145 -0.0120016 -0.00489232 -0.000597063 -0.00259766 0.00197316 0.023254 0.0304299 0.000550751 -0.00778103 -0.00244874 -0.0207464 0.0121073 0.0114991 0.00333513
internal_weight=94598.6 5495.3 5275.23 734.055 143.414 4541.18 1205.21 445.453 759.755 291.004 3335.97 3126.96 2191.74 367.919 935.224 473.331 206.297 1823.82 1523.3 1476.36 286.425 818.596 590.641 1380.04 783.993 713.212 315.617 397.595 596.046 481.497
internal_count=594928 34800 33390 4643 898 28747 7481 2665 4816 1798 21266 19724 13970 2363 5754 3110 1391 11607 9698 9292 1706 5103 3745 8717 4745 4375 2010 2365 3972 3293
is_linear=0
shrinkage=0.03


Tree=208
num_leaves=31
num_cat=0
split_feature=16 12 17 14 12 12 12 14 16 14 15 15 17 12 13 17 16 13 12 15 11 13 12 11 17 16 17 13 11 14
split_gain=65.6745 297.167 225.182 144.612 213.871 137.589 78.569 89.6986 66.3591 64.1817 170.061 234.266 236.545 147.94 144.647 167.552 120.89 241.043 136.43 119.44 165.524 142.337 118.213 114.527 108.2 140.751 108.142 99.2084 75.5085 63.0212
threshold=0.13696017927960544 0.17736066974312367 0.023342499943461256 0.028183957248590345 0.27223233144453551 0.20725749757011677 0.22706961306763221 0.024830839606544811 0.14372316079552783 0.046189505838202333 0.21827966470375729 0.22149684241048845 0.035198913656044176 0.23917630935371295 0.10213783024448315 0.034054430963169881 0.0897479103951144 0.081533418517677772 0.21189039559272629 0.2374918901509126 10.006833685843278 0.089266260033430078 0.23263776530552557 15.257543845155626 0.03063087544403921 0.076520504883781384 0.031360534798157348 0.11029479626358729 2.0213992003801882 0.044389401747428295
decision_type=2 2 2 2 2 2 2 2 2 2 2 2 2 2 2 2 2 2 2 2 2 2 2 2 2 2 2 2 2 2
left_child=9 -2 -3 4 6 -5 -4 -8 -7 29 16 -12 14 28 15 19 22 -18 -19 26 21 -21 -11 -20 25 -16 -13 -24 -14 -1
right_child=1 2 3 5 -6 8 7 -9 -10 10 11 12 13 -15 24 -17 17 18 23 20 -22 -23 27 -25 -26 -27 -28 -29 -30 -31
leaf_value=-8.8298399833507219e-05 -0.058610071345929507 0.051455305501642915 -0.017009623307466075 -0.0092446245168189417 -0.059716506608643437 0.016920167626855252 -0.0088373246551975426 0.045849289755185665 0.053164590509506643 -0.039507872553762181 0.06624399608716669 -0.039530320004588421 -0.0051653020379571184 0.070407598517807216 0.014811007725985096 -0.049157661995938545 0.057957850565673548 -0.030485890604665635 -0.021977193927314325 -0.024199221791790838 0.044650017251136695 0.022225874697709719 -0.021062480997482317 0.031559274533611847 0.0069100502785037574 -0.042849337364855952 0.020078393238941117 0.030280033634812777 0.036018616571739083 0.0061901810337001437
leaf_weight=90584.613370474195 51.810751006007195 120.22673806780949 79.824621550738811 90.295324491336942 58.24946266063489 91.53008569823578 47.170737558975816 59.426653121132404 94.016312243416905 259.89485601196066 47.085348790511489 70.87285165861249 92.183076665736735 51.53199128806591 45.311145938932896 48.321960159111768 47.829910668544471 176.23253555456176 60.995316315907985 99.554182908497751 125.56394848646596 77.004886497743428 121.71993962163106 82.090986201073974 81.074736069422215 211.76936512626708 42.314625614322722 44.712024504318833 68.292156879324466 1460.0893310448155
leaf_count=569396 319 768 398 528 315 633 331 403 659 1697 270 549 579 253 403 302 267 1099 572 787 917 539 966 596 560 1494 268 239 432 8711
internal_value=-3.19729e-05 0.00915912 0.0148043 0.00617423 -0.0105722 0.0209975 0.00525429 0.0219327 0.0356563 -9.99553e-05 -0.00562277 0.00223601 -0.000861393 0.0271692 -0.00832235 0.0025679 -0.0161092 -0.00345702 -0.0129597 0.008793 0.018612 -0.000198268 -0.0269381 0.00874921 -0.0231809 -0.0326507 -0.0172842 -0.00707352 0.0125886 1.14284e-05
internal_weight=94591.6 692.551 640.74 520.513 244.671 275.842 186.422 106.597 185.546 93899.1 1854.36 1060.88 1013.79 212.007 801.788 463.632 793.476 367.149 319.319 415.31 302.123 176.559 426.327 143.086 338.155 257.081 113.187 166.432 160.475 92044.7
internal_count=595250 4354 4035 3267 1447 1820 1132 734 1292 590896 12789 7353 7083 1264 5819 3362 5436 2534 2267 3060 2243 1326 2902 1168 2457 1897 817 1205 1011 578107
is_linear=0
shrinkage=0.03


Tree=209
num_leaves=31
num_cat=0
split_feature=14 12 16 6 6 26 5 5 2 2 2 4 2 4 9 21 17 0 6 0 0 6 0 15 12 13 13 15 16 6
split_gain=72.418 231.569 191.852 64.1705 60.9059 56.9565 139.399 102.821 89.6906 88.5953 80.1319 77.415 68.1285 48.9863 47.9185 42.909 40.9099 36.1328 35.457 43.0227 34.3075 32.86 31.8052 30.8437 65.4348 47.1138 52.676 50.1771 47.0827 29.4836
threshold=0.015950891760879205 0.23242696904884183 0.088519783588357895 -7.4999999999999991 7.5000000000000009 1.0000000180025095e-35 1.0000000180025095e-35 1.0000000180025095e-35 1.0000000180025095e-35 1.5000000000000002 1.5000000000000002 1.0000000180025095e-35 1.0000000180025095e-35 1.0000000180025095e-35 1.5000000000000002 0.22992955660223022 0.029941720801813763 2.5000000000000004 1.5000000000000002 7.5000000000000009 3.5000000000000004 -1.0000000180025095e-35 9.5000000000000018 0.29568377261519452 0.18247631728715161 0.087856220609525609 0.10934053187911545 0.30311366842994081 0.091113301219882634 -2.4999999999999996
decision_type=2 2 2 2 2 2 2 2 2 2 2 2 2 2 2 2 2 2 2 2 2 2 2 2 2 2 2 2 2 2
left_child=1 15 -3 -2 5 6 8 12 11 17 20 -5 13 29 21 -1 -4 -8 -16 -20 -9 -10 23 -14 -25 -26 27 -27 -29 -7
right_child=3 2 16 4 -6 7 9 10 14 -11 -12 -13 22 -15 18 -17 -18 -19 19 -21 -22 -23 -24 24 25 26 -28 28 -30 -31
leaf_value=-0.0049763472612408379 -0.022829518903159277 -0.0068561432785558237 0.025311958755670941 0.0012735322776137958 0.021927946197911625 -0.0065633586744026449 0.0035560124792724428 -0.0044788383806223121 -0.011443087766871717 0.0014663407739593693 -0.0010251101209690116 0.008527140825997398 0.00064898843368805636 -0.0068867030980967218 -0.0011657710114869207 -0.04478842679097874 0.057582151360679845 0.010922410838353795 0.001214079206825519 0.010922410838353795 -0.011443087766871717 -0.00052193603436262112 0.0098190601896638672 0.010922410838353795 -0.011443087766871717 -0.011443087766871717 -0.011443087766871717 0.010922410838353795 -0.0074399295494133356 -0.0010129363939201572
leaf_weight=47.233638704754412 109.49530049343593 91.613888749852777 58.903044867329299 14082.709753941279 111.27708666981198 915.73896549455822 617.16607439238578 883.62194575183094 251.86704091308638 2013.5363953951746 2137.6996943731792 1459.8143981969915 26334.402997437865 1591.666999948211 22080.305482518859 49.588693458586931 110.49652713350952 1468.5693929474801 2817.8552759736776 222.95531430374831 1354.0848046517931 256.68175867199898 326.76464854273945 119.37198588717729 502.87458073114976 120.75481288786978 160.79047456290573 195.85155318817124 124.38301825895905 14043.795507001691
leaf_count=299 11673 608 356 84466 10088 12204 3141 4236 3787 13054 13251 8881 158832 9061 117038 319 771 10191 31564 6176 9340 1069 1753 665 3127 728 1020 1179 713 75920
internal_value=-3.23279e-05 0.0134004 0.02805 -8.35815e-05 -5.66566e-05 -8.31245e-05 0.000683315 -0.000793973 0.000157912 0.0059577 -0.00518081 0.00195583 -0.000361812 -0.00188641 -0.000932461 -0.0258604 0.0467876 0.010288 -0.000747479 0.00228864 -0.00914633 -0.0100314 0.000543179 0.000432489 -0.00421887 -0.00661096 -0.000791387 0.00475108 0.0109224 -0.00135353
internal_weight=94661.9 357.836 261.013 94304 94194.5 94083.3 45271.5 48811.8 41172.2 4099.27 4375.41 15542.5 44436.4 16551.2 25629.7 96.8223 169.4 2085.74 25121.1 3040.81 2237.71 508.549 27885.2 27558.4 1224.03 1104.65 601.78 440.989 320.235 14959.5
internal_count=595510 2353 1735 593157 581484 571396 279367 292029 252981 26386 26827 93347 265202 97185 159634 618 1127 13332 154778 37740 13576 4856 168017 166264 7432 6767 3640 2620 1892 88124
is_linear=0
shrinkage=0.03


Tree=210
num_leaves=31
num_cat=0
split_feature=16 12 17 14 12 12 12 14 13 17 13 11 16 16 17 12 12 16 14 14 14 13 17 16 12 12 17 12 16 12
split_gain=69.1275 287.205 213.593 135.325 191.553 134.016 81.5693 80.2384 69.0835 247.458 208.344 456.146 195.214 212.268 187.17 202.77 177.928 362.739 195.263 412.172 209.002 195.726 191.191 212.032 188.187 183.486 176.61 147.24 150.585 152.87
threshold=0.13696017927960544 0.17736066974312367 0.023342499943461256 0.028183957248590345 0.27223233144453551 0.20725749757011677 0.22706961306763221 0.024830839606544811 0.070126330525460842 0.017236706073630492 0.070463318302486325 61.019937405100116 0.063939976903660836 0.11681052582325803 0.026742662713572046 0.19023209442751823 0.21104346249751751 0.10486793288122796 0.02786086974256842 0.030492964028271185 0.041187952516631751 0.066795812015542924 0.041785487957301741 0.10965315181231929 0.20594078473948416 0.2376825629517518 0.040774252776616095 0.24328963801728856 0.078979392493707626 0.2807271102694619
decision_type=2 2 2 2 2 2 2 2 2 2 2 2 2 2 2 2 2 2 2 2 2 2 2 2 2 2 2 2 2 2
left_child=8 -2 -3 4 6 -5 -4 -8 9 -1 11 -10 14 16 -11 -16 17 24 -19 21 -21 -20 26 25 -14 -24 -18 -27 -29 -30
right_child=1 2 3 5 -6 -7 7 -9 10 12 -12 -13 13 -15 15 -17 22 18 19 20 -22 -23 23 -25 -26 27 -28 28 29 -31
leaf_value=0.036167678669243357 -0.056969814286691928 0.049968321571591284 -0.017558282913263331 -0.0089958721837785516 -0.058415488713070077 0.034761259754145173 -0.0068922936739038614 0.045080914481231707 -0.037293936378210907 0.015195305092097437 -0.00030969269969685203 0.048985450831315273 -0.0043162078975076687 -0.016224758867154101 0.031857229009832927 -0.030544407550206255 0.0054856957933158311 0.054359945556963607 0.00066997397894650451 0.036632611032952955 -0.02527751745702482 -0.0718832859753223 0.056646304204245553 -0.020573293780455242 -0.028494829469763481 -0.025300181029664203 -0.029438859451215622 0.062837529887322122 0.038975710974010425 -0.029080996131717843
leaf_weight=186.59028474194929 52.35146602243185 123.72791651263833 82.571690279990435 92.743532107211649 54.550656353356317 189.89507115492597 47.649483042769134 57.578487537801266 317.06108929635957 142.63520588260144 82285.187202143716 64.869511645287275 2156.3621699796058 516.89023470832035 50.976958990097046 427.09272091602907 6228.899603032507 108.79340815916657 68.32324099726975 303.94754254398867 56.980623544659466 63.519860543310642 168.61223065946251 78.668153608217835 332.89222987229005 57.840692971367389 131.13801359618083 70.217106409370899 61.939454916864634 53.560691590886563
leaf_count=1229 321 790 409 543 303 1317 337 392 1930 814 517424 428 13538 3160 274 2595 40273 597 445 1670 367 296 980 603 2003 349 1021 370 415 291
internal_value=-4.20741e-05 0.00932985 0.0148389 0.00640146 -0.010005 0.0204407 0.00452435 0.0218567 -0.000112218 0.00209142 -0.000412574 -0.0224609 0.00151111 0.00248226 -0.0148078 -0.0237855 0.00345795 -0.00251609 0.0183523 0.010215 0.0267733 -0.0348368 0.00615313 0.0241565 -0.00756994 0.0327519 0.00475656 0.0158834 0.0288427 0.00745808
internal_weight=94634.1 701.068 648.717 524.989 242.35 282.639 187.8 105.228 93933 11265.9 82667.1 381.931 11079.3 10458.6 620.705 478.07 9941.7 3090.82 601.565 492.771 360.928 131.843 6850.88 490.838 2489.25 412.17 6360.04 243.558 185.717 115.5
internal_count=595484 4412 4091 3301 1441 1860 1138 729 591072 71290 519782 2358 70061 66378 3683 2869 63218 18916 3375 2778 2037 741 44302 3008 15541 2405 41294 1425 1076 706
is_linear=0
shrinkage=0.03


Tree=211
num_leaves=31
num_cat=0
split_feature=16 13 13 13 14 14 14 14 14 11 13 16 16 13 13 13 16 16 13 14 13 13 14 14 16 13 16 7 13 13
split_gain=64.1166 151.062 120.86 71.7471 67.2492 111.344 106.053 64.3419 86.6929 93.8258 88.1556 82.6627 88.6858 82.2899 73.2565 94.2281 113.119 172.532 118.487 67.1897 237.183 577.29 323.81 147.163 459.244 177.531 152.055 146.365 141.626 151.286
threshold=0.13696017927960544 0.091104714013079055 0.10934053187911545 0.11366264659262021 0.02618339047547948 0.032815597873557589 0.03839536313993526 0.046189505838202333 0.053407306699860886 -34.753533852282651 0.10234650930078056 0.11348546622425677 0.070458614164143937 0.11495451926588697 0.08963387841191145 0.083544276524371686 0.10208665406598953 0.093156678161620973 0.088374761565945426 0.039619399928731612 0.11130876630265792 0.11539268489154882 0.04226542771506981 0.03905303467656171 0.095297745371005868 0.096797082396547593 0.10938584749472319 4.5000000000000009 0.11029479626358729 0.081533418517677772
decision_type=2 2 2 2 2 2 2 2 2 2 2 2 2 2 2 2 2 2 2 2 2 2 2 2 2 2 2 2 2 2
left_child=7 4 -3 -4 -2 -6 -7 19 9 10 -9 12 -11 14 15 -14 17 18 -17 23 27 -22 -23 -1 -25 26 -26 28 29 -21
right_child=1 2 3 -5 5 6 -8 8 -10 11 -12 -13 13 -15 -16 16 -18 -19 -20 20 21 22 -24 24 25 -27 -28 -29 -30 -31
leaf_value=-0.00010255390447146783 -0.025953344155984201 0.037079140289185381 -0.02449100150918488 0.018410399804273152 0.029794760859100929 -0.032986009620765054 0.01713481520580367 -0.016510499487045482 0.0093588091629474499 0.022537282834113513 -0.043444458674853574 0.021809201613409344 -0.01371898163682342 0.017879844526002754 -0.016510499487045482 0.029503336075387392 -0.016510499487045482 0.058796760320189115 -0.016510499487045482 -0.0029756185609185999 0.053762754609970563 0.0254417675957079 -0.03082326401833245 -0.021478037401640858 0.041184527920544049 -0.033113556636815311 0.0032139607114400901 -0.02464681233768426 -0.038719321078415164 0.0055047033444098406
leaf_weight=81716.515601961873 97.919367840047926 210.18368377303705 56.337512941099703 86.026797517202795 88.062068773433566 89.090724239591509 63.527702365070581 60.152545762248337 290.61454240931198 80.547128208680078 141.62013753596693 90.52865229267627 337.54207073012367 88.720866444520652 546.83789705997333 59.099224452394992 47.649115587119013 70.100795600097626 42.339759213384241 3138.372153329663 264.60372436419129 172.46459501283243 192.94329275703058 961.64475342445076 196.48133463878185 56.726521794684231 182.61477478593588 191.73334743222222 75.105050716549158 4766.395643286407
leaf_count=513247 635 1344 347 479 599 555 415 347 1976 726 1126 754 2117 562 3681 466 349 371 309 17350 1692 1239 1281 5991 1208 370 1117 7402 409 25972
internal_value=-4.8308e-05 0.00904233 0.0227316 0.00132903 -0.00526066 0.00330255 -0.0121713 -0.000115503 -0.00564301 -0.00843693 -0.0274312 -0.00558979 -0.00756966 -0.00963792 -0.0118785 -0.00380498 0.0114482 0.0233155 -0.00186711 -3.78329e-06 0.0024884 0.0201946 -0.00427345 -0.000267755 -0.00991387 0.0155841 0.0230065 0.00111868 0.00174378 0.00213792
internal_weight=94462.5 691.148 352.548 142.364 338.6 240.68 152.618 93771.4 1855.75 1565.14 201.773 1363.37 1272.84 1192.29 1103.57 556.731 219.189 171.54 101.439 91915.6 8801.62 630.012 365.408 83114 1397.47 435.823 379.096 8171.61 7979.87 7904.77
internal_count=594436 4374 2170 826 2204 1569 970 590062 12784 10808 1473 9335 8581 7855 7293 3612 1495 1146 775 577278 55345 4212 2520 521933 8686 2695 2325 51133 43731 43322
is_linear=0
shrinkage=0.03


Tree=212
num_leaves=31
num_cat=0
split_feature=6 6 16 16 17 16 13 17 16 11 16 16 16 15 16 15 12 17 11 14 14 14 17 14 12 16 15 12 13 13
split_gain=64.3295 59.4682 58.3007 579.406 256.082 176.718 181.248 227.388 188.828 232.76 186.569 229.307 181.777 179.732 286.825 207.324 294.585 207.272 219.177 179.347 175.356 327.905 175.035 242.487 212.545 341.677 229.691 217.566 236.243 328.112
threshold=-7.4999999999999991 6.5000000000000009 0.098583821318967771 0.09636592536254697 0.02163262813968379 0.095006007092879791 0.11313314313900645 0.035738501783780935 0.063449507110614381 66.838317951155105 0.094048204552910922 0.093156678161620973 0.091113301219882634 0.20603036097229235 0.089560430750753636 0.18894678726549805 0.27223233144453551 0.036753405244583093 37.578467605861995 0.027745449309613274 0.027375155055644414 0.02537561860131694 0.020406836954622191 0.039762534127967437 0.19277588917132946 0.10965315181231929 0.30698755011761392 0.21721247733024332 0.10998160983535595 0.080796924907411319
decision_type=2 2 2 2 2 2 2 2 2 2 2 2 2 2 2 2 2 2 2 2 2 2 2 2 2 2 2 2 2 2
left_child=-1 2 3 5 -5 6 10 8 -8 -10 11 12 13 14 15 16 -2 -17 -19 -12 21 -7 23 -4 25 -24 27 -26 29 -29
right_child=1 -3 22 4 -6 20 7 -9 9 -11 19 -13 -14 -15 -16 17 -18 18 -20 -21 -22 -23 24 -25 26 -27 -28 28 -30 -31
leaf_value=-0.022986793699115202 0.0027846821231154741 0.01673125910075204 -0.011502187336844261 0.0083399317127893779 -0.011502187336844261 0.0083399317127893779 0.0083399317127893779 0.0056168222651271325 -0.011502187336844261 0.0083399317127893779 0.0069663791139748209 0.0083399317127893779 -0.0060849028471922266 0.0018250314326478899 0.0083399317127893779 -0.011502187336844261 -0.011502187336844261 -0.010363119091373867 0.0083399317127893779 -0.011502187336844261 0.0083399317127893779 -0.011502187336844261 0.0032037625524716585 0.0083399317127893779 0.0082816618848517969 -0.011502187336844261 -0.011502187336844261 0.0068155557154358486 0.0083399317127893779 -0.0032690256637743272
leaf_weight=107.86641239537857 5375.6212530373596 188.40666147763841 1037.3445081287064 357.41500673256814 3772.5829509478062 821.83572658570483 370.74109912291169 1219.5102681377903 3071.0062967720442 414.05860120709985 490.46768569108099 1687.2213648767211 3834.9553879881278 34493.618966366164 727.04089304059744 3706.3236017338932 597.70684847515076 1019.6005033780821 1146.5932269161567 1191.8869879767299 3141.7048889133148 572.36678543966264 2249.742345736362 162.00079141650349 5770.0638553313911 1664.2743601175025 349.8692721305415 4277.4333716840483 1754.5303665781394 9030.2209714245982
leaf_count=11709 33012 15970 6225 2138 22336 5141 2191 7569 18667 2540 3008 10096 22948 206702 4717 22176 3781 6160 7262 7044 18524 3336 13407 1040 34662 9652 2141 26529 10480 54260
internal_value=-4.42556e-05 -1.7581e-05 -5.13957e-05 -0.000515196 -0.0114026 0.000189009 -0.000247293 -0.00566756 -0.00923763 -0.0114236 0.000259789 0.000574556 0.000193965 0.000705801 -0.0023646 -0.00363581 0.000299627 -0.00763755 -0.000249399 -0.00956852 0.00589504 -0.00317366 0.00114816 -0.0100386 0.00168353 -0.00473753 0.00287034 0.00332931 0.00143131 -2.70364e-05
internal_weight=94604 94496.1 94307.7 68012.3 4130 63882.3 59346.4 5075.32 3855.81 3485.06 54271 52588.7 50901.5 47066.5 12572.9 11845.8 5973.33 5872.52 2166.19 1682.35 4535.91 1394.2 26295.5 1199.35 25096.1 3914.02 21182.1 20832.2 15062.2 13307.7
internal_count=595423 583714 567744 409348 24474 384874 357873 30967 23398 21207 326906 316854 306758 283810 77108 72391 36793 35598 13422 10052 27001 8477 158396 7265 151131 23059 128072 125931 91269 80789
is_linear=0
shrinkage=0.03


Tree=213
num_leaves=31
num_cat=0
split_feature=6 14 15 17 15 12 17 12 12 13 14 15 15 17 12 17 16 12 12 12 16 15 14 14 17 13 13 13 14 12
split_gain=61.3045 58.1446 123.498 208.335 170.923 129.667 97.3147 93.896 81.7899 70.696 69.94 232.489 238.976 335.775 355.712 159.672 210.65 154.187 197.161 126.307 116.911 105.536 123.939 83.3486 334.079 364.715 236.204 221.293 205.263 236.738
threshold=-7.4999999999999991 0.046189505838202333 0.21827966470375729 0.035198913656044176 0.22171717052132686 0.23917630935371295 0.022954179582427427 0.23393657488491945 0.20844547975655575 0.073422256988720805 0.044022132036979682 0.2545128960997684 0.2484609062151297 0.031274604924908564 0.22460005089357502 0.036339846752258854 0.081321302388670733 0.24328963801728856 0.27223233144453551 0.22706961306763221 0.070458614164143937 0.21685901031093316 0.045150344511471062 0.041661559575366609 0.032499276911442325 0.084654754554684977 0.11832489244857404 0.1116378259200041 0.040046107955859563 0.17311087603922146
decision_type=2 2 2 2 2 2 2 2 2 2 2 2 2 2 2 2 2 2 2 2 2 2 2 2 2 2 2 2 2 2
left_child=-1 10 9 4 -4 -5 7 8 -6 -3 23 12 13 14 21 -15 -17 -16 -19 -18 -13 -12 -23 28 25 -25 27 -27 -2 -30
right_child=1 2 3 5 6 -7 -8 -9 -10 -11 11 20 -14 15 17 16 19 18 -20 -21 -22 22 -24 24 -26 26 -28 -29 29 -31
leaf_value=-0.022782224430331174 -0.0001921988143892838 0.021731725579136878 0.049914925726984381 0.013989369710642971 -0.0013347431241352411 0.067401048462326904 -0.011424986076673463 -0.011424986076673463 0.050687951030207228 -0.011424986076673463 0.059556666418343646 0.025908353066894565 0.051527341269170059 -0.011424986076673463 -0.011424986076673463 -0.011424986076673463 0.059473976390014227 0.045630355217103534 -0.011424986076673463 0.0060302512038554138 -0.011424986076673463 0.009039234008325665 0.052896236711906519 -0.010683947051891962 -0.011424986076673463 0.016956068617911258 -0.011424986076673463 0.066699254956098658 0.037768334978199931 0.005373899668746511
leaf_weight=105.05849476205185 84953.65243890509 63.254931905306876 46.072680629789829 158.95911362487823 46.802448615431786 53.829899236559868 654.86880998313427 39.573574931360781 62.607124952599406 730.89026805898175 155.53020526189357 76.05943550914526 122.27021647803485 305.76949680037796 145.00926283048466 71.042103358544409 82.534859958104789 104.06048824451864 74.023784569930285 76.152974963653833 324.32428634166718 139.92677656281739 98.300039071589708 803.05517098726705 1104.5192623422481 740.87676815409213 85.046718917787075 88.781446559820324 216.46276023983955 2895.433308435604
leaf_count=11722 523856 399 279 986 317 265 4442 360 477 5035 803 439 679 1879 813 389 553 582 495 611 2000 858 540 4733 6924 4705 492 580 1250 18341
internal_value=-9.34478e-05 -6.77477e-05 -0.00532114 0.0016013 -0.00505888 0.0280029 -0.00832576 0.0137361 0.0288096 -0.011425 3.76369e-05 0.00593198 0.0118359 0.00788478 0.0212859 -0.0100672 0.0135859 -0.00205778 0.0190778 0.034221 -0.011425 0.040354 0.0274258 -7.76054e-05 -0.00515057 0.00405526 0.0169905 0.0224267 8.50837e-05 0.00765006
internal_weight=94624.7 94519.7 1856.86 1062.71 849.925 212.789 803.852 148.983 109.41 794.145 92662.8 1775 1374.62 1252.35 716.851 535.499 229.73 323.094 178.084 158.688 400.384 393.757 238.227 90887.8 2822.28 1717.76 914.705 829.658 88065.5 3111.9
internal_count=595804 584082 12560 7126 5875 1251 5596 1154 794 5434 571522 10641 8202 7523 4091 3432 1553 1890 1077 1164 2439 2201 1398 560881 17434 10510 5777 5285 543447 19591
is_linear=0
shrinkage=0.03


Tree=214
num_leaves=31
num_cat=0
split_feature=17 14 17 14 12 13 16 13 15 11 16 12 14 17 16 13 15 13 17 15 15 13 12 13 15 12 12 17 17 17
split_gain=61.3487 355.304 275.564 267.611 232.651 343.753 306.178 275.66 251.698 218.547 209.216 269.848 194.297 197.821 164.909 154.339 165.069 256.37 251.901 295.131 229.212 242.203 217.172 152.389 196.528 271.777 297.059 207.77 177.285 152.092
threshold=0.021447580998683633 0.02793715020318387 0.020900040852416275 0.028183957248590345 0.22740979059505192 0.088715524689523609 0.086341616380575512 0.11235993877937296 0.22425688727034324 -4.5020641126002365 0.071290866652419849 0.23856031696992727 0.019653356562301116 0.017951894258910365 0.070192098184067866 0.070463318302486325 0.23788178058200218 0.096797082396547593 0.020900040852416275 0.23528890225335528 0.25114812828339184 0.084135837065654764 0.27223233144453551 0.086672869903751865 0.21761887159869794 0.22221885263469629 0.21143895805115162 0.020214626127739926 0.019464878723083012 0.017236706073630492
decision_type=2 2 2 2 2 2 2 2 2 2 2 2 2 2 2 2 2 2 2 2 2 2 2 2 2 2 2 2 2 2
left_child=1 2 12 -3 5 23 10 15 -7 -4 14 -12 13 -1 -6 -8 18 20 19 22 -18 -22 -17 24 28 26 27 -26 -5 -10
right_child=-2 3 9 4 6 8 7 -9 29 -11 11 -13 -14 -15 -16 16 17 -19 -20 -21 21 -23 -24 -25 25 -27 -28 -29 -30 -31
leaf_value=-0.030422605708211852 -0.00029261197869517272 0.052464349395826303 -0.018763341684626834 0.00090893998052740958 0.0079004345881871236 0.024520826997860137 -0.04353723685957591 0.038240596223206372 -0.037666850119739595 0.026517092693401738 -0.014165847208583278 0.04617638968945615 -0.014277234072160248 0.040910970915194404 -0.044097227728537372 -0.031889517499167568 -0.046460695493842505 -0.087032960235238294 0.036152392928066095 0.058845629763933857 -0.02960227792789194 0.049588546533492969 0.022952795746131249 0.057297731474341883 0.037562026925689072 0.058387684501705929 -0.026873892140977355 -0.0041749550741272913 0.060814225511560238 -0.0021522101472468977
leaf_weight=48.18810402834788 88174.758371131495 118.26714590145275 130.78240085742436 59.883238914888352 316.23639253340662 262.20145522477105 146.56688014324754 92.842001375742257 140.69720172695816 346.19210000475869 88.162104207091033 262.23182400828227 1756.0875625335611 115.20118766929954 64.3368851239793 303.67886087764055 111.9090013038367 52.738082138355821 126.76689368998632 45.700254643335938 65.860769582912326 69.424701972398907 80.97030188376084 120.18660859344527 242.33617840195075 102.25179407279938 174.86069781752303 190.81004509748891 171.3353816322051 454.34619024209678
leaf_count=361 555130 696 782 424 2316 1600 950 595 946 2219 627 1661 10879 718 376 1912 594 352 841 321 350 418 593 717 1458 576 1192 1380 964 2885
internal_value=-8.88334e-05 0.00278017 -0.006292 0.0084062 0.00698808 0.014278 -0.000674014 -0.0106932 0.000141207 0.0140751 0.014343 0.0309995 -0.0113624 0.0197592 -0.00107448 -0.015287 -0.0103657 -0.0282291 -0.000682091 -0.0116494 -0.0150857 0.0111666 -0.020286 0.0256711 0.0215208 0.0136283 0.00593412 0.0192413 0.0454402 -0.0106476
internal_weight=94435.8 6261.05 2396.45 3864.6 3746.33 1918.91 1827.42 1096.46 857.245 476.975 730.967 350.394 1919.48 163.389 380.573 1003.62 857.049 299.933 557.116 430.349 247.194 135.285 384.649 1061.66 941.477 710.259 608.007 433.146 231.219 595.043
internal_count=594833 39703 14959 24744 24048 12142 11906 6926 5431 3001 4980 2288 11958 1079 2692 6331 5381 1714 3667 2826 1362 768 2505 6711 5994 4606 4030 2838 1388 3831
is_linear=0
shrinkage=0.03


Tree=215
num_leaves=31
num_cat=0
split_feature=12 15 15 16 16 13 12 17 17 15 16 13 16 12 12 16 13 12 12 17 17 16 17 11 12 17 12 16 16 17
split_gain=60.1494 64.6733 188.91 165.289 157.723 169.505 343.68 179.428 145.726 189.762 226.472 201.262 344.071 180.746 173.833 230.204 271.682 218.622 186.428 173.572 174.882 161.144 160.48 245.888 174.817 160.13 234.646 247.318 181.009 146.478
threshold=0.34356646944828623 0.2754975140169213 0.27452996098736698 0.07214828193572019 0.054407150276939313 0.064685862214177728 0.18247631728715161 0.045756550210542472 0.033697663273308628 0.27710401336772011 0.066633641043182826 0.092719032791146169 0.093505509709606263 0.16752277527482809 0.19077163594780408 0.12518145160673888 0.074260733974363238 0.2807271102694619 0.18868553992820802 0.027866450289627739 0.029719693950646445 0.10547876660360044 0.036134119456207071 -3.7108271317721342 0.25044087757749284 0.038797098986297802 0.20801795358534322 0.10627764522281453 0.076740500188073171 0.021796137765327146
decision_type=2 2 2 2 2 2 2 2 2 2 2 2 2 2 2 2 2 2 2 2 2 2 2 2 2 2 2 2 2 2
left_child=1 2 -1 -4 -3 6 -6 8 9 10 -7 12 -12 -11 18 16 21 -18 19 29 -21 -16 23 -10 25 26 27 -24 -28 -15
right_child=-2 4 3 -5 5 7 -8 -9 22 13 11 -13 -14 14 15 -17 17 -19 -20 20 -22 -23 24 -25 -26 -27 28 -29 -30 -31
leaf_value=8.0507245400676051e-05 0.01490653999273193 0.038113597027127126 0.046536075338031224 0.0045512690283548585 0.021543582332654462 0.0098546651898636425 -0.030219531118931345 -0.040188854342365452 -0.0020531931946141217 0.041625213089744227 -0.037717921398208752 -0.057811111564453226 0.035736734810026517 0.010563325870343377 0.02752480678702993 -0.050306037113721974 -0.00031652691000510098 -0.027609114220705454 -0.049699397893981076 0.040852281550799681 -0.014318713683000894 -0.0081101233887549851 -0.048813789028092892 0.029724593722640528 -0.023514433096801027 0.020822541607360492 0.05568556966189564 0.027253610494636933 -0.013261526063698103 -0.027260217368164162
leaf_weight=84772.386183772935 239.4120493021328 83.365616278722882 144.15512265311554 200.862987161614 150.23292096797377 168.1040992862545 479.72260429384187 105.84756322298199 397.96220549591817 83.4097890695557 182.8641077154316 157.76428805664182 81.405782137066126 118.93288244958967 476.26655857404694 79.348825696855783 4094.6849143258296 280.36728199082427 117.59827676368877 104.57855611341074 98.931968225166202 149.02267431467772 147.99320958228782 485.05179356085137 254.41437766700983 319.33680548332632 67.178208982106298 50.275160045363009 66.680234273895621 393.69013859983534
leaf_count=533396 2098 564 889 1369 792 1072 3100 661 2466 452 1089 1002 461 695 2953 434 25634 1868 809 649 602 910 962 3036 1524 1961 428 304 442 2604
internal_value=-4.90146e-05 -8.72946e-05 0.000170933 0.0222604 -0.0024772 -0.00285686 -0.0178459 -0.00173965 -0.00124428 -0.00330652 -0.0195087 -0.031196 -0.0149925 -0.00170612 -0.00233118 -0.000245111 0.000569086 -0.00207734 -0.01501 -0.00919103 0.0141538 0.0190333 0.00634444 0.0154305 -0.00252679 0.00571634 -0.00884582 -0.0294457 0.0216506 -0.0184779
internal_weight=94551.8 94312.4 85117.4 345.018 9195.03 9111.67 629.956 8481.71 8375.86 6586.97 590.138 422.034 264.27 5996.83 5913.42 5079.69 5000.34 4375.05 833.732 716.134 203.511 625.289 1788.89 883.014 905.878 651.464 332.127 198.268 133.858 512.623
internal_count=595226 593128 535654 2258 57474 56910 3892 53018 52357 41234 3624 2552 1550 37610 37158 31799 31365 27502 5359 4550 1251 3863 11123 5502 5621 4097 2136 1266 870 3299
is_linear=0
shrinkage=0.03


Tree=216
num_leaves=31
num_cat=0
split_feature=8 12 13 15 12 16 15 16 14 12 17 16 12 17 13 14 11 15 12 15 13 14 15 14 16 17 17 12 12 11
split_gain=69.0313 81.3084 69.8567 74.1142 69.8139 202.497 310.44 247.593 290.834 254.159 262.256 243.943 404.341 261.003 286.672 243.939 278.321 233.492 337.383 319.877 279.871 208.157 208.087 277.064 239.009 197.538 191.98 212.824 247.904 217.648
threshold=1.0000000180025095e-35 0.1871950358960853 0.11313314313900645 0.19177274340560094 0.19938557364591061 0.11132124989002323 0.22396457944673256 0.11266201922904384 0.02074704695070019 0.22953020738269511 0.025148183628271561 0.1085400937820685 0.20224927386101257 0.022577903935113008 0.11029479626358729 0.022374249531397303 55.13240442947734 0.24196805290697335 0.20477639044186199 0.24793821455791124 0.069276643326232942 0.034347324894103318 0.19414813704276199 0.030803221073826752 0.1216899253847523 0.033027100291133211 0.035534809193638987 0.20317649242033667 0.23040192593177647 25.940450322664109
decision_type=2 2 2 2 2 2 2 2 2 2 2 2 2 2 2 2 2 2 2 2 2 2 2 2 2 2 2 2 2 2
left_child=4 -2 3 -3 -1 11 7 -7 -9 10 -10 -6 -13 -14 -15 -11 -17 18 -8 -19 21 -21 23 -12 -24 -26 27 -22 29 -29
right_child=1 2 -4 -5 5 6 17 8 9 15 22 12 13 14 -16 16 -18 19 -20 20 26 -23 24 -25 25 -27 -28 28 -30 -31
leaf_value=-0.0017819416087600456 0.025778654881936612 -0.014824376381688924 -0.017153243790570719 0.0086667727171662115 0.00015887954693959185 0.033864369315233588 0.039192692305938991 0.052523574121707731 0.03962822118309571 -0.040918853813985495 0.023370242999909949 0.073991200864708409 -0.035132774017207963 -0.010393752255935583 0.026270529710910817 -0.012268553807846192 0.015114357369501235 0.03114681304183391 -0.014436027503948491 -0.012751436259577876 -0.042553366340910004 -0.085029424526469957 0.031009753682670154 -0.039673789475557178 -0.022992343925006889 0.038902619798146527 -0.014776235282731523 0.010062443181981028 1.5835534571060056e-05 0.043762974965203857
leaf_weight=17833.164539775113 169.97088960930705 134.10563455428928 126.89184468332678 1088.8932376485318 65137.221944653196 405.28367821173742 112.79320068657398 128.82186057418585 327.92602776736021 128.38448303891346 103.21370194293559 49.779221514705569 340.09416261734441 2089.9536135066301 209.40574290044606 636.12603040691465 699.13993794331327 357.2136572659947 1324.3164698809851 106.85819443175569 70.186688675079495 52.661164052784443 415.69033010909334 154.04461572226137 174.27018852159381 61.033990083262324 413.29397544730455 442.7409168924205 954.46264436515048 282.27794045163319
leaf_count=111701 849 728 705 5557 412838 2626 678 908 2042 742 634 338 2193 12873 1262 3980 5091 2002 8310 793 442 300 2701 882 973 354 2572 2705 6096 1598
internal_value=9.19105e-06 0.0063469 0.00386564 0.0060709 -9.45063e-05 0.000305816 0.00503468 0.0119876 0.0088314 0.0067093 0.0167134 -0.000206812 -0.00905794 -0.0106791 -0.00703476 -0.0017513 0.00207019 -0.000430301 -0.0101783 0.0048012 0.000725754 -0.0373695 0.00837106 -0.014395 0.0173842 -0.00674526 0.00356722 0.00791211 0.0100692 0.0232677
internal_weight=94530.2 1519.86 1349.89 1223 93010.4 75177.2 7350.74 3233.93 2828.65 2699.83 1236.18 67826.5 2689.23 2639.45 2299.36 1463.65 1335.27 4116.8 1437.11 2679.7 2322.48 159.519 908.253 257.258 650.995 235.304 2162.96 1749.67 1679.48 725.019
internal_count=595473 7839 6990 6285 587634 475933 46429 20933 18307 17399 7586 429504 16666 16328 14135 9813 9071 25496 8988 16508 14506 1093 5544 1516 4028 1327 13413 10841 10399 4303
is_linear=0
shrinkage=0.03


Tree=217
num_leaves=31
num_cat=0
split_feature=15 15 14 13 16 15 13 16 14 16 14 16 11 13 13 16 14 14 16 13 13 13 13 13 16 16 14 16 11 14
split_gain=57.0935 177.935 181.937 165.717 140.427 120.294 279.192 233.317 212.789 179.421 157.19 226.592 141.404 113.264 317.108 197.919 180.498 136.508 175.243 206.382 174.703 275.38 155.06 194.38 150.526 149.498 135.384 238.211 129.997 146.788
threshold=0.2754975140169213 0.27452996098736698 0.02682225791729137 0.084028043882921566 0.054407150276939313 0.27710401336772011 0.092719032791146169 0.067995502829571244 0.037413018770038144 0.090380671677284266 0.029774979837501239 0.067995502829571244 31.514866981957883 0.091313655250854289 0.099713204109638645 0.11854904603666992 0.023710304423435236 0.026110068309647311 0.1175473874468453 0.08591333758486254 0.088715524689523609 0.08963387841191145 0.084028043882921566 0.084491827256475277 0.10704945340457536 0.083978782737829313 0.036286379148454097 0.079216874420936514 47.265235762118557 0.035745485826124614
decision_type=2 2 2 2 2 2 2 2 2 2 2 2 2 2 2 2 2 2 2 2 2 2 2 2 2 2 2 2 2 2
left_child=1 -1 -3 -4 -2 6 8 -8 9 10 11 -6 -13 16 26 -16 -7 24 19 22 -21 25 -19 -24 -18 -22 -15 -28 29 -20
right_child=4 2 3 -5 5 13 7 -9 -10 -11 -12 12 -14 14 15 -17 17 18 28 20 21 -23 23 -25 -26 -27 27 -29 -30 -31
leaf_value=0.00010233993866056567 0.035862783813857435 -0.015073182435259375 0.0025402585444272907 0.052973410754066599 -0.056666493498799507 -0.017675660795673415 0.0080339748022693301 -0.056382135527504561 -0.037338364935395704 0.049232427580406503 0.026137997971649219 -0.022598396626803744 0.040766383956468408 0.01838864624551018 -0.0059457984455260418 0.043209174587689268 0.020562461532772809 -0.00072646279529763318 -0.018887488901207578 -0.0310278011288702 -0.00034766793251014198 -0.020754597925710206 0.056958766139159095 0.0053542907930391667 -0.023604726543736378 0.05888111446374155 -0.03340978546748502 0.023863064990487202 0.010974979669749854 -0.072911243382162663
leaf_weight=84885.038307708222 84.001731124240905 88.139756135642529 92.288340064696968 159.82479053316638 77.202654340304434 800.0617963236291 68.233173194807023 188.94542434159666 111.60770640708506 78.442147193476558 119.14352264208719 63.392509179189801 59.638198137283325 1102.3598051792942 2282.3211631020531 74.197218756191432 397.18255559215322 2058.0834420644678 118.91412423923612 355.81758250761777 75.754896203055978 266.71881798421964 96.338012780062854 199.33779771160334 82.323743728455156 75.637500087730587 133.01099409535527 124.76436826214194 57.649421034380794 73.163535257335752
leaf_count=535048 573 739 533 972 439 5041 500 1182 641 438 726 377 304 6794 14406 402 2527 13010 715 2428 465 1703 556 1352 490 439 871 711 340 458
internal_value=-5.32955e-05 0.000189383 0.021777 0.0346772 -0.00229502 -0.00265347 -0.0140123 -0.0393615 -0.00111111 0.00918835 -0.000892058 -0.017075 0.00827797 -0.00161048 0.00229446 -0.00436278 -0.00472658 -0.00203271 -0.00416102 -0.00222145 -0.0156394 -0.0024584 0.0022 0.0224379 0.0129131 0.0296257 0.013818 -0.00571918 -0.0282424 -0.0400048
internal_weight=94449.5 85225.3 340.253 252.113 9224.24 9140.24 766.605 257.179 509.427 397.819 319.377 200.233 123.031 8373.64 3716.65 2356.52 4656.98 3856.92 3377.42 3127.69 773.929 418.111 2353.76 295.676 479.506 151.392 1360.14 257.775 249.727 192.078
internal_count=595180 537292 2244 1505 57888 57315 4607 1682 2925 2284 1846 1120 681 52708 23184 14808 29524 24483 21466 19953 5035 2607 14918 1908 3017 904 8376 1582 1513 1173
is_linear=0
shrinkage=0.03


Tree=218
num_leaves=31
num_cat=0
split_feature=1 5 4 2 2 2 4 9 2 9 6 3 5 3 6 9 15 13 21 21 15 18 6 9 16 11 15 12 12 15
split_gain=62.606 132.767 98.6573 94.1483 77.7201 75.034 91.6533 52.2806 48.633 46.9897 43.4353 42.8792 35.9711 32.7044 36.3237 48.1333 34.7891 37.7068 33.3225 32.4957 42.0475 37.0931 50.1392 50.8462 30.8266 60.5932 64.6743 52.9368 93.9933 117.744
threshold=1.0000000180025095e-35 1.0000000180025095e-35 1.0000000180025095e-35 1.5000000000000002 1.5000000000000002 1.0000000180025095e-35 1.0000000180025095e-35 1.5000000000000002 1.0000000180025095e-35 7.5000000000000009 -1.0000000180025095e-35 1.0000000180025095e-35 1.0000000180025095e-35 1.0000000180025095e-35 -1.0000000180025095e-35 10.500000000000002 0.23913086926274743 0.058605519976797978 0.24319711802953689 0.24751740957288307 0.17102959293316927 35.500000000000007 1.0000000180025095e-35 5.5000000000000009 0.085444015240009177 101.92822852297662 0.20356018140213045 0.2231771484636608 0.19980707659952937 0.20185149778879355
decision_type=2 2 2 2 2 2 2 2 2 2 2 2 2 2 2 2 2 2 2 2 2 2 2 2 2 2 2 2 2 2
left_child=1 5 8 9 12 6 -1 10 11 -3 -7 -2 -4 14 15 -9 -16 -18 -19 24 -21 22 -22 -24 25 -10 -27 28 -26 -30
right_child=2 3 4 -5 -6 7 -8 13 19 -11 -12 -13 -14 -15 16 -17 17 18 -20 20 21 -23 23 -25 27 26 -28 -29 29 -31
leaf_value=0.0011812323531385388 -0.00065837145594723086 0.020149411658179125 -0.0047849746396933452 0.0012732391557323799 -0.00038136766428425577 -0.018943620919328167 0.0090776485037653183 -0.0076787597870723659 -0.0021267845590079316 0.008289485245978185 -0.0013182529080380692 -0.0046142115910906886 -0.011079521795410583 0.00094329207078029762 -0.001559518028619644 -0.0017254865814159592 0.022813282430909781 0.0067408649892754862 3.2688485958863098e-05 0.015828009799281131 0.0019005782541666155 -0.00084558552455739398 0.021010871836872141 0.0056357942449770226 -0.0013572789785260614 0.0047489364896811043 0.028753023035327775 -0.0013929137944311601 0.017625469295812858 0.0034268999082546227
leaf_weight=14138.227917737793 12221.204363595927 363.33222886594012 3989.8640516703017 2006.9445311017334 3776.0019046161324 254.26358348643407 1457.5967511443887 1582.0330853459891 6782.5565404705703 1746.270089449361 247.87793327122927 3087.8404233939946 1028.3244367018342 8850.3417145907879 6659.3272131751291 4343.1414074311033 75.077567384112626 869.43132976605557 2833.4292872785591 200.6600642753765 3550.7984350267798 2662.6404062791262 253.68169857584871 791.94137218408287 2578.1063622259535 175.40118980966508 123.81130819534883 4571.1465701847337 658.01356171211228 2589.4982731891796
leaf_count=87884 74397 2976 24131 13588 24062 4277 9155 16305 42587 11075 1032 18850 6723 56938 41864 24663 495 6593 14374 1389 18172 15623 3831 7059 15587 1278 913 29684 4009 15634
internal_value=-1.16313e-05 0.000790783 -0.000754913 0.00592718 -0.00363308 0.000278688 0.00192031 -0.000717008 -0.000125872 0.0103492 -0.0102828 -0.00145676 -0.00607875 -0.000525694 -0.00132028 -0.00319586 -0.000255112 0.00204376 0.00161056 0.000691184 0.00234854 0.00197168 0.00360334 0.00937101 -1.63535e-05 -0.00154265 0.0116247 0.00102338 0.00291919 0.0063129
internal_weight=94468.8 45427.3 49041.5 4116.55 8794.19 41310.7 15595.8 25714.9 40247.3 2109.6 502.142 15309 5018.19 25212.8 16362.4 5925.17 10437.3 3777.94 3702.86 24938.3 7459.72 7259.06 4596.42 1045.62 17478.5 7081.77 299.212 10396.8 5825.62 3247.51
internal_count=595148 291219 303929 27639 54916 263580 97039 166541 249013 14051 5309 93247 30854 161232 104294 40968 63326 21462 20967 155766 46074 44685 29062 10890 109692 44778 2191 64914 35230 19643
is_linear=0
shrinkage=0.03


Tree=219
num_leaves=31
num_cat=0
split_feature=14 15 17 17 17 12 16 16 17 13 11 15 15 15 11 13 12 13 13 15 17 12 14 11 14 14 6 12 13 14
split_gain=66.08 134.605 214.212 201.732 196.665 177.315 106.059 150.66 101.909 129.766 87.1541 86.5642 158.284 206.992 161.056 98.738 82.0292 81.4437 109.426 76.1459 64.4242 455.812 319.58 384.565 294.696 197.311 153.499 128.366 111.655 84.4449
threshold=0.046189505838202333 0.20248517103023309 0.034460705244934053 0.025325789157436603 0.035534809193638987 0.24476379815444169 0.078979392493707626 0.098147531383075012 0.034054430963169881 0.094976145929963868 28.847091765807367 0.21445843775464418 0.22359733666185697 0.23339458810269087 -1.6856354652211392 0.089266260033430078 0.20441115472523869 0.10497676442629804 0.10856419361276574 0.2099393680336529 0.045756550210542472 0.26544145962544713 0.020335900718834416 30.185463005230876 0.030649156330218096 0.028066987951427577 -1.0000000180025095e-35 0.26902340016074028 0.10684441076932306 0.03264037195810051
decision_type=2 2 2 2 2 2 2 2 2 2 2 2 2 2 2 2 2 2 2 2 2 2 2 2 2 2 2 2 2 2
left_child=20 3 8 -2 -4 -5 -6 16 9 11 17 -3 -13 -14 15 -15 -8 -11 -19 -20 -1 22 -22 24 25 -24 -25 -23 -26 -29
right_child=1 2 4 5 6 -7 7 -9 -10 10 -12 12 13 14 -16 -17 -18 18 19 -21 21 27 23 26 28 -27 -28 29 -30 -31
leaf_value=0.00023312941260743357 0.031738233854398688 -0.025017071118524553 0.06749958272319094 -0.043984730671312193 -0.029043286010231074 0.012919641937201565 0.013331889113255372 -0.016691871191316762 -0.038288707874759791 -0.039838910390034975 0.0089929057741640218 0.049113146191120408 -0.052576395178823114 -0.033393207944045655 0.032089408887611248 0.0096114538479663558 0.057785418595086221 -0.0056226001089758459 -0.0056226001089758459 -0.036157670343413287 -0.051848270191907748 -0.073716373519688669 -0.016265988406419993 -0.0010157921736456811 -0.0010157921736456811 -0.062624808455511841 0.02042013106944535 -0.015397912406070729 -0.038040972939865796 -0.050321825733836555
leaf_weight=90309.421209370252 50.904394183773547 66.611053892411292 59.988452458754182 231.79388435883448 53.209161640610546 61.461964939255267 80.53135825227946 76.533034218009561 89.377331535331905 134.98083543777466 112.24358334811404 78.665923246182501 50.365936074405909 81.418245257344097 160.12876865477301 45.673660379834473 70.343919169157743 106.51859159674495 43.049010205082595 194.04990638326854 96.938124197069556 65.774381294846535 210.19920868845657 403.90514628542587 219.39782616076991 136.34553146734834 848.13395965564996 188.38733591744676 85.96121474634856 93.323282074183226
leaf_count=568156 365 460 364 1588 354 534 524 484 514 967 715 458 371 621 1265 298 368 620 325 1649 633 309 1102 2534 1447 787 5644 1261 460 477
internal_value=-6.56376e-06 -0.00562086 -0.00173568 -0.0224877 0.0191199 -0.0320517 0.00837317 0.0173048 -0.00786552 -0.00526656 -0.0146734 0.00625692 0.0113573 0.00232177 0.0122455 -0.0128665 0.0345427 -0.0202381 -0.0123525 -0.0274773 0.00010552 -0.0047979 0.000722792 0.00345101 -0.0152051 -0.0347602 0.0131735 -0.0364093 -0.00101579 -0.0272405
internal_weight=94505.6 1847.85 1503.69 344.16 340.606 293.256 280.617 227.408 1163.08 1073.71 590.842 482.864 416.253 337.587 287.221 127.092 150.875 478.598 343.618 237.099 92657.8 2348.37 2000.88 1903.94 651.904 346.545 1252.04 347.485 305.359 281.711
internal_count=595654 12844 10357 2487 2094 2122 1730 1376 8263 7749 4276 3473 3013 2555 2184 919 892 3561 2594 1974 582810 14654 12607 11974 3796 1889 8178 2047 1907 1738
is_linear=0
shrinkage=0.03


Tree=220
num_leaves=31
num_cat=0
split_feature=14 17 17 16 16 17 16 13 14 17 16 14 16 17 11 15 16 15 17 17 13 17 13 12 17 15 11 14 17 15
split_gain=63.1825 122.97 142.174 203.164 138.249 199.679 106.286 73.5949 65.5161 461.684 323.785 203.64 222.261 248.479 353.724 236.99 348.928 301.442 202.637 209.894 195.845 185.315 199.608 267.094 161.944 164.874 179.225 149.359 149.149 139.043
threshold=0.016764669911191698 0.021279638743144803 0.033298280760419123 0.087079274966759879 0.095502388906850602 0.030073971235038976 0.098147531383075012 0.081322744350254758 0.0199056281967234 0.02492183039035099 0.11633837186092279 0.021116726575332433 0.060098062850884627 0.027211528577991657 4.7311945666260735 0.21445843775464418 0.10627764522281453 0.28641500378615392 0.026166999938011175 0.043810643592892946 0.08751743985862008 0.038385097421095228 0.10616802210531627 0.21757653556864584 0.019464878723083012 0.18450406483106366 34.987776019349674 0.020335900718834416 0.036753405244583093 0.19991517580852033
decision_type=2 2 2 2 2 2 2 2 2 2 2 2 2 2 2 2 2 2 2 2 2 2 2 2 2 2 2 2 2 2
left_child=1 -1 4 -4 5 -3 -6 -8 9 24 18 12 -10 14 -14 16 28 27 -11 21 -16 22 23 -20 -2 -26 -27 -17 -15 -30
right_child=8 2 3 -5 6 -7 7 -9 11 10 -12 -13 13 15 20 17 -18 -19 19 -21 -22 -23 -24 -25 25 26 -28 -29 29 -31
leaf_value=0.046214811591359407 -0.013848198230833431 0.033003301807421052 -0.022850672166930951 0.039505413380312104 -0.058918369839248842 -0.0242440096811487 0.014428653283836258 -0.029518591915324546 -0.036810171518470901 -0.039731411677938054 0.041323745884805065 -0.00024024113700883367 -0.045704566715614549 0.0053843924347884006 0.028123067295200345 0.05236328712869736 0.068382121118556558 -0.021989035364137221 0.025229551666250401 -0.045605520936218696 -0.007346688010127304 0.017622430754367931 -0.033160200003339843 -0.012849669829198251 -0.023477357959039834 0.017818701668144137 0.060526796867100302 0.024468831483371922 0.0095313774449508459 -0.050306583147134085
leaf_weight=69.131168047897518 98.765015214215964 133.98114221356809 62.522862139623612 175.14918458042666 55.26706959027797 90.061485379002988 60.375273304060102 74.678942121099681 89.63670199085027 239.92904190532863 98.098652075044811 88980.249324487522 140.80173932574689 251.02501649735495 233.16503028338775 247.1924610203132 58.023926385678351 99.892127494327724 205.34524437878281 137.54369690362364 345.04682074021548 229.27012630878016 294.97838201001287 825.90951370168477 47.007274340372533 218.51993871340528 149.49251364218071 591.64100907417014 50.185386138036847 109.01785134617239
leaf_count=480 538 889 433 1220 281 602 425 414 537 1490 724 560438 818 1602 1605 1601 351 627 1232 928 2032 1633 1934 5269 312 1383 969 3531 401 661
internal_value=-8.08432e-05 0.00875263 0.00465158 0.023048 -0.00596031 0.00997992 -0.0246335 -0.00994835 -0.000148986 -0.00489481 -0.0113223 -1.64476e-05 0.00896328 0.010926 -0.00341571 0.0182495 0.000806842 0.02693 -0.0140341 -0.0103498 0.0070042 -0.00717781 -0.0114852 -0.00523311 0.0204596 0.0286513 0.0354008 0.0327939 -0.00903661 -0.0315597
internal_weight=94461.9 721.167 652.036 237.672 414.364 224.043 190.321 135.054 93740.7 2544.86 2031.07 91195.9 2215.63 2125.99 719.014 1406.98 468.252 938.726 1932.98 1693.05 578.212 1555.5 1326.23 1031.25 513.785 415.02 368.012 838.833 410.228 159.203
internal_count=595360 4744 4264 1653 2611 1491 1120 839 590616 16412 13210 574204 13766 13229 4455 8774 3015 5759 12486 10996 3637 10068 8435 6501 3202 2664 2352 5132 2664 1062
is_linear=0
shrinkage=0.03


Tree=221
num_leaves=31
num_cat=0
split_feature=6 0 16 15 17 16 11 17 11 16 16 15 13 15 12 13 13 13 13 17 16 15 13 12 16 14 15 15 17 15
split_gain=57.2029 139.036 71.6214 144.848 111.853 192.413 79.2706 66.13 64.4431 63.7704 134.201 201.464 194.546 288.99 390.497 162.972 470.726 214.551 399.313 180.172 155.769 155.443 149.644 142.567 278.849 141.167 139.469 335.119 128.508 126.779
threshold=-2.4999999999999996 8.5000000000000018 0.054407150276939313 0.23563243008612575 0.02658739304935645 0.047906309480878075 -15.721178430402118 0.030397332095748204 -68.910543978746759 0.084912013066054864 0.091113301219882634 0.20072042208499621 0.11978918110970578 0.24037961301583191 0.21104346249751751 0.078532507801734527 0.076441625387136156 0.10187718069533296 0.10817929016388377 0.042917511477994476 0.094048204552910922 0.16419830887524681 0.085422020660599798 0.17311087603922146 0.085946001033674765 0.039910738875756545 0.18744667246754027 0.19236246579957275 0.028183530055002608 0.30986326123429819
decision_type=2 2 2 2 2 2 2 2 2 2 2 2 2 2 2 2 2 2 2 2 2 2 2 2 2 2 2 2 2 2
left_child=1 8 3 4 5 -2 -5 -6 -1 -4 23 15 -13 -14 -15 16 26 19 21 -17 -16 -19 -21 24 -11 -23 -12 -28 -20 -25
right_child=2 -3 9 6 7 -7 -8 -9 -10 10 11 12 13 14 20 17 -18 18 28 22 -22 25 -24 29 -26 -27 27 -29 -30 -31
leaf_value=-0.023645772524921106 0.052586639533368479 -0.018152097735410509 -0.00091478542499750669 0.0079988907633400785 -0.0011869832158929541 -0.0011869832158929541 0.051238229335747801 0.037182497530555615 -0.0011869832158929541 -0.0011869832158929541 -0.0011869832158929541 -0.0011869832158929541 -0.0011869832158929541 -0.0011869832158929541 0.0032400935617815521 -0.0011869832158929541 0.045104543802376093 -0.0011869832158929541 0.018764593164316747 -0.0011869832158929541 0.053048568417127545 0.040918948519593462 0.03918360678014083 0.0023828496254081392 0.035880160332374615 -0.0011869832158929541 0.047179856427518999 0.0021306664669587063 -0.0011869832158929541 0.022873475706300869
leaf_weight=114.28021486615762 94.017630603164434 479.15118695260026 33994.864425369073 63.105457426980138 238.54131960542873 70.220160255208611 97.945626450236887 56.856186277698725 7008.8783463565633 86.630041789263487 723.06362723838538 31151.850874408148 703.64767766976729 155.88811324816197 69.207927277311683 3523.977590536233 320.77647460484877 65.392714668530971 289.2719051046297 73.63336830213666 312.67635909514502 487.00371359614655 181.6337193697691 12130.592005364131 325.54127928614616 69.060330771841109 202.73813395015895 542.92384168691933 563.15716168610379 276.02271459810436
leaf_count=2425 591 18757 189621 388 1274 455 564 375 84763 428 4518 174099 3946 882 425 20522 1905 414 1839 403 1831 2939 1092 69280 1941 351 1419 3176 3218 1617
internal_value=-4.86611e-05 -0.00254371 0.000169743 0.0103076 0.00168226 0.0238818 0.0346015 -0.00118698 -0.00148898 9.65492e-05 0.000754494 -0.000112343 -0.0011122 0.0106858 0.0272133 0.00448561 0.0122994 0.00182016 0.0115815 -0.00118698 0.0440858 0.0298353 0.0241074 0.00342085 0.0207364 0.0352252 0.00508296 0.0144725 -0.00118698 0.00284234
internal_weight=94472.6 7602.31 86870.2 620.686 459.635 164.238 161.051 295.398 7123.16 86249.6 52254.7 39435.9 32393.3 1241.42 537.772 7042.63 1789.5 5253.13 1473.89 3779.24 381.884 621.457 255.267 12818.8 412.171 556.064 1468.73 745.662 852.429 12406.6
internal_count=595458 105945 489513 3647 2695 1046 952 1649 87188 485866 296245 222979 181183 7084 3138 41796 11018 30778 8761 22017 2256 3704 1495 73266 2369 3290 9113 4595 5057 70897
is_linear=0
shrinkage=0.03


Tree=222
num_leaves=31
num_cat=0
split_feature=6 6 12 15 12 12 17 12 11 12 16 12 15 15 16 15 16 12 16 12 15 14 16 17 15 16 17 11 15 12
split_gain=56.1568 55.8655 52.8629 57.8549 226.21 259.802 240.023 192.687 115.171 97.903 86.012 83.3652 249.813 221.396 247.046 254.993 175.837 167 220.176 165.243 234.856 273.446 220.147 210.946 161.753 155.727 152.297 247.14 287.112 151.878
threshold=8.5000000000000018 -8.4999999999999982 0.34356646944828623 0.17102959293316927 0.23393657488491945 0.22033496254261109 0.036045534373684886 0.21143895805115162 31.027748941665894 0.29447341791497578 0.094635534745090663 0.25752731697955794 0.18744667246754027 0.28049780409925712 0.086903555355027903 0.19236246579957275 0.068330014326767621 0.25399841043560312 0.092011768305683764 0.27508481738869722 0.27182718911411924 0.03693197135729781 0.088678553681543856 0.020548542820451914 0.19414813704276199 0.087727886557584095 0.022702505370363304 8.5159193889921898 0.2099393680336529 0.25361002850325792
decision_type=2 2 2 2 2 2 2 2 2 2 2 2 2 2 2 2 2 2 2 2 2 2 2 2 2 2 2 2 2 2
left_child=1 -1 3 4 5 6 -3 -8 9 10 -6 17 16 14 -14 -16 -13 29 24 20 21 23 -23 -17 -19 -21 -27 -28 -29 -5
right_child=-2 2 -4 11 8 -7 7 -9 -10 -11 -12 12 13 -15 15 19 -18 18 -20 25 -22 22 -24 -25 -26 26 27 28 -30 -31
leaf_value=-0.028407613046618652 0.027261997451597225 0.012590292153845491 0.013574680201656118 -1.4378984187114147e-05 0.0042085973590227557 -0.014250705352378669 -0.014250705352378669 0.013574680201656118 0.013574680201656118 -0.014250705352378669 -0.014250705352378669 0.013574680201656118 0.0045363014856802135 -0.01287023826327445 0.013574680201656118 0.013086437424229673 -0.014250705352378669 -0.014250705352378669 0.013574680201656118 -0.014250705352378669 0.013574680201656118 -0.014250705352378669 0.013574680201656118 -0.014250705352378669 0.0039366918368769835 -0.014250705352378669 -0.014250705352378669 -0.0037055929221051402 0.012681139601688839 -0.014250705352378669
leaf_weight=60.759344229241833 65.493051157332957 926.00559224653989 238.81963646621443 71714.194311206229 114.91525091370568 430.16412089625373 219.53952167811804 83.906252844724804 769.74840587796643 60.238124626688659 125.2297626780346 153.24587787687778 6046.1823055492714 1319.2789184986614 188.1246000980027 252.59089923650026 1080.8560537463054 192.96147143980488 1086.307133235503 199.18708977848291 152.75803647609428 57.625462037045509 457.25146132940426 2790.2879154779948 1541.8176308376715 424.42467588093132 467.26259897043929 705.797341322992 2139.5001126714051 330.31574019649997
leaf_count=7224 6318 5857 2085 440089 835 2820 1367 674 5460 344 793 1062 37382 8033 1475 1556 7236 1146 6527 1113 940 313 2966 16820 9483 2606 2620 4487 13556 2227
internal_value=-9.30668e-05 -0.000112637 -9.37977e-05 -0.00012976 0.00417224 -0.00279873 0.00491083 -0.0142507 0.0135747 -0.00515749 0.0042086 -0.000258472 -0.00219316 -0.00113573 -1.87689e-05 -0.00353421 -0.0142507 0.000166276 0.00732392 -0.00459029 -0.00913067 -0.0108617 0.00932932 -0.0142507 0.000239844 -0.000307742 0.00131708 0.00349373 0.00683952 -0.000114196
internal_weight=94394.8 94329.3 94268.5 94029.7 2729.75 1659.62 1229.45 303.446 1070.13 300.383 240.145 91300 16434.4 15200.3 13881 7834.81 1234.1 74865.6 2821.09 7646.69 3710.51 3557.76 514.877 3042.88 1734.78 3936.17 3736.98 3312.56 2845.3 72044.5
internal_count=595414 589096 581872 579787 18150 10718 7898 2041 7432 1972 1628 561637 102165 93867 85834 48452 8298 459472 17156 46977 22595 21655 3279 18376 10629 24382 23269 20663 18043 442316
is_linear=0
shrinkage=0.03


Tree=223
num_leaves=31
num_cat=0
split_feature=16 16 17 13 13 13 17 14 17 14 17 16 13 14 17 15 14 16 15 14 16 13 16 17 13 15 13 17 13 16
split_gain=56.6268 526.253 285.224 281.665 246.116 239.977 219.72 194.389 186.682 263.204 195.14 226.325 185.08 229.134 184.304 214.386 175.565 170.475 323.636 256.878 280.535 258.902 214.874 250.396 193.788 172.398 170.912 227.254 230.803 243.431
threshold=0.098583821318967771 0.09636592536254697 0.02163262813968379 0.096436074544498387 0.083663806194408219 0.097789514270248318 0.022432913688345098 0.036087557309572561 0.032414653485922207 0.025469246048361545 0.036045534373684886 0.09734795892062538 0.066514653836660484 0.027745449309613274 0.031360534798157348 0.24753499162819043 0.031744638243198016 0.095006007092879791 0.1963545370806675 0.032208977876468266 0.095716846762479948 0.12459275354337247 0.095153894113309198 0.02638116988390329 0.10817929016388377 0.28641500378615392 0.098989905815499143 0.017236706073630492 0.09946050466172926 0.086903555355027903
decision_type=2 2 2 2 2 2 2 2 2 2 2 2 2 2 2 2 2 2 2 2 2 2 2 2 2 2 2 2 2 2
left_child=1 17 4 7 -3 -6 -5 12 16 -10 -11 -12 13 -4 15 -9 -8 26 -19 21 -21 22 23 -20 25 -24 -1 -28 29 -29
right_child=-2 2 3 6 5 -7 8 14 9 10 11 -13 -14 -15 -16 -17 -18 18 19 20 -22 -23 24 -25 -26 -27 27 28 -30 -31
leaf_value=0.00071535126741657773 0.0011263836394574758 0.045498330385816424 0.028428115135847729 -0.060337967099779601 -0.027171192889665824 0.039304596533609383 0.027968351913302117 -0.0054713404786094775 -0.043749648676337544 -0.021959259810272334 0.050338101057851005 -0.0092389025232140678 -0.026651812951074494 -0.028679532512309612 -0.025280395327154294 0.045190888675625832 -0.0059472178824496215 0.037519011240400878 -0.033100893647715512 0.035308349190950016 0.0057262483436895323 0.05059113632955875 -0.0011683913039338826 0.040810818245473217 -0.029282093605859465 -0.048590527246160406 -0.036613548450888579 -0.035548669273763947 -0.0019321706135840397 0.022445167078550116
leaf_weight=43199.237777678063 26365.957436440513 139.15798051515594 129.38685750449076 51.77358653396368 146.49074449995533 70.882751453667879 328.19559438340366 244.88348779221997 153.45469213649631 168.73283955780789 112.12709236238152 114.3781600384973 1767.3998264465481 119.90257134055719 211.54724901122972 106.24688670784235 234.20431914320216 269.6049525719136 51.516907300800085 402.26998935220763 1011.2693746327423 81.50150959007442 2185.8803415377624 182.17638195492327 274.45482748141512 69.247547400649637 175.9352234210819 337.96906949998811 15638.005186456488 79.125216790474951
leaf_count=273536 166121 849 748 293 852 501 1943 1557 847 943 650 664 10970 679 1307 603 1495 1780 323 2507 6170 445 13923 1092 1690 399 1130 2133 98976 574
internal_value=-5.39074e-05 -0.000511184 -0.0109294 -0.0133729 0.0146498 -0.00533357 -0.00111158 -0.0188955 0.00175165 -0.0106784 0.00231742 0.020436 -0.0232422 0.000950983 -0.00328961 0.0100274 0.0138736 0.000156787 0.00576668 0.00373969 0.0141828 -0.0014557 -0.00302628 0.0243746 -0.00557494 -0.00266633 -0.000270804 -0.00289524 -0.00252124 -0.0244923
internal_weight=94422.9 68057 4098.76 3742.23 356.531 217.373 1162.87 2579.37 1111.09 548.693 395.238 226.505 2016.69 249.289 562.678 351.13 562.4 63958.2 4527.92 4258.32 1413.54 2844.78 2763.28 233.693 2529.58 2255.13 59430.3 16231 16055.1 417.094
internal_count=595700 429579 24901 22699 2202 1353 6835 15864 6542 3104 2257 1314 12397 1427 3467 2160 3438 404678 28329 26549 8677 17872 17427 1415 16012 14322 376349 102813 101683 2707
is_linear=0
shrinkage=0.03


Tree=224
num_leaves=31
num_cat=0
split_feature=14 17 17 16 16 16 13 16 13 16 17 16 17 16 12 11 15 16 14 17 12 15 16 14 13 12 14 11 13 14
split_gain=67.5232 116.93 123.864 203.741 129.097 178.378 112.109 94.537 69.9834 59.0795 187.427 308.318 258.475 171.123 168.43 226.83 96.548 82.3363 245.231 175.324 180.447 73.3704 355.088 329.973 259.669 406.718 292.473 337.649 215.849 213.375
threshold=0.016764669911191698 0.021279638743144803 0.033298280760419123 0.087079274966759879 0.095502388906850602 0.080600403623333303 0.10187718069533296 0.098147531383075012 0.081322744350254758 0.054407150276939313 0.02658739304935645 0.047906309480878075 0.024729692324827437 0.047906309480878075 0.21538793646965534 31.514866981957883 0.22895650411436227 0.056331779331570728 0.02529097855196839 0.031875518532518889 0.23804223341092137 0.31309737318105751 0.090991435554026265 0.043239114159064437 0.089163072852356792 0.17647723953144479 0.029924107930404838 22.592722256874257 0.068691178444913806 0.034700546112323517
decision_type=2 2 2 2 2 2 2 2 2 2 2 2 2 2 2 2 2 2 2 2 2 2 2 2 2 2 2 2 2 2
left_child=1 -1 4 -4 5 6 -3 -6 -9 10 11 -2 -13 16 -15 -16 -12 18 -11 20 -20 -19 23 24 25 -23 -26 29 -27 -28
right_child=9 2 3 -5 7 -7 -8 8 -10 17 13 12 -14 14 15 -17 -18 21 19 -21 -22 22 -24 -25 26 28 27 -29 -30 -31
leaf_value=0.045444846888401204 0.056465399797722089 0.013468333346249304 -0.02356415035695791 0.038759722388022638 -0.056352975771038774 0.033793007478662457 -0.049506256697531774 0.014862317319398617 -0.028302154102525602 -0.062375408849672298 0.00082300118655833038 0.035577894223949962 -0.053365576182534603 0.053607755565913462 -0.03029280442502021 0.044168088897871882 -0.041303105904013822 -8.1348336029790766e-05 -0.040245852686645718 0.038667313155692599 0.01453840839802896 0.059311616924966427 -0.034861261140602048 -0.047822566012921619 0.044526105462147948 0.026867916676515859 -0.0527470370927502 0.048682100399444359 -0.024223856425058695 0.011880403087331669
leaf_weight=69.546504623256624 149.0428149565123 47.334966560127214 62.931805098894984 174.35937783773988 53.122556579299271 125.80194973945618 51.352549956180155 58.485629092901945 75.127211476210505 74.135190750006586 83.504541656002402 57.17177230771631 56.531689730007201 66.125869535841048 98.261890249093994 56.197966457344592 116.11565867019817 90990.077247126959 116.29708608286455 70.418859737925231 98.249637221451849 70.824555026367307 317.20066261873581 112.81044896878302 248.95254385191947 86.814296209719032 100.43277016934007 80.805478067602962 464.83908530743793 71.458459218963981
leaf_count=488 933 359 428 1222 275 818 307 407 418 502 547 443 407 416 727 408 834 573342 733 524 583 349 2188 918 1456 565 666 488 3113 424
internal_value=-0.000112483 0.00903915 0.00500731 0.0221721 -0.00495673 0.0103404 -0.0196333 -0.0232613 -0.00946746 -0.000182893 0.0085955 0.028368 -0.00880155 -0.00384367 0.0143107 -0.00298301 -0.0238477 -0.000247608 -0.014545 -0.00175371 -0.0152554 -0.000191816 -0.00665097 0.000627888 0.00556637 -0.00737103 0.0215854 -0.00118749 -0.0161155 -0.0249213
internal_weight=94304.3 718.063 648.516 237.291 411.225 224.489 98.6875 186.735 133.613 93586.3 682.952 262.746 113.703 420.206 220.586 154.46 199.62 92903.3 359.101 284.966 214.547 92544.2 1554.14 1236.94 1124.13 622.478 501.649 252.697 551.653 171.891
internal_count=595288 4722 4234 1650 2584 1484 666 1100 825 590566 4715 1783 850 2932 1551 1135 1381 585851 2342 1840 1316 583509 10167 7979 7061 4027 3034 1578 3678 1090
is_linear=0
shrinkage=0.03


end of trees

feature_importances:
score_diff=1170
elo_diff=725
home_sp_k=647
away_sp_hr=540
away_sp_bb=533
away_sp_k=532
home_sp_bb=523
home_sp_hr=448
outs_remaining_home=364
outs_remaining_away=320
inning=235
outs=187
is_top=134
on2=101
on1=81
on3=70
pitcher_k=58
starter_in=21
pitcher_bb=18
abs_score_diff=16
pitcher_hr=11
pitching_team_home=11
extra=3
pitcher_pitches=2

parameters:
[boosting: gbdt]
[objective: binary]
[metric: binary_logloss]
[tree_learner: serial]
[device_type: cpu]
[data_sample_strategy: bagging]
[data: ]
[valid: ]
[num_iterations: 4000]
[learning_rate: 0.03]
[num_leaves: 31]
[num_threads: 0]
[seed: 7]
[deterministic: 0]
[force_col_wise: 0]
[force_row_wise: 0]
[histogram_pool_size: -1]
[max_depth: -1]
[min_data_in_leaf: 300]
[min_sum_hessian_in_leaf: 0.001]
[bagging_fraction: 0.8]
[pos_bagging_fraction: 1]
[neg_bagging_fraction: 1]
[bagging_freq: 1]
[bagging_seed: 17422]
[bagging_by_query: 0]
[feature_fraction: 0.9]
[feature_fraction_bynode: 1]
[feature_fraction_seed: 7040]
[extra_trees: 0]
[extra_seed: 6516]
[early_stopping_round: 0]
[early_stopping_min_delta: 0]
[first_metric_only: 0]
[max_delta_step: 0]
[lambda_l1: 0]
[lambda_l2: 2]
[linear_lambda: 0]
[min_gain_to_split: 0]
[drop_rate: 0.1]
[max_drop: 50]
[skip_drop: 0.5]
[xgboost_dart_mode: 0]
[uniform_drop: 0]
[drop_seed: 15215]
[top_rate: 0.2]
[other_rate: 0.1]
[min_data_per_group: 100]
[max_cat_threshold: 32]
[cat_l2: 10]
[cat_smooth: 10]
[max_cat_to_onehot: 4]
[top_k: 20]
[monotone_constraints: 0,0,0,0,0,0,1,0,0,0,0,1,0,0,0,0,0,0,0,0,0,0,0,0,0,0,0]
[monotone_constraints_method: basic]
[monotone_penalty: 0]
[feature_contri: ]
[forcedsplits_filename: ]
[refit_decay_rate: 0.9]
[cegb_tradeoff: 1]
[cegb_penalty_split: 0]
[cegb_penalty_feature_lazy: ]
[cegb_penalty_feature_coupled: ]
[path_smooth: 0]
[interaction_constraints: ]
[verbosity: -1]
[saved_feature_importance_type: 0]
[use_quantized_grad: 0]
[num_grad_quant_bins: 4]
[quant_train_renew_leaf: 0]
[stochastic_rounding: 1]
[linear_tree: 0]
[max_bin: 255]
[max_bin_by_feature: ]
[min_data_in_bin: 3]
[bin_construct_sample_cnt: 200000]
[data_random_seed: 61]
[is_enable_sparse: 1]
[enable_bundle: 1]
[use_missing: 1]
[zero_as_missing: 0]
[feature_pre_filter: 1]
[pre_partition: 0]
[two_round: 0]
[header: 0]
[label_column: ]
[weight_column: ]
[group_column: ]
[ignore_column: ]
[categorical_feature: ]
[forcedbins_filename: ]
[precise_float_parser: 0]
[parser_config_file: ]
[objective_seed: 15521]
[num_class: 1]
[is_unbalance: 0]
[scale_pos_weight: 1]
[sigmoid: 1]
[boost_from_average: 1]
[reg_sqrt: 0]
[alpha: 0.9]
[fair_c: 1]
[poisson_max_delta_step: 0.7]
[tweedie_variance_power: 1.5]
[lambdarank_truncation_level: 30]
[lambdarank_norm: 1]
[label_gain: ]
[lambdarank_position_bias_regularization: 0]
[eval_at: ]
[multi_error_top_k: 1]
[auc_mu_weights: ]
[num_machines: 1]
[local_listen_port: 12400]
[time_out: 120]
[machine_list_filename: ]
[machines: ]
[gpu_platform_id: -1]
[gpu_device_id: -1]
[gpu_device_id_list: ]
[gpu_use_dp: 0]
[num_gpu: 1]

end of parameters

pandas_categorical:[]
